layout,fleetSize,numTasks,arrivalRate,seed,alloc,mapf,window,period,wBattery,makespan,tasksCompleted,tasksUnfinished,deadlocked,throughput,meanServiceTime,meanWaitTime,meanExecTime,sumOfCosts,moveActions,waitActions,conflicts,depletionEvents,chargeSessions,holdEvents,cbsFallbacks,taskSwaps,epochs,astarCalls,expansions,plannerMs,allocMs,plannerMsPerTick,utilization,finalMeanSoc,audit_ticks,audit_robotTicks,audit_vertexConflicts,audit_swapConflicts,audit_illegalMoves,audit_depletions,audit_maxNoProgress,audit_maxWaitStreak,audit_maxTripWaits,audit_maxTripDelay,audit_maxSlotWait,audit_minSoc,sweep,variant,wallMs
warehouse,16,200,inf,1,hungarian,pp,20,5,1,2111,200,0,0,9.474182851729038,661.21,595.85,65.36,13072,13980,34,0,0,20,0,0,0,0,445,19365,392.1552570000005,0,0.18576753055423995,0.38702036949313123,0.6606608060718385,2111,33776,0,0,0,0,59,2,2,13,1,0.061771570568532164,baselines,warehouse-16-batch/tp,463.23479499999996
warehouse,16,200,inf,2,hungarian,pp,20,5,1,1944,200,0,0,10.2880658436214,642.915,577.205,65.71,13142,14046,30,0,0,20,0,0,0,0,442,17575,354.7081260000006,0,0.1824630277777781,0.42251800411522633,0.6360266031580235,1944,31104,0,0,0,0,62,2,2,7,1,0.06317267570888,baselines,warehouse-16-batch/tp,456.865533
warehouse,16,200,inf,3,hungarian,pp,20,5,1,2408,200,0,0,8.305647840531561,654.745,589.49,65.255,13051,14094,32,0,0,22,0,0,0,0,451,18746,377.3964770000031,0,0.15672611171096473,0.3387406561461794,0.67078495426473,2408,38528,0,0,0,0,54,2,3,13,1,0.06029609631077143,baselines,warehouse-16-batch/tp,480.839801
warehouse,16,200,inf,4,hungarian,pp,20,5,1,1819,200,0,0,10.995052226498077,583.77,523.04,60.73,12146,12896,46,0,0,16,0,0,0,0,439,18251,337.1663249999965,0,0.18535806761956927,0.4173309510720176,0.5853678472949377,1819,29104,0,0,0,0,54,3,3,13,1,0.05587307804340086,baselines,warehouse-16-batch/tp,412.05147000000005
warehouse,16,200,inf,5,hungarian,pp,20,5,1,1925,200,0,0,10.38961038961039,599.665,536.475,63.19,12638,13386,38,0,0,17,0,0,0,0,440,18131,393.9385739999997,0,0.20464341506493489,0.4103246753246753,0.530522914669729,1925,30800,0,0,0,0,50,3,3,5,41,0.06391071024631834,baselines,warehouse-16-batch/tp,468.315857
warehouse,16,200,inf,6,hungarian,pp,20,5,1,1951,200,0,0,10.251153254741158,608.655,546.175,62.48,12496,13294,35,0,0,19,0,0,0,0,444,17815,370.4551579999997,0,0.18987962993336735,0.40030753459764223,0.6336574562555726,1951,31216,0,0,0,0,58,2,2,5,18,0.06399819585774924,baselines,warehouse-16-batch/tp,462.34379700000005
warehouse,16,200,inf,7,hungarian,pp,20,5,1,1878,200,0,0,10.649627263045794,602.61,543.36,59.25,11850,12802,19,0,0,19,0,0,0,0,446,16521,389.5331010000003,0,0.20741911661341866,0.39436900958466453,0.6520507509017555,1878,30048,0,0,0,0,50,1,2,7,48,0.05356863005553869,baselines,warehouse-16-batch/tp,504.54861999999997
warehouse,16,200,inf,8,hungarian,pp,20,5,1,1612,200,0,0,12.40694789081886,609.745,545.27,64.475,12895,13594,28,0,0,19,0,0,0,0,439,20465,378.7447290000005,0,0.23495330583126584,0.4999612282878412,0.6312712900739057,1612,25792,0,0,0,0,36,2,3,5,20,0.061727327525629594,baselines,warehouse-16-batch/tp,478.64562900000004
warehouse,16,200,inf,9,hungarian,pp,20,5,1,1734,200,0,0,11.534025374855824,589.295,527.27,62.025,12405,13058,25,0,0,17,0,0,0,0,437,17218,369.40011600000264,0,0.21303351557093578,0.44712370242214533,0.6453753084833082,1734,27744,0,0,0,0,54,2,4,7,1,0.05912712652292157,baselines,warehouse-16-batch/tp,469.296243
warehouse,16,200,inf,10,hungarian,pp,20,5,1,1874,200,0,0,10.672358591248665,608.72,544.985,63.735,12747,13538,20,0,0,18,0,0,0,0,443,17859,364.8668640000001,0,0.19469950053361798,0.4251267342582711,0.625349982609537,1874,29984,0,0,0,0,56,2,2,11,40,0.06358064374718903,baselines,warehouse-16-batch/tp,454.751373
warehouse,16,200,inf,11,hungarian,pp,20,5,1,1815,200,0,0,11.019283746556473,599.775,536.745,63.03,12606,13460,37,0,0,18,0,0,0,0,443,18368,245.5019340000017,0,0.13526277355371996,0.4340909090909091,0.660790343173971,1815,29040,0,0,0,0,62,2,2,19,16,0.06986829189956276,baselines,warehouse-16-batch/tp,287.231441
warehouse,16,200,inf,12,hungarian,pp,20,5,1,1943,200,0,0,10.29336078229542,638.91,573.425,65.485,13097,13987,28,0,0,20,0,0,0,0,446,20373,235.91252399999883,0,0.12141663612969573,0.4212879567678847,0.69867594807073,1943,31088,0,0,0,0,60,2,3,20,10,0.06684140172397451,baselines,warehouse-16-batch/tp,287.43680499999994
warehouse,16,200,inf,13,hungarian,pp,20,5,1,1784,200,0,0,11.210762331838565,582.66,522.65,60.01,12002,12985,21,0,0,20,0,0,0,0,447,16440,188.91414499999723,0,0.10589357903587289,0.42047365470852016,0.6545234507257524,1784,28544,0,0,0,0,62,2,2,13,47,0.06955873349291558,baselines,warehouse-16-batch/tp,227.57892200000003
warehouse,16,200,inf,14,hungarian,pp,20,5,1,2019,200,0,0,9.905894006934126,609.635,546.945,62.69,12538,13554,29,0,0,21,0,0,0,0,447,18162,231.3223589999975,0,0.11457273848439697,0.3881253095591877,0.6685688667992342,2019,32304,0,0,0,0,52,3,3,5,1,0.05820438346584461,baselines,warehouse-16-batch/tp,285.7566539999999
warehouse,16,200,inf,15,hungarian,pp,20,5,1,1827,200,0,0,10.946907498631637,640.445,575.205,65.24,13048,14010,20,0,0,22,0,0,0,0,448,18069,235.7380530000005,0,0.12903013300492638,0.446360153256705,0.6823991536888452,1827,29232,0,0,0,0,35,2,2,5,36,0.07572001284286606,baselines,warehouse-16-batch/tp,280.51268200000004
warehouse,16,200,inf,16,hungarian,pp,20,5,1,1828,200,0,0,10.940919037199125,574.395,514.195,60.2,12040,12817,22,0,0,19,0,0,0,0,444,16795,222.74742700000274,0,0.12185307822757262,0.41165207877461707,0.6859632017642437,1828,29248,0,0,0,0,44,2,2,9,38,0.0774820142092188,baselines,warehouse-16-batch/tp,270.914308
warehouse,16,200,inf,17,hungarian,pp,20,5,1,1645,200,0,0,12.158054711246201,606.085,542.91,63.175,12635,13509,20,0,0,19,0,0,0,0,444,18756,233.91076399999906,0,0.14219499331306934,0.4800531914893617,0.6462728026482878,1645,26320,0,0,0,0,27,2,2,17,29,0.07509502743669855,baselines,warehouse-16-batch/tp,281.080963
warehouse,16,200,inf,18,hungarian,pp,20,5,1,1976,200,0,0,10.121457489878543,627.045,562.515,64.53,12906,13781,44,0,0,19,0,0,0,0,443,21694,235.4039210000043,0,0.11913153896761351,0.40821103238866396,0.5872201615281722,1976,31616,0,0,0,0,60,5,5,21,33,0.061090396606177544,baselines,warehouse-16-batch/tp,283.1124659999999
warehouse,16,200,inf,19,hungarian,pp,20,5,1,2253,200,0,0,8.87705281846427,638.995,575.67,63.325,12665,13565,31,0,0,21,0,0,0,0,445,17405,247.86501400000213,0,0.11001554105637024,0.35133710608078117,0.6228141637009367,2253,36048,0,0,0,0,57,2,2,6,42,0.0678383698264286,baselines,warehouse-16-batch/tp,306.99987699999986
warehouse,16,200,inf,20,hungarian,pp,20,5,1,2139,200,0,0,9.350163627863488,657.785,590.985,66.8,13360,14302,55,0,0,20,0,0,0,0,447,22679,248.0179939999996,0,0.11595044132772304,0.3903693314633006,0.6105620613740981,2139,34224,0,0,0,0,56,5,9,21,4,0.05976231748965835,baselines,warehouse-16-batch/tp,309.030764
warehouse,16,200,inf,21,hungarian,pp,20,5,1,1760,200,0,0,11.363636363636363,582.52,520.82,61.7,12340,13170,29,0,0,17,0,0,0,0,442,17148,199.32065300000147,0,0.11325037102272811,0.4382102272727273,0.575079543909587,1760,28160,0,0,0,0,40,2,2,5,42,0.053441963937692794,baselines,warehouse-16-batch/tp,226.07231400000012
warehouse,16,200,inf,22,hungarian,pp,20,5,1,2157,200,0,0,9.272137227630969,608.4,547.185,61.215,12243,13134,34,0,0,21,0,0,0,0,449,18819,216.586651000012,0,0.10041105748725639,0.3547461752433936,0.6786289204684443,2157,34512,0,0,0,0,51,2,3,4,21,0.054166115493701594,baselines,warehouse-16-batch/tp,247.39969699999995
warehouse,16,200,inf,23,hungarian,pp,20,5,1,2092,200,0,0,9.560229445506693,614.25,551.62,62.63,12526,13411,28,0,0,20,0,0,0,0,446,18385,209.37811400000146,0,0.10008514053537354,0.3742232313575526,0.6135421400786609,2092,33472,0,0,0,0,60,2,2,5,25,0.04985602032505604,baselines,warehouse-16-batch/tp,234.60711300000003
warehouse,16,200,inf,24,hungarian,pp,20,5,1,2265,200,0,0,8.830022075055188,629.965,565.58,64.385,12877,13894,30,0,0,20,0,0,0,0,447,17930,228.56345300000976,0,0.10091101677704625,0.35532560706401767,0.6033746626110539,2265,36240,0,0,0,0,60,3,5,14,1,0.05906355716270112,baselines,warehouse-16-batch/tp,260.11156400000004
warehouse,16,200,inf,25,hungarian,pp,20,5,1,2157,200,0,0,9.272137227630969,641.37,576.95,64.42,12884,13865,35,0,0,21,0,0,0,0,447,18170,233.32774699999663,0,0.10817234445989644,0.3733194251274919,0.6249873275847064,2157,34512,0,0,0,0,64,2,2,10,35,0.06179128187244637,baselines,warehouse-16-batch/tp,258.96448899999996
warehouse,16,200,inf,26,hungarian,pp,20,5,1,1786,200,0,0,11.198208286674133,608.635,544.14,64.495,12899,13602,54,0,0,16,0,0,0,0,440,21744,206.52294999999503,0,0.1156343505039166,0.4513927771556551,0.5854779459543576,1786,28576,0,0,0,0,53,4,9,18,20,0.07093515603040196,baselines,warehouse-16-batch/tp,235.04180799999995
warehouse,16,200,inf,27,hungarian,pp,20,5,1,1727,200,0,0,11.580775911986104,593.82,532.655,61.165,12233,13177,32,0,0,21,0,0,0,0,445,18469,196.55250999998952,0,0.11381152866241431,0.44271134916039373,0.6035303846971983,1727,27632,0,0,0,0,52,3,5,14,2,0.07710533857067209,baselines,warehouse-16-batch/tp,225.73668500000008
warehouse,16,200,inf,28,hungarian,pp,20,5,1,1497,200,0,0,13.360053440213761,553.835,493.23,60.605,12121,12752,32,0,0,16,0,0,0,0,439,16727,204.01258300000177,0,0.13628095056780345,0.5060537742150969,0.6236454702639255,1497,23952,0,0,0,0,31,2,3,5,36,0.0662005874097481,baselines,warehouse-16-batch/tp,228.70715699999982
warehouse,16,200,inf,29,hungarian,pp,20,5,1,2005,200,0,0,9.975062344139651,634.345,570.24,64.105,12821,13824,30,0,0,22,0,0,0,0,447,19006,228.7718550000045,0,0.11410067581047606,0.3996571072319202,0.7234683044564879,2005,32080,0,0,0,0,57,3,3,11,52,0.05370180407614533,baselines,warehouse-16-batch/tp,260.469509
warehouse,16,200,inf,30,hungarian,pp,20,5,1,1901,200,0,0,10.520778537611783,613.06,550.24,62.82,12564,13310,30,0,0,19,0,0,0,0,442,17622,199.93488899999716,0,0.10517353445554821,0.41307206733298263,0.7362317453597861,1901,30416,0,0,0,0,50,3,4,11,1,0.07662563294732044,baselines,warehouse-16-batch/tp,226.2855239999999
warehouse,16,200,inf,1,hungarian,pp,20,5,1,1697,200,0,0,11.785503830288745,594.13,537.95,56.18,11236,15507,40,0,0,18,0,0,198,0,22442,854406,2318.801813999992,0,1.36641238302887,0.41381850324101355,0.4906358060718283,1697,27152,0,0,0,0,56,2,2,7,38,0.06861943030059614,baselines,warehouse-16-batch/tpts,2379.3515390000002
warehouse,16,200,inf,2,hungarian,pp,20,5,1,1664,200,0,0,12.01923076923077,584,526.88,57.12,11424,15361,43,0,0,16,0,0,209,0,24023,897433,2515.0439440000064,0,1.5114446778846191,0.42908653846153844,0.455976603158016,1664,26624,0,0,0,0,40,2,2,4,44,0.0790439735060599,baselines,warehouse-16-batch/tpts,2574.2986279999996
warehouse,16,200,inf,3,hungarian,pp,20,5,1,2024,200,0,0,9.881422924901186,595.55,539.295,56.255,11251,15761,37,0,0,23,0,0,174,0,24912,881618,2446.886093000008,0,1.2089358166996087,0.34742465415019763,0.6158099542647191,2024,32384,0,0,0,0,54,2,4,6,50,0.08265812590700103,baselines,warehouse-16-batch/tpts,2503.780105
warehouse,16,200,inf,4,hungarian,pp,20,5,1,1516,200,0,0,13.192612137203167,540.2,486.065,54.135,10827,14369,36,0,0,17,0,0,146,0,23328,862840,2311.4941310000017,0,1.5247322763852253,0.44636378627968337,0.6100178472949285,1516,24256,0,0,0,0,43,2,3,4,47,0.07453753278442177,baselines,warehouse-16-batch/tpts,2365.4842949999997
warehouse,16,200,inf,5,hungarian,pp,20,5,1,1640,200,0,0,12.195121951219512,552.53,497.865,54.665,10933,14735,58,0,0,17,0,0,185,0,22482,749504,2150.110776999995,0,1.311043156707314,0.4166539634146341,0.549647914669721,1640,26240,0,0,0,0,33,2,4,7,55,0.05785112284328878,baselines,warehouse-16-batch/tpts,2205.697085
warehouse,16,200,inf,6,hungarian,pp,20,5,1,1595,200,0,0,12.539184952978056,552.405,498.78,53.625,10725,14978,45,0,0,19,0,0,180,0,21296,699919,1947.4565570000043,0,1.2209758978056453,0.4202586206896552,0.5725574562555624,1595,25520,0,0,0,0,53,2,3,4,54,0.08567330558989278,baselines,warehouse-16-batch/tpts,2000.2499259999997
warehouse,16,200,inf,7,hungarian,pp,20,5,1,1654,200,0,0,12.091898428053204,551.255,500.24,51.015,10203,14680,38,0,0,19,0,0,181,0,25368,819354,2315.7446149999996,0,1.4000874334945583,0.3855426239419589,0.5649257509017481,1654,26464,0,0,0,0,56,2,2,4,49,0.08906280197445912,baselines,warehouse-16-batch/tpts,2369.869842
warehouse,16,200,inf,8,hungarian,pp,20,5,1,1420,200,0,0,14.084507042253522,567.215,510.81,56.405,11281,14966,36,0,0,16,0,0,177,0,20645,708893,1976.353406999999,0,1.3917981739436611,0.4965228873239437,0.4944712900738999,1420,22720,0,0,0,0,39,2,2,7,36,0.074691957028028,baselines,warehouse-16-batch/tpts,2027.105628
warehouse,16,200,inf,9,hungarian,pp,20,5,1,1543,200,0,0,12.961762799740765,545.745,490.815,54.93,10986,14660,31,0,0,16,0,0,165,0,22405,745561,2082.169314999997,0,1.3494292384964335,0.44499351911860013,0.5446503084833018,1543,24688,0,0,0,0,54,2,2,3,46,0.079108362323422,baselines,warehouse-16-batch/tpts,2132.028227
warehouse,16,200,inf,10,hungarian,pp,20,5,1,1629,200,0,0,12.277470841006753,560.93,505.2,55.73,11146,14950,29,0,0,17,0,0,175,0,20477,702050,2007.7354479999967,0,1.2324956709637795,0.42763965623081646,0.5384249826095292,1629,26064,0,0,0,0,56,3,3,7,61,0.08498669048436291,baselines,warehouse-16-batch/tpts,2065.0722559999995
warehouse,16,200,inf,11,hungarian,pp,20,5,1,1555,200,0,0,12.861736334405144,548.815,494.32,54.495,10899,14804,43,0,0,17,0,0,170,0,22416,798453,2214.5946850000087,0,1.4241766463022565,0.43806270096463024,0.5796153431739639,1555,24880,0,0,0,0,62,2,3,6,105,0.07418834805600732,baselines,warehouse-16-batch/tpts,2265.6069869999997
warehouse,16,200,inf,12,hungarian,pp,20,5,1,1616,200,0,0,12.376237623762377,574.01,518.11,55.9,11180,15427,38,0,0,18,0,0,186,0,21627,792851,2081.3970749999903,0,1.287993239480192,0.43239480198019803,0.5633759480707214,1616,25856,0,0,0,0,44,2,3,8,57,0.07543575967997679,baselines,warehouse-16-batch/tpts,2132.407441
warehouse,16,200,inf,13,hungarian,pp,20,5,1,1523,200,0,0,13.131976362442547,540.695,488.16,52.535,10507,14447,25,0,0,18,0,0,169,0,22439,761862,2081.8453569999783,0,1.3669372009192242,0.4311802363755745,0.5325484507257443,1523,24368,0,0,0,0,62,2,2,3,33,0.09829907788616288,baselines,warehouse-16-batch/tpts,2131.0864810000003
warehouse,16,200,inf,14,hungarian,pp,20,5,1,1769,200,0,0,11.305822498586773,559.85,504.78,55.07,11014,15002,33,0,0,20,0,0,175,0,22166,805423,2185.9439659999857,0,1.2356947235726319,0.3891322781232335,0.49601886679922613,1769,28304,0,0,0,0,55,2,3,4,47,0.0820043834658381,baselines,warehouse-16-batch/tpts,2232.265469
warehouse,16,200,inf,15,hungarian,pp,20,5,1,1539,200,0,0,12.99545159194282,582.095,526.465,55.63,11126,15364,41,0,0,17,0,0,206,0,21851,826639,2289.9929079999815,0,1.4879745990903064,0.4518356075373619,0.4421991536888379,1539,24624,0,0,0,0,55,2,2,4,49,0.06278169105761494,baselines,warehouse-16-batch/tpts,2339.1150810000004
warehouse,16,200,inf,16,hungarian,pp,20,5,1,1600,200,0,0,12.5,527.755,475.29,52.465,10493,14030,24,0,0,17,0,0,173,0,23559,743343,2088.8333539999862,0,1.3055208462499914,0.4098828125,0.5691882017642377,1600,25600,0,0,0,0,54,2,2,4,39,0.0961366895334802,baselines,warehouse-16-batch/tpts,2139.4107759999997
warehouse,16,200,inf,17,hungarian,pp,20,5,1,1463,200,0,0,13.67053998632946,563.14,507.725,55.415,11083,14788,41,0,0,16,0,0,173,0,22268,810320,2113.6673830000113,0,1.4447487238551,0.4734706083390294,0.49587280264828226,1463,23408,0,0,0,0,32,2,5,7,45,0.0744777882732493,baselines,warehouse-16-batch/tpts,2162.864636
warehouse,16,200,inf,18,hungarian,pp,20,5,1,1699,200,0,0,11.771630370806356,579.34,523.22,56.12,11224,14890,30,0,0,16,0,0,185,0,24848,914695,2404.7877070000127,0,1.4154136003531563,0.41288993525603296,0.43832016152816455,1699,27184,0,0,0,0,60,2,2,4,87,0.08853800807111667,baselines,warehouse-16-batch/tpts,2452.9632669999996
warehouse,16,200,inf,19,hungarian,pp,20,5,1,1861,200,0,0,10.746910263299302,581.065,526.46,54.605,10921,15088,29,0,0,18,0,0,180,0,27602,1006779,2765.72122599999,0,1.486147891456201,0.3667718968296615,0.5210641637009263,1861,29776,0,0,0,0,54,2,2,7,52,0.07824937465284626,baselines,warehouse-16-batch/tpts,2824.557391
warehouse,16,200,inf,20,hungarian,pp,20,5,1,1852,200,0,0,10.799136069114471,597.15,539.9,57.25,11450,15726,50,0,0,18,0,0,206,0,21683,833889,2324.62941400002,0,1.2551994676026026,0.38640658747300216,0.4797620613740906,1852,29632,0,0,0,0,56,3,8,18,41,0.07631301764156997,baselines,warehouse-16-batch/tpts,2369.300888
warehouse,16,200,inf,21,hungarian,pp,20,5,1,1480,200,0,0,13.513513513513514,529.435,475.475,53.96,10792,14072,35,0,0,16,0,0,175,0,21566,729569,1972.1083220000264,0,1.3325056229729908,0.4557432432432432,0.5521795439095798,1480,23680,0,0,0,0,59,2,2,5,36,0.07263947566263818,baselines,warehouse-16-batch/tpts,2019.0043989999995
warehouse,16,200,inf,22,hungarian,pp,20,5,1,1787,200,0,0,11.19194180190263,562.895,509.3,53.595,10719,14275,32,0,0,18,0,0,187,0,26855,884351,2402.3678740000096,0,1.344358071628433,0.37489507554560714,0.48302892046843604,1787,28592,0,0,0,0,50,2,3,5,70,0.07850393728856409,baselines,warehouse-16-batch/tpts,2456.1872240000002
warehouse,16,200,inf,23,hungarian,pp,20,5,1,1744,200,0,0,11.46788990825688,559.855,505.835,54.02,10804,14885,40,0,0,18,0,0,179,0,22465,767591,2038.294212000018,0,1.1687466811926708,0.38718463302752293,0.5109671400786512,1744,27904,0,0,0,0,60,2,3,7,10,0.08731993424128959,baselines,warehouse-16-batch/tpts,2089.2595810000003
warehouse,16,200,inf,24,hungarian,pp,20,5,1,1870,200,0,0,10.695187165775401,572.425,516.24,56.185,11237,15078,26,0,0,21,0,0,179,0,24583,855984,2307.1560410000066,0,1.2337732839572229,0.3755681818181818,0.589374662611043,1870,29920,0,0,0,0,60,2,2,7,53,0.10095529488381019,baselines,warehouse-16-batch/tpts,2363.3102750000007
warehouse,16,200,inf,25,hungarian,pp,20,5,1,1844,200,0,0,10.845986984815617,591.975,536.185,55.79,11158,15082,29,0,0,17,0,0,176,0,25169,869701,2480.964847999985,0,1.3454256225596448,0.3781860086767896,0.44343732758469845,1844,29504,0,0,0,0,64,2,3,3,52,0.08213549488317629,baselines,warehouse-16-batch/tpts,2543.917952999999
warehouse,16,200,inf,26,hungarian,pp,20,5,1,1548,200,0,0,12.919896640826874,557.605,501.2,56.405,11281,14977,34,0,0,16,0,0,170,0,22369,790478,2094.358142,0,1.3529445361757106,0.4554667312661499,0.5526279459543505,1548,24768,0,0,0,0,55,3,3,11,51,0.05736475540288194,baselines,warehouse-16-batch/tpts,2145.501623
warehouse,16,200,inf,27,hungarian,pp,20,5,1,1486,200,0,0,13.458950201884253,555.235,502.295,52.94,10588,14453,27,0,0,18,0,0,178,0,23357,777333,2317.4592779999984,0,1.5595284508748308,0.4453230148048452,0.456305384697192,1486,23776,0,0,0,0,30,2,3,7,73,0.06403296561204397,baselines,warehouse-16-batch/tpts,2373.6522400000003
warehouse,16,200,inf,28,hungarian,pp,20,5,1,1348,200,0,0,14.836795252225519,511.445,457.1,54.345,10869,13928,40,0,0,16,0,0,157,0,20496,691799,1869.1611459999967,0,1.386618060830858,0.5039410237388724,0.6154454702639206,1348,21568,0,0,0,0,33,2,3,7,35,0.08945061079208502,baselines,warehouse-16-batch/tpts,1918.6072029999996
warehouse,16,200,inf,29,hungarian,pp,20,5,1,1681,200,0,0,11.89767995240928,577.015,521.675,55.34,11068,15059,33,0,0,19,0,0,171,0,26168,931626,2588.948684999995,0,1.5401241433670403,0.41151100535395596,0.5032433044564798,1681,26896,0,0,0,0,57,3,4,12,64,0.08107080401909181,baselines,warehouse-16-batch/tpts,2655.635926
warehouse,16,200,inf,30,hungarian,pp,20,5,1,1639,200,0,0,12.202562538133009,564.3,509.42,54.88,10976,14606,37,0,0,16,0,0,162,0,25607,859066,2465.381010000012,0,1.5041982977425332,0.4185478950579622,0.5600317453597791,1639,26224,0,0,0,0,60,2,3,11,61,0.08013414051030307,baselines,warehouse-16-batch/tpts,2526.315283
warehouse,16,200,inf,1,hungarian,pp,20,5,1,1132,200,0,0,17.6678445229682,506.905,439.265,67.64,13528,13827,110,0,0,16,0,0,0,366,5008,231356,404.9280379999973,23.719376000013654,0.35771028091872553,0.7469081272084805,0.6720358060718186,1132,18112,0,0,0,0,17,8,17,39,54,0.055951751479506706,baselines,warehouse-16-batch/hungarian,434.9445089999999
warehouse,16,200,inf,2,hungarian,pp,20,5,1,1164,200,0,0,17.18213058419244,508.975,441.18,67.795,13559,13986,93,0,0,16,0,0,0,372,5108,243907,446.81233500000326,26.643512000005103,0.3838593943298997,0.7280390893470791,0.6585266031580069,1164,18624,0,0,0,0,23,6,10,39,77,0.04766020471509594,baselines,warehouse-16-batch/hungarian,486.93719299999975
warehouse,16,200,inf,3,hungarian,pp,20,5,1,1230,200,0,0,16.260162601626018,499.19,431.21,67.98,13596,14172,114,0,0,16,0,0,0,396,5473,266833,479.5948860000026,28.220690999997714,0.38991454146341675,0.6908536585365853,0.6135599542647054,1230,19680,0,0,0,0,29,7,16,43,1,0.050564019314759096,baselines,warehouse-16-batch/hungarian,511.7979489999998
warehouse,16,200,inf,4,hungarian,pp,20,5,1,1093,200,0,0,18.298261665141812,464.04,400.07,63.97,12794,13066,143,0,0,16,3,0,0,366,5020,290489,558.1238560000102,29.7180139999964,0.5106348179323057,0.7315873741994511,0.7301928472949216,1093,17488,0,0,0,0,28,6,10,40,13,0.06619862137902574,baselines,warehouse-16-batch/hungarian,595.7858239999996
warehouse,16,200,inf,5,hungarian,pp,20,5,1,1106,200,0,0,18.083182640144667,474.3,409.88,64.42,12884,13201,132,0,0,16,1,0,0,362,4949,234056,454.35589799998525,28.281857000001764,0.41081003435803365,0.7280741410488246,0.7107229146697116,1106,17696,0,0,0,0,18,9,22,43,84,0.0512107501100752,baselines,warehouse-16-batch/hungarian,497.10435300000063
warehouse,16,200,inf,6,hungarian,pp,20,5,1,1122,200,0,0,17.825311942959,482.325,417.99,64.335,12867,13206,109,0,0,16,1,0,0,371,5063,248876,529.3773799999799,62.523073000001204,0.47181584670229937,0.7167446524064172,0.6485074562555556,1122,17952,0,0,0,0,19,7,10,43,1,0.08189793711025423,baselines,warehouse-16-batch/hungarian,579.5599680000005
warehouse,16,200,inf,7,hungarian,pp,20,5,1,1085,200,0,0,18.433179723502302,453.97,392.87,61.1,12220,12858,104,0,0,16,1,0,0,355,4862,221019,478.18861500000367,31.192750000021988,0.44072683410138586,0.7039170506912442,0.6853257509017388,1085,17360,0,0,0,0,19,4,8,33,1,0.058362592958473236,baselines,warehouse-16-batch/hungarian,528.1330010000001
warehouse,16,200,inf,8,hungarian,pp,20,5,1,1102,200,0,0,18.148820326678766,504.23,437.995,66.235,13247,13481,119,0,0,16,1,0,0,363,4976,235174,456.5201080000161,26.716253999978107,0.41426507078041386,0.75130444646098,0.6352462900738951,1102,17632,0,0,0,0,15,10,19,41,51,0.04686903233472331,baselines,warehouse-16-batch/hungarian,488.16520000000037
warehouse,16,200,inf,9,hungarian,pp,20,5,1,1101,200,0,0,18.165304268846505,481.37,415.6,65.77,13154,13175,138,0,0,16,0,0,0,358,4911,275210,529.1063210000066,35.4222589999863,0.4805688655767544,0.7467075386012716,0.7154253084832941,1101,17616,0,0,0,0,16,8,14,40,35,0.06832712652292228,baselines,warehouse-16-batch/hungarian,570.9200930000006
warehouse,16,200,inf,10,hungarian,pp,20,5,1,1110,200,0,0,18.01801801801802,496.195,429.865,66.33,13266,13519,75,0,0,16,0,0,0,368,5048,241179,485.8249469999846,30.318615000016507,0.43768013243241854,0.7469594594594594,0.6737999826095205,1110,17760,0,0,0,0,16,3,7,28,11,0.06986341595854667,baselines,warehouse-16-batch/hungarian,532.7882799999988
warehouse,16,200,inf,11,hungarian,pp,20,5,1,1157,200,0,0,17.28608470181504,474.38,408.005,66.375,13275,13504,122,0,0,16,0,0,0,372,5142,270697,497.6231740000039,31.391634000015983,0.4300978167675056,0.7171024200518582,0.7076403431739569,1157,18512,0,0,0,0,35,6,11,52,134,0.024173204117268553,baselines,warehouse-16-batch/hungarian,531.3193510000001
warehouse,16,200,inf,12,hungarian,pp,20,5,1,1195,200,0,0,16.736401673640167,489.805,421.975,67.83,13566,13953,135,0,0,16,1,0,0,380,5268,281570,536.7332580000384,36.25063900000532,0.44914916987450915,0.7095188284518829,0.6455509480707144,1195,19120,0,0,0,0,28,11,17,39,4,0.05806039218493092,baselines,warehouse-16-batch/hungarian,577.3897320000015
warehouse,16,200,inf,13,hungarian,pp,20,5,1,1065,200,0,0,18.779342723004696,479.325,416.785,62.54,12508,12750,124,0,0,16,0,0,0,351,4759,242200,461.9625820000074,28.511323999988235,0.4337676826291149,0.734037558685446,0.6608984507257373,1065,17040,0,0,0,0,17,8,19,38,14,0.049283425989374435,baselines,warehouse-16-batch/hungarian,496.0112270000009
warehouse,16,200,inf,14,hungarian,pp,20,5,1,1203,200,0,0,16.62510390689942,489.81,424.73,65.08,13016,13612,133,0,0,16,0,0,0,389,5387,252715,473.7956800000211,35.83226399999876,0.39384512053202086,0.6762261014131339,0.6140438667992169,1203,19248,0,0,0,0,40,9,16,61,34,0.09048298047781081,baselines,warehouse-16-batch/hungarian,513.1189329999997
warehouse,16,200,inf,15,hungarian,pp,20,5,1,1196,200,0,0,16.722408026755854,516.165,449.065,67.1,13420,13917,174,0,0,16,2,0,0,384,5279,255040,532.4590770000068,31.29329600001074,0.4451998971571963,0.7012959866220736,0.5795741536888324,1196,19136,0,0,0,0,37,17,24,47,156,0.07152001284286386,baselines,warehouse-16-batch/hungarian,569.2222380000003
warehouse,16,200,inf,16,hungarian,pp,20,5,1,1109,200,0,0,18.034265103697024,442.13,380.32,61.81,12362,12828,127,0,0,16,1,0,0,357,4899,231374,463.20715400000154,20.463325999999142,0.41768003065825204,0.6966862037871957,0.7037632017642289,1109,17744,0,0,0,0,26,11,20,40,8,0.06364235390555173,baselines,warehouse-16-batch/hungarian,495.2429350000002
warehouse,16,200,inf,17,hungarian,pp,20,5,1,1111,200,0,0,18.001800180018,482.38,417.27,65.11,13022,13345,84,0,0,16,0,0,0,355,4876,212391,390.2143920000399,38.121065999992425,0.35122807560759667,0.7325607560756076,0.6640978026482766,1111,17776,0,0,0,0,21,6,10,36,1,0.049975148023666094,baselines,warehouse-16-batch/hungarian,423.82659500000045
warehouse,16,200,inf,18,hungarian,pp,20,5,1,1136,200,0,0,17.6056338028169,490.155,424.545,65.61,13122,13599,88,0,0,16,0,0,0,361,4966,222383,431.26694100001623,40.877366000007896,0.3796363917253664,0.7219410211267606,0.6609701615281539,1136,18176,0,0,0,0,20,3,7,27,110,0.036836808522977105,baselines,warehouse-16-batch/hungarian,466.53723100000025
warehouse,16,200,inf,19,hungarian,pp,20,5,1,1227,200,0,0,16.299918500407497,482.105,417.645,64.46,12892,13620,114,0,0,16,0,0,0,375,5213,225095,511.72432500001014,27.78630999998859,0.41705323960881024,0.6566829665851671,0.6543141637009144,1227,19632,0,0,0,0,24,8,14,43,107,0.04805820478424436,baselines,warehouse-16-batch/hungarian,551.4053090000016
warehouse,16,200,inf,20,hungarian,pp,20,5,1,1202,200,0,0,16.638935108153078,513.69,445.405,68.285,13657,14200,119,0,0,16,0,0,0,373,5166,240950,420.9764259999938,19.863118000019313,0.35022997171380515,0.7101185524126455,0.6178120613740786,1202,19232,0,0,0,0,32,7,14,37,114,0.05060343785043797,baselines,warehouse-16-batch/hungarian,450.65246000000116
warehouse,16,200,inf,21,hungarian,pp,20,5,1,1068,200,0,0,18.726591760299627,465.19,401.745,63.445,12689,12926,95,0,0,16,1,0,0,353,4826,214518,399.1356539999924,26.6671919999917,0.373722522471903,0.7425678838951311,0.722754543909572,1068,17088,0,0,0,0,18,6,11,37,63,0.043554503759182996,baselines,warehouse-16-batch/hungarian,430.03325499999846
warehouse,16,200,inf,22,hungarian,pp,20,5,1,1085,200,0,0,18.433179723502302,475.15,412.335,62.815,12563,12806,157,0,0,16,0,0,0,357,4907,275524,495.3483240000205,27.81955500001095,0.4565422341014014,0.7236751152073733,0.6608039204684227,1085,17360,0,0,0,0,18,12,24,33,46,0.0836918579073635,baselines,warehouse-16-batch/hungarian,536.731538
warehouse,16,200,inf,23,hungarian,pp,20,5,1,1105,200,0,0,18.099547511312217,476.025,412.58,63.445,12689,13198,87,0,0,16,0,0,0,364,4998,200872,420.98752200001036,24.279904999990322,0.3809841828054392,0.7177036199095023,0.6584421400786401,1105,17680,0,0,0,0,31,2,7,31,3,0.05252911634762014,baselines,warehouse-16-batch/hungarian,466.6505190000007
warehouse,16,200,inf,24,hungarian,pp,20,5,1,1215,200,0,0,16.46090534979424,500.62,433.48,67.14,13428,13673,156,0,0,16,1,0,0,375,5188,239796,427.0799779999852,14.251470000004701,0.35150615473249813,0.6907407407407408,0.6300746626110323,1215,19440,0,0,0,0,43,11,20,42,38,0.0818778139047332,baselines,warehouse-16-batch/hungarian,473.5182129999994
warehouse,16,200,inf,25,hungarian,pp,20,5,1,1143,200,0,0,17.497812773403325,507.625,441.335,66.29,13258,13582,169,0,0,16,3,0,0,376,5191,264764,566.334572000047,34.65140000001338,0.4954808153981164,0.7249562554680665,0.627762327584685,1143,18288,0,0,0,0,18,15,21,47,57,0.08404942799676285,baselines,warehouse-16-batch/hungarian,607.5323250000001
warehouse,16,200,inf,26,hungarian,pp,20,5,1,1164,200,0,0,17.18213058419244,486.445,419.67,66.775,13355,13742,128,0,0,16,0,0,0,365,5049,263405,503.38017200000286,35.41347099999257,0.432457192439865,0.7170854810996563,0.7175029459543436,1164,18624,0,0,0,0,48,10,19,47,80,0.05138122773394033,baselines,warehouse-16-batch/hungarian,553.6463600000006
warehouse,16,200,inf,27,hungarian,pp,20,5,1,1101,200,0,0,18.165304268846505,501.88,437.645,64.235,12847,13086,113,0,0,16,1,0,0,366,4986,261308,457.37930099999176,23.77975000002698,0.415421708446859,0.7292801998183469,0.6084803846971854,1101,17616,0,0,0,0,21,5,8,65,54,0.052416681272722754,baselines,warehouse-16-batch/hungarian,488.5576869999986
warehouse,16,200,inf,28,hungarian,pp,20,5,1,1053,200,0,0,18.99335232668566,473.38,408.61,64.77,12954,12697,126,0,0,16,1,0,0,347,4793,259878,451.8769500000035,29.548301000013453,0.4291329059829093,0.7688746438746439,0.7093454702639158,1053,16848,0,0,0,0,20,11,20,42,2,0.06156982572320874,baselines,warehouse-16-batch/hungarian,482.13690000000133
warehouse,16,200,inf,29,hungarian,pp,20,5,1,1130,200,0,0,17.699115044247787,513.955,448.125,65.83,13166,13611,94,0,0,16,0,0,0,371,5107,230077,428.9846040000175,33.7320889999919,0.3796323929203695,0.72820796460177,0.6166183044564701,1130,18080,0,0,0,0,17,7,9,39,45,0.05619163800254473,baselines,warehouse-16-batch/hungarian,468.6038119999994
warehouse,16,200,inf,30,hungarian,pp,20,5,1,1093,200,0,0,18.298261665141812,470.385,404.545,65.84,13168,13276,129,0,0,16,0,0,0,365,5043,259944,411.0025860000078,18.0312910000157,0.37603164318390464,0.7529734675205856,0.7402817453597692,1093,17488,0,0,0,0,21,7,13,53,77,0.03857863014359042,baselines,warehouse-16-batch/hungarian,447.83743999999933
warehouse,16,200,inf,1,pact,pp,20,5,1,1152,200,0,0,17.36111111111111,512.935,444.715,68.22,13644,13940,159,0,0,16,2,0,0,371,6266,294082,486.6217210000068,82.72031300001072,0.42241468836806145,0.740234375,0.650035806071819,1152,18432,0,0,0,0,31,7,13,48,5,0.07341943030059417,baselines,warehouse-16-batch/pact,516.3637129999988
warehouse,16,200,inf,2,pact,pp,20,5,1,1166,200,0,0,17.152658662092623,503.565,435.84,67.725,13545,13931,102,0,0,16,0,0,0,378,6409,268947,458.2404960000149,89.25284700001066,0.3930021406518138,0.7260398799313894,0.6657516031580072,1166,18656,0,0,0,0,31,6,10,40,46,0.04901586185023232,baselines,warehouse-16-batch/pact,487.6634980000017
warehouse,16,200,inf,3,pact,pp,20,5,1,1150,200,0,0,17.391304347826086,497.845,429.22,68.625,13725,14023,116,0,0,16,1,0,0,373,6303,279816,509.0394989999968,94.4671390000276,0.44264304260869286,0.7459239130434783,0.6262849542647039,1150,18400,0,0,0,0,17,7,13,43,1,0.05490028329752403,baselines,warehouse-16-batch/pact,543.4411419999997
warehouse,16,200,inf,4,pact,pp,20,5,1,1085,200,0,0,18.433179723502302,460.02,396.35,63.67,12734,12944,137,0,0,16,1,0,0,358,6109,300002,516.138093000005,88.32515599998078,0.47570331152074197,0.7335253456221198,0.6891428472949217,1085,17360,0,0,0,0,27,6,10,40,1,0.05893096032366271,baselines,warehouse-16-batch/pact,546.1851839999999
warehouse,16,200,inf,5,pact,pp,20,5,1,1100,200,0,0,18.181818181818183,478.155,413.77,64.385,12877,13309,134,0,0,16,0,0,0,364,6160,276739,492.18577599999844,81.20752699997684,0.4474416145454531,0.7316477272727273,0.6967729146697114,1100,17600,0,0,0,0,15,14,23,43,66,0.06570640628654617,baselines,warehouse-16-batch/pact,526.4067729999988
warehouse,16,200,inf,6,pact,pp,20,5,1,1109,200,0,0,18.034265103697024,484.125,419.885,64.24,12848,13145,108,0,0,16,2,0,0,364,6161,271716,484.3008710000122,85.83503199999177,0.4367005148782797,0.7240757439134355,0.6541574562555554,1109,17744,0,0,0,0,27,3,9,45,1,0.06008135046903068,baselines,warehouse-16-batch/pact,515.8795180000016
warehouse,16,200,inf,7,pact,pp,20,5,1,1104,200,0,0,18.115942028985508,459.49,398.08,61.41,12282,12900,148,0,0,16,2,0,0,365,6208,277549,453.1006110000071,82.6180249999943,0.4104172201087021,0.6953125,0.6778007509017391,1104,17664,0,0,0,0,23,6,20,33,29,0.05937929670754899,baselines,warehouse-16-batch/pact,481.344106999999
warehouse,16,200,inf,8,pact,pp,20,5,1,1091,200,0,0,18.331805682859763,507.87,440.67,67.2,13440,13423,124,0,0,16,2,0,0,354,6033,271243,490.9742309999947,90.75527500000499,0.4500222098991702,0.76993583868011,0.637096290073895,1091,17456,0,0,0,0,29,5,13,40,27,0.04157989041283791,baselines,warehouse-16-batch/pact,532.0885880000005
warehouse,16,200,inf,9,pact,pp,20,5,1,1070,200,0,0,18.69158878504673,472.41,407.04,65.37,13074,13039,99,0,0,16,0,0,0,353,6084,262629,482.8918870000289,82.6780019999951,0.4513008289719896,0.7636682242990654,0.691700308483294,1070,17120,0,0,0,0,20,10,19,41,1,0.05592712652292228,baselines,warehouse-16-batch/pact,517.7344700000012
warehouse,16,200,inf,10,pact,pp,20,5,1,1115,200,0,0,17.937219730941703,491.6,425.385,66.215,13243,13435,99,0,0,16,1,0,0,370,6300,267351,497.94280899998193,87.58264799999961,0.4465854789237506,0.7423206278026906,0.6701749826095206,1115,17840,0,0,0,0,29,3,6,49,1,0.07983557417336917,baselines,warehouse-16-batch/pact,528.5753920000006
warehouse,16,200,inf,11,pact,pp,20,5,1,1132,200,0,0,17.6678445229682,469.38,403.93,65.45,13090,13404,124,0,0,16,0,0,0,360,6137,285647,479.5875209999849,92.23385799998687,0.42366388780917397,0.7227252650176679,0.7082153431739563,1132,18112,0,0,0,0,17,8,14,32,121,0.05585928206164406,baselines,warehouse-16-batch/pact,509.13730100000066
warehouse,16,200,inf,12,pact,pp,20,5,1,1147,200,0,0,17.436791630340018,489.235,421.215,68.02,13604,13965,122,0,0,16,1,0,0,374,6341,291552,512.2032650000037,92.43450399998619,0.4465590802092448,0.74128160418483,0.6529259480707136,1147,18352,0,0,0,0,23,4,9,44,67,0.05360189652014544,baselines,warehouse-16-batch/pact,542.3770060000006
warehouse,16,200,inf,13,pact,pp,20,5,1,1088,200,0,0,18.38235294117647,478.27,416.385,61.885,12377,12801,87,0,0,16,0,0,0,357,5991,239785,434.13761899998826,75.53924899998674,0.3990235468749892,0.7109949448529411,0.6465984507257377,1088,17408,0,0,0,0,39,6,12,31,24,0.07920372547712215,baselines,warehouse-16-batch/pact,472.2380259999991
warehouse,16,200,inf,14,pact,pp,20,5,1,1189,200,0,0,16.82085786375105,487.455,422.395,65.06,13012,13632,141,0,0,16,0,0,0,376,6416,284562,476.26272000003337,76.01724700000705,0.40055737594620133,0.6839781328847772,0.6174688667992164,1189,19024,0,0,0,0,38,9,17,56,31,0.07634178130421881,baselines,warehouse-16-batch/pact,507.20021799999995
warehouse,16,200,inf,15,pact,pp,20,5,1,1175,200,0,0,17.02127659574468,502.445,437.015,65.43,13086,13814,115,0,0,16,0,0,0,383,6443,256455,504.61083899999903,100.93161899998995,0.42945603319148856,0.696063829787234,0.6100491536888318,1175,18800,0,0,0,0,28,7,12,32,186,0.04546761689819387,baselines,warehouse-16-batch/pact,534.1908750000002
warehouse,16,200,inf,16,pact,pp,20,5,1,1101,200,0,0,18.165304268846505,447.085,384.6,62.485,12497,12872,127,0,0,16,1,0,0,354,6036,272339,499.4128180000371,72.70688099999279,0.45359928973663677,0.7094118982742961,0.6927632017642287,1101,17616,0,0,0,0,22,6,10,43,1,0.07796094457544395,baselines,warehouse-16-batch/pact,533.4050540000007
warehouse,16,200,inf,17,pact,pp,20,5,1,1099,200,0,0,18.198362147406733,482.09,417.23,64.86,12972,13271,91,0,0,16,0,0,0,345,5956,238109,443.18177300000025,89.08559699999569,0.4032591201091904,0.7377161055505005,0.6672728026482764,1099,17584,0,0,0,0,24,6,10,36,1,0.052877788273246,baselines,warehouse-16-batch/pact,473.11389600000075
warehouse,16,200,inf,18,pact,pp,20,5,1,1143,200,0,0,17.497812773403325,499.715,434.385,65.33,13066,13571,84,0,0,16,0,0,0,363,6126,253010,430.1261310000082,82.80728799999633,0.3763133254593247,0.7144575678040245,0.6395201615281542,1143,18288,0,0,0,0,29,3,7,38,149,0.07266032684780688,baselines,warehouse-16-batch/pact,459.8900940000003
warehouse,16,200,inf,19,pact,pp,20,5,1,1199,200,0,0,16.680567139282736,484.24,419.515,64.725,12945,13553,129,0,0,16,0,0,0,391,6629,280503,467.55843000001187,87.37417499996263,0.38995698915764127,0.674781067556297,0.6541641637009142,1199,19184,0,0,0,0,25,8,18,43,29,0.06723853770494453,baselines,warehouse-16-batch/pact,497.62188100000094
warehouse,16,200,inf,20,pact,pp,20,5,1,1203,200,0,0,16.62510390689942,514.81,446.815,67.995,13599,14158,121,0,0,16,0,0,0,378,6434,271341,495.3335129999632,77.93339999999262,0.4117485561096951,0.7065149625935162,0.6213370613740786,1203,19248,0,0,0,0,30,7,15,37,52,0.061901670215279314,baselines,warehouse-16-batch/pact,527.0465820000009
warehouse,16,200,inf,21,pact,pp,20,5,1,1095,200,0,0,18.264840182648403,464.93,401.32,63.61,12722,13035,103,0,0,16,1,0,0,352,5951,248570,458.9981970000117,88.03911000000517,0.4191764356164491,0.7261415525114155,0.703129543909572,1095,17520,0,0,0,0,29,5,7,38,149,0.06789994773455052,baselines,warehouse-16-batch/pact,490.9880269999994
warehouse,16,200,inf,22,pact,pp,20,5,1,1132,200,0,0,17.6678445229682,476.835,413.68,63.155,12631,13036,147,0,0,16,0,0,0,380,6382,320975,513.0201989999896,79.25641399999586,0.453198055653701,0.6973829505300353,0.6386039204684233,1132,18112,0,0,0,0,42,8,14,39,64,0.03869185790736385,baselines,warehouse-16-batch/pact,544.3243430000002
warehouse,16,200,inf,23,pact,pp,20,5,1,1096,200,0,0,18.248175182481752,490.56,425.375,65.185,13037,13242,116,0,0,16,0,0,0,363,6183,272956,467.1801789999754,81.11786999999822,0.4262592874087367,0.7434420620437956,0.6486171400786399,1096,17536,0,0,0,0,25,6,9,40,1,0.08942046400960568,baselines,warehouse-16-batch/pact,496.6069559999996
warehouse,16,200,inf,24,pact,pp,20,5,1,1185,200,0,0,16.877637130801688,498.36,432.37,65.99,13198,13692,90,0,0,16,0,0,0,388,6582,275949,489.94992799998727,92.3043329999764,0.4134598548523099,0.6960970464135021,0.6380496626110316,1185,18960,0,0,0,0,22,4,8,38,45,0.06373879010789124,baselines,warehouse-16-batch/pact,520.6774340000011
warehouse,16,200,inf,25,pact,pp,20,5,1,1185,200,0,0,16.877637130801688,503.59,438.05,65.54,13108,13622,150,0,0,16,0,0,0,382,6511,269729,458.6275079999905,72.5595829999711,0.38702743291138436,0.6913502109704641,0.626462327584686,1185,18960,0,0,0,0,19,11,16,34,79,0.06924506019838178,baselines,warehouse-16-batch/pact,487.44785299999967
warehouse,16,200,inf,26,pact,pp,20,5,1,1103,200,0,0,18.13236627379873,480.9,414.42,66.48,13296,13548,104,0,0,16,0,0,0,366,6238,283187,422.6368230000062,67.52536300000065,0.3831702837715378,0.7533998186763372,0.7000779459543428,1103,17648,0,0,0,0,15,6,9,50,82,0.0835422867899765,baselines,warehouse-16-batch/pact,448.868074
warehouse,16,200,inf,27,pact,pp,20,5,1,1084,200,0,0,18.45018450184502,496.985,432.83,64.155,12831,13002,97,0,0,16,1,0,0,351,5947,262020,466.4693569999854,74.05577999998968,0.4303222850553371,0.739794741697417,0.6134803846971852,1084,17344,0,0,0,0,28,7,13,52,49,0.06418924372773627,baselines,warehouse-16-batch/pact,494.8295369999996
warehouse,16,200,inf,28,pact,pp,20,5,1,1062,200,0,0,18.832391713747647,467.675,403.415,64.26,12852,12825,111,0,0,16,2,0,0,359,6105,311168,497.41214699996635,73.158443000013,0.4683730197739796,0.7563559322033898,0.7177204702639157,1062,16992,0,0,0,0,25,2,5,41,4,0.06698743798825915,baselines,warehouse-16-batch/pact,525.5817819999993
warehouse,16,200,inf,29,pact,pp,20,5,1,1180,200,0,0,16.949152542372882,516.13,450.355,65.775,13155,13759,125,0,0,16,0,0,0,386,6534,269292,426.5988360000192,64.97522699999718,0.36152443728815187,0.6967690677966102,0.586868304456471,1180,18880,0,0,0,0,48,7,16,39,78,0.07277776392661059,baselines,warehouse-16-batch/pact,453.90401699999893
warehouse,16,200,inf,30,pact,pp,20,5,1,1133,200,0,0,17.6522506619594,474.73,408.125,66.605,13321,13360,150,0,0,16,0,0,0,366,6216,310949,493.7833129999635,84.21764600002825,0.4358193406884056,0.7348300970873787,0.7274317453597698,1133,18128,0,0,0,0,21,16,21,35,172,0.06285481395833259,baselines,warehouse-16-batch/pact,520.739880000001
warehouse,16,200,inf,1,hungarian,pp,20,5,1,1809,200,0,0,11.055831951354339,705.615,648.35,57.265,11453,15814,20,0,0,16,0,0,0,511,7430,97490,252.29402299999492,15.35306699998182,0.13946601603095352,0.3956951354339414,0.4249358060718307,1809,28944,0,0,0,0,56,2,2,30,35,0.06653697029408118,baselines,warehouse-16-batch/hungarian-dock1,285.96229499999936
warehouse,16,200,inf,2,hungarian,pp,20,5,1,1669,200,0,0,11.983223487118035,698.275,641.96,56.315,11263,15812,29,0,0,16,0,0,0,484,6967,103084,263.32382500001586,20.091185999997833,0.15777341222289745,0.4217720191731576,0.45972660315801533,1669,26704,0,0,0,0,36,2,2,25,72,0.06599445286188463,baselines,warehouse-16-batch/hungarian-dock1,293.5454300000001
warehouse,16,200,inf,3,hungarian,pp,20,5,1,2047,200,0,0,9.770395701025892,677.35,621.75,55.6,11120,15718,24,0,0,20,0,0,0,563,8115,96616,274.34564899996803,21.379955999998856,0.1340232774792223,0.33952125061064975,0.44500995426471973,2047,32752,0,0,0,0,52,2,3,25,68,0.07190361227784486,baselines,warehouse-16-batch/hungarian-dock1,319.2942779999994
warehouse,16,200,inf,4,hungarian,pp,20,5,1,1518,200,0,0,13.175230566534914,629.36,576.185,53.175,10635,14622,25,0,0,16,0,0,0,455,6433,93930,244.75680599999214,18.621419999992213,0.16123636758892762,0.4378705533596838,0.5387928472949287,1518,24288,0,0,0,0,46,2,2,26,49,0.09881809855625134,baselines,warehouse-16-batch/hungarian-dock1,278.87672399999974
warehouse,16,200,inf,5,hungarian,pp,20,5,1,1649,200,0,0,12.12856276531231,664.525,610.32,54.205,10841,14860,19,0,0,16,0,0,0,488,6939,102855,286.8358180000232,28.06959899996582,0.173945311097649,0.4108929654335961,0.4999979146697211,1649,26384,0,0,0,0,48,1,2,29,86,0.055300704014865226,baselines,warehouse-16-batch/hungarian-dock1,324.78055999999924
warehouse,16,200,inf,6,hungarian,pp,20,5,1,1634,200,0,0,12.239902080783354,654.435,601.17,53.265,10653,15176,25,0,0,17,0,0,0,481,6857,100152,271.7636989999828,20.913103000002593,0.16631805324356352,0.40747399020807834,0.48238245625556386,1634,26144,0,0,0,0,58,3,3,27,5,0.0664979371102552,baselines,warehouse-16-batch/hungarian-dock1,311.8316900000009
warehouse,16,200,inf,7,hungarian,pp,20,5,1,1604,200,0,0,12.468827930174564,644.655,593.445,51.21,10242,14775,23,0,0,17,0,0,0,474,6765,91426,246.0375920000224,18.54338900001858,0.15339001995013865,0.39908042394014964,0.5126507509017473,1604,25664,0,0,0,0,31,2,3,25,32,0.07152263426613276,baselines,warehouse-16-batch/hungarian-dock1,275.9239800000014
warehouse,16,200,inf,8,hungarian,pp,20,5,1,1442,200,0,0,13.869625520110956,652.635,598.555,54.08,10816,15433,34,0,0,16,0,0,0,439,6163,101620,268.5595669999766,14.877319999992324,0.18624103120664118,0.46879334257975036,0.4754962900738995,1442,23072,0,0,0,0,37,3,3,21,152,0.06790883299466241,baselines,warehouse-16-batch/hungarian-dock1,301.4732960000001
warehouse,16,200,inf,9,hungarian,pp,20,5,1,1502,200,0,0,13.315579227696405,638.435,584.895,53.54,10708,14950,22,0,0,16,0,0,0,452,6439,97514,257.30416199999854,19.64334799997232,0.17130769773635057,0.44557256990679095,0.5464753084833006,1502,24032,0,0,0,0,54,2,2,30,38,0.0618308270895879,baselines,warehouse-16-batch/hungarian-dock1,289.53397699999914
warehouse,16,200,inf,10,hungarian,pp,20,5,1,1653,200,0,0,12.099213551119178,671.43,614.745,56.685,11337,15370,29,0,0,16,1,0,0,483,6926,101106,260.78210000001854,19.002922999994553,0.15776291591047703,0.4286524500907441,0.47069998260952944,1653,26448,0,0,0,0,56,2,2,32,4,0.0866591538852095,baselines,warehouse-16-batch/hungarian-dock1,289.10971600000084
warehouse,16,200,inf,11,hungarian,pp,20,5,1,1514,200,0,0,13.21003963011889,642.685,589.3,53.385,10677,15124,28,0,0,16,0,0,0,456,6450,96682,239.34277699996528,13.011370999995052,0.15808637846761248,0.4407612285336856,0.5363903431739623,1514,24224,0,0,0,0,44,2,2,35,133,0.03800705719032177,baselines,warehouse-16-batch/hungarian-dock1,269.32025299999987
warehouse,16,200,inf,12,hungarian,pp,20,5,1,1608,200,0,0,12.437810945273633,660.4,603.865,56.535,11307,15721,28,0,0,16,0,0,0,477,6830,105027,243.19380000000092,16.50045500003398,0.1512399253731349,0.439482276119403,0.45765094807072115,1608,25728,0,0,0,0,25,2,2,29,5,0.05463135868925931,baselines,warehouse-16-batch/hungarian-dock1,274.69733300000007
warehouse,16,200,inf,13,hungarian,pp,20,5,1,1472,200,0,0,13.58695652173913,632.84,579.675,53.165,10633,14642,24,0,0,16,0,0,0,437,6183,95946,234.96338999998807,12.945622999977786,0.15962186820651364,0.451469089673913,0.4774234507257434,1472,23552,0,0,0,0,61,1,2,37,4,0.04035873349290636,baselines,warehouse-16-batch/hungarian-dock1,262.87134499999956
warehouse,16,200,inf,14,hungarian,pp,20,5,1,1777,200,0,0,11.254924029262803,674.22,618.77,55.45,11090,15297,31,0,0,18,0,0,0,506,7213,109646,257.9933159999873,14.658970000013142,0.14518475858187244,0.390053460889139,0.49396886679922686,1777,28432,0,0,0,0,50,2,3,36,37,0.06774178130422398,baselines,warehouse-16-batch/hungarian-dock1,291.63044699999955
warehouse,16,200,inf,15,hungarian,pp,20,5,1,1581,200,0,0,12.65022137887413,687.595,631.495,56.1,11220,15500,14,0,0,16,0,0,0,470,6721,101492,252.32046800000717,20.1067560000065,0.15959548893106082,0.4435483870967742,0.4201741536888389,1581,25296,0,0,0,0,34,1,2,40,63,0.06588404522482666,baselines,warehouse-16-batch/hungarian-dock1,281.09045200000037
warehouse,16,200,inf,16,hungarian,pp,20,5,1,1589,200,0,0,12.586532410320956,615.315,563,52.315,10463,14100,25,0,0,16,0,0,0,464,6647,93537,202.2830550000126,12.603352999987692,0.12730211139081976,0.41154027690371303,0.5243382017642377,1589,25424,0,0,0,0,41,1,2,26,3,0.09076415973343066,baselines,warehouse-16-batch/hungarian-dock1,226.30967799999962
warehouse,16,200,inf,17,hungarian,pp,20,5,1,1472,200,0,0,13.58695652173913,638.475,584.45,54.025,10805,15116,28,0,0,16,0,0,0,437,6211,90864,223.0098980000148,15.283790000019508,0.15150128940218396,0.45877207880434784,0.49034780264828187,1472,23552,0,0,0,0,44,1,2,28,42,0.0722747717537035,baselines,warehouse-16-batch/hungarian-dock1,250.36962500000118
warehouse,16,200,inf,18,hungarian,pp,20,5,1,1695,200,0,0,11.799410029498524,674.035,618.195,55.84,11168,15666,16,0,0,16,0,0,0,485,6980,100537,237.62155100000382,13.734607000016695,0.14018970560472202,0.41179941002949855,0.4152701615281635,1695,27120,0,0,0,0,37,2,2,16,108,0.034514896175451865,baselines,warehouse-16-batch/hungarian-dock1,265.1625100000001
warehouse,16,200,inf,19,hungarian,pp,20,5,1,1832,200,0,0,10.91703056768559,679.195,624.95,54.245,10849,15383,22,0,0,18,0,0,0,522,7554,99674,259.6405869999762,16.040807999981553,0.1417252112445285,0.3701214519650655,0.4643391637009255,1832,29312,0,0,0,0,53,2,2,27,28,0.08043836982642222,baselines,warehouse-16-batch/hungarian-dock1,292.19842400000016
warehouse,16,200,inf,20,hungarian,pp,20,5,1,1950,200,0,0,10.256410256410257,719.97,662.12,57.85,11570,15982,13,0,0,17,0,0,0,535,7767,102812,240.47925300000134,13.395065999980943,0.12332269384615453,0.37083333333333335,0.4106370613740921,1950,31200,0,0,0,0,51,1,2,30,28,0.07055811907444307,baselines,warehouse-16-batch/hungarian-dock1,272.8468730000004
warehouse,16,200,inf,21,hungarian,pp,20,5,1,1516,200,0,0,13.192612137203167,641.97,588.63,53.34,10668,14684,27,0,0,16,0,0,0,456,6486,101676,221.22001900000032,11.624005000001489,0.14592349538258598,0.43980870712401055,0.5384295439095794,1516,24256,0,0,0,0,36,2,2,36,41,0.05276188380587937,baselines,warehouse-16-batch/hungarian-dock1,248.66723400000046
warehouse,16,200,inf,22,hungarian,pp,20,5,1,1785,200,0,0,11.204481792717086,650.385,597.265,53.12,10624,14775,25,0,0,16,0,0,0,518,7483,99463,236.8585179999991,14.326726000004783,0.13269384761904712,0.3719887955182073,0.4181289204684353,1785,28560,0,0,0,0,47,2,2,35,28,0.06753416619114577,baselines,warehouse-16-batch/hungarian-dock1,265.8270160000011
warehouse,16,200,inf,23,hungarian,pp,20,5,1,1775,200,0,0,11.267605633802816,670.58,616.265,54.315,10863,15019,17,0,0,17,0,0,0,505,7292,92819,220.05292900002132,14.797480999999607,0.12397348112677258,0.3825,0.45191714007865175,1775,28400,0,0,0,0,47,1,2,19,35,0.08365602032505134,baselines,warehouse-16-batch/hungarian-dock1,248.2339260000008
warehouse,16,200,inf,24,hungarian,pp,20,5,1,1897,200,0,0,10.542962572482868,687.065,631.345,55.72,11144,15410,38,0,0,16,0,0,0,527,7653,93005,248.4345070000345,17.179478000020026,0.13096178545072984,0.3671586715867159,0.39967466261104423,1897,30352,0,0,0,0,60,2,2,22,19,0.06767781390473451,baselines,warehouse-16-batch/hungarian-dock1,278.38311599999906
warehouse,16,200,inf,25,hungarian,pp,20,5,1,1877,200,0,0,10.655301012253597,676.03,621.74,54.29,10858,15252,16,0,0,18,0,0,0,529,7647,90472,212.17197900001702,13.057511000008162,0.1130378151305365,0.36154768247202984,0.4855373275846985,1877,30032,0,0,0,0,64,2,2,16,82,0.06745764551107439,baselines,warehouse-16-batch/hungarian-dock1,241.11787200000072
warehouse,16,200,inf,26,hungarian,pp,20,5,1,1619,200,0,0,12.353304508956146,661.2,605.88,55.32,11064,15431,24,0,0,17,0,0,0,479,6807,98087,232.03369500001645,14.901881000001595,0.14331914453367292,0.42711550339715876,0.5625279459543512,1619,25904,0,0,0,0,50,2,2,21,82,0.08633386244978891,baselines,warehouse-16-batch/hungarian-dock1,259.98226200000136
warehouse,16,200,inf,27,hungarian,pp,20,5,1,1491,200,0,0,13.41381623071764,651.065,598.57,52.495,10499,14460,15,0,0,16,0,0,0,444,6285,92046,239.85493799998403,16.85979099999713,0.16086850301809794,0.44009892689470154,0.45593038469719194,1491,23856,0,0,0,0,29,2,3,17,84,0.05967652634978554,baselines,warehouse-16-batch/hungarian-dock1,276.53246599999875
warehouse,16,200,inf,28,hungarian,pp,20,5,1,1318,200,0,0,15.174506828528072,619,565.36,53.64,10728,14361,26,0,0,16,0,0,0,421,5860,95161,238.50335700000323,14.14687400000912,0.1809585409711709,0.5087253414264037,0.631320470263919,1318,21088,0,0,0,0,24,2,2,22,4,0.04817355010230351,baselines,warehouse-16-batch/hungarian-dock1,266.6728180000009
warehouse,16,200,inf,29,hungarian,pp,20,5,1,1748,200,0,0,11.441647597254004,693.29,638.995,54.295,10859,15644,27,0,0,19,0,0,0,506,7232,91073,222.9805960000358,15.402672999982315,0.12756327002290377,0.38826516018306634,0.44694330445647984,1748,27968,0,0,0,0,51,1,2,16,108,0.056169411215748005,baselines,warehouse-16-batch/hungarian-dock1,249.34316799999942
warehouse,16,200,inf,30,hungarian,pp,20,5,1,1579,200,0,0,12.66624445851805,644.545,590.36,54.185,10837,15218,18,0,0,16,0,0,0,458,6521,99468,240.42634499998167,12.856159999990268,0.15226494300188834,0.4289502849905003,0.561906745359777,1579,25264,0,0,0,0,30,2,2,44,87,0.05492339182253958,baselines,warehouse-16-batch/hungarian-dock1,266.73099100000036
warehouse,16,200,inf,1,pact,pp,20,5,1,1813,200,0,0,11.031439602868174,710.045,654.2,55.845,11169,16000,12,0,0,16,0,0,0,513,8973,137436,329.59546800000135,97.27214300000378,0.18179562493105425,0.3850317153888582,0.42588580607182985,1813,29008,0,0,0,0,56,1,2,23,163,0.05284656746723393,baselines,warehouse-16-batch/pact-dock1,361.22129399999903
warehouse,16,200,inf,2,pact,pp,20,5,1,1649,200,0,0,12.12856276531231,687.045,630.895,56.15,11230,15776,22,0,0,16,0,0,0,474,8289,132166,336.7964749999883,86.18143200000304,0.20424285930866481,0.4256367495451789,0.4505766031580153,1649,26384,0,0,0,0,23,2,2,29,41,0.06446020471509789,baselines,warehouse-16-batch/pact-dock1,372.8272509999988
warehouse,16,200,inf,3,pact,pp,20,5,1,2030,200,0,0,9.852216748768473,673.36,618.135,55.225,11045,15720,19,0,0,18,0,0,0,559,9614,123438,319.12453800000003,84.15855100000044,0.15720420591133005,0.3400554187192118,0.4554599542647202,2030,32480,0,0,0,0,52,2,3,28,25,0.06271339188553454,baselines,warehouse-16-batch/pact-dock1,350.9080090000007
warehouse,16,200,inf,4,pact,pp,20,5,1,1536,200,0,0,13.020833333333334,638.085,583.8,54.285,10857,14814,30,0,0,16,0,0,0,450,7716,131006,264.0429829999903,68.39690900000642,0.171902983723952,0.4417724609375,0.5450928472949287,1536,24576,0,0,0,0,46,2,2,50,39,0.08012293968946005,baselines,warehouse-16-batch/pact-dock1,295.2996409999996
warehouse,16,200,inf,5,pact,pp,20,5,1,1651,200,0,0,12.113870381586917,664.77,610.115,54.655,10931,14924,26,0,0,16,0,0,0,473,8115,119796,293.59710899999664,73.61820899999657,0.17782986614173024,0.4138022410660206,0.5035479146697214,1651,26416,0,0,0,0,48,2,2,28,42,0.06650640628654592,baselines,warehouse-16-batch/pact-dock1,322.85981100000026
warehouse,16,200,inf,6,pact,pp,20,5,1,1605,200,0,0,12.461059190031152,652.255,599.36,52.895,10579,14920,30,0,0,16,0,0,0,468,8101,123984,301.8525290000125,85.14570599999024,0.18807011152648753,0.41195482866043615,0.44410745625556397,1605,25680,0,0,0,0,58,2,2,27,4,0.10629793711025548,baselines,warehouse-16-batch/pact-dock1,335.16378000000077
warehouse,16,200,inf,7,pact,pp,20,5,1,1605,200,0,0,12.461059190031152,650.095,598.32,51.775,10355,14905,32,0,0,17,0,0,0,477,8283,125995,322.5266460000403,93.61827300001096,0.2009511813084363,0.4032320872274143,0.511475750901747,1605,25680,0,0,0,0,31,2,2,22,32,0.06511104494780454,baselines,warehouse-16-batch/pact-dock1,351.83495799999946
warehouse,16,200,inf,8,pact,pp,20,5,1,1366,200,0,0,14.641288433382138,645.995,591.135,54.86,10972,15428,26,0,0,16,0,0,0,428,7328,128957,266.93978200000856,61.93581300000915,0.19541711713031373,0.50201317715959,0.501021290073898,1366,21856,0,0,0,0,29,2,3,23,49,0.06639613053407634,baselines,warehouse-16-batch/pact-dock1,295.2912149999993
warehouse,16,200,inf,9,pact,pp,20,5,1,1509,200,0,0,13.253810470510272,644.25,590.445,53.805,10761,14982,23,0,0,16,0,0,0,457,7808,130285,322.3302660000081,92.27159500002017,0.21360521272366342,0.4457007952286282,0.5571253084833003,1509,24144,0,0,0,0,54,1,2,20,79,0.05812712652292232,baselines,warehouse-16-batch/pact-dock1,354.72831699999915
warehouse,16,200,inf,10,pact,pp,20,5,1,1639,200,0,0,12.202562538133009,669.21,612.67,56.54,11308,15174,22,0,0,16,0,0,0,470,8070,134919,314.54714799999965,74.23174200001085,0.19191406223306873,0.4312080536912752,0.4849249826095298,1639,26224,0,0,0,0,56,2,2,34,5,0.09185915388521043,baselines,warehouse-16-batch/pact-dock1,344.34143799999947
warehouse,16,200,inf,11,pact,pp,20,5,1,1503,200,0,0,13.30671989354624,642.51,588.77,53.74,10748,15358,30,0,0,16,0,0,0,457,7971,128238,277.8775640000058,79.3880400000071,0.1848819454424523,0.44693945442448435,0.5187653431739617,1503,24048,0,0,0,0,44,2,2,31,132,0.06716244533472138,baselines,warehouse-16-batch/pact-dock1,306.86476700000094
warehouse,16,200,inf,12,pact,pp,20,5,1,1640,200,0,0,12.195121951219512,664.68,607.785,56.895,11379,15860,26,0,0,16,0,0,0,475,8298,134494,313.691154999995,79.32843700000922,0.19127509451219207,0.43365091463414634,0.4534009480707216,1640,26240,0,0,0,0,41,2,2,21,12,0.0684439040333076,baselines,warehouse-16-batch/pact-dock1,349.2328720000005
warehouse,16,200,inf,13,pact,pp,20,5,1,1494,200,0,0,13.386880856760374,631.95,579.265,52.685,10537,14606,21,0,0,16,0,0,0,449,7762,131721,273.77320099998906,76.45476900000176,0.1832484611780382,0.4408048862115127,0.4647484507257441,1494,23904,0,0,0,0,61,2,3,27,50,0.07927254512477766,baselines,warehouse-16-batch/pact-dock1,300.46356299999934
warehouse,16,200,inf,14,pact,pp,20,5,1,1837,200,0,0,10.887316276537833,685.755,630.7,55.055,11011,15357,26,0,0,17,0,0,0,511,8875,141005,291.3494570000057,75.38182300004155,0.15860068426783108,0.374625748502994,0.4107188667992272,1837,29392,0,0,0,0,50,2,2,36,106,0.06901109131928923,baselines,warehouse-16-batch/pact-dock1,325.62339299999985
warehouse,16,200,inf,15,pact,pp,20,5,1,1565,200,0,0,12.779552715654953,699.38,643.085,56.295,11259,15764,21,0,0,17,0,0,0,465,8105,141510,339.8203179999691,93.01524599999902,0.21713758338656175,0.4496405750798722,0.4332491536888379,1565,25040,0,0,0,0,34,1,2,35,65,0.07626761689819886,baselines,warehouse-16-batch/pact-dock1,373.96651100000054
warehouse,16,200,inf,16,pact,pp,20,5,1,1658,200,0,0,12.062726176115802,619.22,566.385,52.835,10567,14318,20,0,0,16,0,0,0,478,8233,122473,288.1413050000301,74.69941299997299,0.17378848311220152,0.398333835946924,0.506788201764239,1658,26528,0,0,0,0,54,1,2,23,3,0.04933668953348577,baselines,warehouse-16-batch/pact-dock1,316.69451300000037
warehouse,16,200,inf,17,pact,pp,20,5,1,1410,200,0,0,14.184397163120567,639.49,584.94,54.55,10910,15153,25,0,0,16,0,0,0,420,7265,119042,273.05352999997194,66.58469299998796,0.19365498581558294,0.48359929078014185,0.5047978026482806,1410,22560,0,0,0,0,26,1,2,20,28,0.0598376642815793,baselines,warehouse-16-batch/pact-dock1,301.0912239999998
warehouse,16,200,inf,18,pact,pp,20,5,1,1709,200,0,0,11.702750146284377,671.165,615.795,55.37,11074,15605,24,0,0,17,1,0,0,479,8363,135166,353.96461900001304,105.472108999993,0.20711797483909483,0.4049882972498537,0.46329516152816386,1709,27344,0,0,0,0,44,2,2,25,106,0.048361492574960196,baselines,warehouse-16-batch/pact-dock1,388.11631599999964
warehouse,16,200,inf,19,pact,pp,20,5,1,1830,200,0,0,10.92896174863388,674.875,621.095,53.78,10756,15130,14,0,0,17,0,0,0,511,8937,131502,293.2062080000487,83.38277999999809,0.16022197158472606,0.3673497267759563,0.48128916370092534,1830,29280,0,0,0,0,54,2,3,25,85,0.06306811872441548,baselines,warehouse-16-batch/pact-dock1,325.875089000001
warehouse,16,200,inf,20,pact,pp,20,5,1,1865,200,0,0,10.723860589812332,710.285,652.895,57.39,11478,15900,20,0,0,16,0,0,0,519,8970,134429,338.2979719999712,87.53072599999541,0.18139301447719636,0.3846514745308311,0.3878620613740903,1865,29840,0,0,0,0,51,2,2,30,39,0.08440540672671298,baselines,warehouse-16-batch/pact-dock1,368.8400700000002
warehouse,16,200,inf,21,pact,pp,20,5,1,1525,200,0,0,13.114754098360656,638.92,585.87,53.05,10610,14650,32,0,0,16,1,0,0,466,7965,127465,275.81629799999973,69.21680700002253,0.18086314622950803,0.43483606557377047,0.5259795439095797,1525,24400,0,0,0,0,41,1,2,17,44,0.0625618838058796,baselines,warehouse-16-batch/pact-dock1,300.30774500000007
warehouse,16,200,inf,22,pact,pp,20,5,1,1788,200,0,0,11.185682326621924,650.765,598.46,52.305,10461,14613,31,0,0,17,0,0,0,502,8747,120248,276.48003599999174,78.22302899999886,0.15463089261744506,0.3656669463087248,0.4428539204684354,1788,28608,0,0,0,0,47,1,2,35,51,0.06768609010111765,baselines,warehouse-16-batch/pact-dock1,307.19820699999946
warehouse,16,200,inf,23,pact,pp,20,5,1,1711,200,0,0,11.689070718877849,659.185,605.28,53.905,10781,15013,21,0,0,17,0,0,0,496,8477,130621,309.19879800002855,82.26946699995824,0.18071233080071802,0.393812098188194,0.4900421400786502,1711,27376,0,0,0,0,47,1,2,35,5,0.06203103102184837,baselines,warehouse-16-batch/pact-dock1,340.41287900000134
warehouse,16,200,inf,24,pact,pp,20,5,1,1913,200,0,0,10.454783063251437,689.75,633.64,56.11,11222,15471,28,0,0,17,0,0,0,532,9143,127088,304.0326019999957,81.01195399999051,0.158929744903291,0.36663617354939887,0.4353496626110446,1913,30608,0,0,0,0,60,2,2,22,6,0.09412417284008104,baselines,warehouse-16-batch/pact-dock1,337.7044219999989
warehouse,16,200,inf,25,pact,pp,20,5,1,1858,200,0,0,10.76426264800861,675.15,620.95,54.2,10840,15257,29,0,0,17,0,0,0,519,8939,118922,298.9055849999768,80.19383399997787,0.16087491119482067,0.36463939720129174,0.4409873275846981,1858,29728,0,0,0,0,64,1,3,15,141,0.08819128187243541,baselines,warehouse-16-batch/pact-dock1,328.68948199999977
warehouse,16,200,inf,26,pact,pp,20,5,1,1508,200,0,0,13.26259946949602,661.585,605.29,56.295,11259,15376,25,0,0,16,0,0,0,459,7815,134157,275.3820159999905,67.72901799999818,0.1826140689655109,0.4666362732095491,0.5436029459543492,1508,24128,0,0,0,0,48,2,2,22,19,0.07499105151221352,baselines,warehouse-16-batch/pact-dock1,304.1266319999995
warehouse,16,200,inf,27,pact,pp,20,5,1,1458,200,0,0,13.717421124828531,648.725,596.315,52.41,10482,14603,33,0,0,16,0,0,0,438,7700,126917,291.00203599998895,78.51436000002468,0.19958987379971807,0.4493312757201646,0.4482303846971912,1458,23328,0,0,0,0,26,2,2,36,52,0.07807652634978482,baselines,warehouse-16-batch/pact-dock1,321.0903440000002
warehouse,16,200,inf,28,pact,pp,20,5,1,1300,200,0,0,15.384615384615385,622.785,569.75,53.035,10607,14284,27,0,0,16,0,0,0,409,6980,124903,271.4004500000174,67.9698290000124,0.20876957692309028,0.509951923076923,0.6124454702639189,1300,20800,0,0,0,0,16,2,2,29,79,0.09319160961080364,baselines,warehouse-16-batch/pact-dock1,297.1898739999997
warehouse,16,200,inf,29,pact,pp,20,5,1,1710,200,0,0,11.695906432748538,689.18,634.895,54.285,10857,15539,30,0,0,19,0,0,0,491,8547,123521,291.8297490000132,85.60376299997552,0.17066067192983228,0.3968201754385965,0.45654330445647956,1710,27360,0,0,0,0,51,2,2,20,111,0.05187080401908781,baselines,warehouse-16-batch/pact-dock1,324.34967600000164
warehouse,16,200,inf,30,pact,pp,20,5,1,1627,200,0,0,12.292562999385371,639.845,586.055,53.79,10758,15030,21,0,0,16,0,0,0,469,8128,127109,257.9156829999574,76.68696600003022,0.15852223909032417,0.413260602335587,0.5435067453597784,1627,26032,0,0,0,0,32,2,3,29,78,0.056714311044849586,baselines,warehouse-16-batch/pact-dock1,293.9400690000002
warehouse,32,200,inf,1,hungarian,pp,20,5,1,2114,200,0,0,9.460737937559129,662.875,596.31,66.565,13313,14714,30,0,0,28,0,0,0,0,460,20380,719.0757650000269,0,0.3401493684957554,0.19679813150425735,0.631436079333377,2114,67648,0,0,0,0,55,2,3,9,1,0.056951751479510315,baselines,warehouse-32-batch/tp,760.994944
warehouse,32,200,inf,2,hungarian,pp,20,5,1,1955,200,0,0,10.230179028132993,636.42,570.36,66.06,13212,14627,36,0,0,26,0,0,0,0,457,20701,668.3376349999871,0,0.34186068286444354,0.21118925831202046,0.6517137396293468,1955,62560,0,0,0,0,64,2,2,7,11,0.052200564031886165,baselines,warehouse-32-batch/tp,719.9662790000002
warehouse,32,200,inf,3,hungarian,pp,20,5,1,2247,200,0,0,8.900756564307967,638.4,571.985,66.415,13283,14706,35,0,0,27,0,0,0,0,461,21679,653.4544809999861,0,0.2908119630618541,0.1847324210057855,0.6146654469496452,2247,71904,0,0,0,0,55,4,9,18,1,0.05962813417147861,baselines,warehouse-32-batch/tp,694.002176
warehouse,32,200,inf,4,hungarian,pp,20,5,1,1836,200,0,0,10.893246187363834,584.955,523.545,61.41,12282,13173,43,0,0,21,0,0,0,0,448,19688,621.0199720000201,0,0.3382461721133007,0.2090482026143791,0.5961765117250786,1836,58752,0,0,0,0,54,3,3,13,15,0.05089574423879567,baselines,warehouse-32-batch/tp,655.8100450000002
warehouse,32,200,inf,5,hungarian,pp,20,5,1,1935,200,0,0,10.335917312661499,598.03,533.93,64.1,12820,13967,33,0,0,25,0,0,0,0,454,19764,610.5805590000346,0,0.31554550852714963,0.20704134366925064,0.6276157585848533,1935,61920,0,0,0,0,62,3,3,5,43,0.056110710246318085,baselines,warehouse-32-batch/tp,645.8841400000001
warehouse,32,200,inf,6,hungarian,pp,20,5,1,1768,200,0,0,11.312217194570136,597.895,535.985,61.91,12382,13201,33,0,0,20,0,0,0,0,446,17539,613.8797019999729,0,0.34721702601808424,0.2188560520361991,0.5975038216077417,1768,56576,0,0,0,0,54,2,2,5,43,0.052697937110271736,baselines,warehouse-32-batch/tp,652.3393290000004
warehouse,32,200,inf,7,hungarian,pp,20,5,1,1919,200,0,0,10.422094841063053,604.2,543.635,60.565,12113,13258,24,0,0,25,0,0,0,0,452,17997,585.0525059999436,0,0.3048736352266512,0.19725442939030746,0.5901533481267635,1919,61408,0,0,0,0,56,3,3,13,32,0.05908979777696227,baselines,warehouse-32-batch/tp,621.3801279999989
warehouse,32,200,inf,8,hungarian,pp,20,5,1,1712,200,0,0,11.682242990654206,615.595,550.4,65.195,13039,14419,19,0,0,25,0,0,0,0,456,20831,622.4387469999529,0,0.3635740344625893,0.23800744742990654,0.6516038690176338,1712,54784,0,0,0,0,62,2,2,3,26,0.072303600676003,baselines,warehouse-32-batch/tp,659.6984789999988
warehouse,32,200,inf,9,hungarian,pp,20,5,1,1771,200,0,0,11.29305477131564,593.515,531.855,61.66,12332,13229,20,0,0,22,0,0,0,0,447,17469,559.2571009999792,0,0.3157860536419984,0.21760304912478826,0.5993697626318122,1771,56672,0,0,0,0,46,2,2,4,1,0.05157311845219484,baselines,warehouse-32-batch/tp,600.4335319999991
warehouse,32,200,inf,10,hungarian,pp,20,5,1,1734,200,0,0,11.534025374855824,612.42,547.975,64.445,12889,13827,33,0,0,24,0,0,0,0,449,18425,583.2883239999956,0,0.3363831164936537,0.23228445790080737,0.6204563720202617,1734,55488,0,0,0,0,44,2,2,5,1,0.0571806437471894,baselines,warehouse-32-batch/tp,621.8965680000001
warehouse,32,200,inf,11,hungarian,pp,20,5,1,1848,200,0,0,10.822510822510823,606.37,542.24,64.13,12826,14082,31,0,0,25,0,0,0,0,455,18842,612.9413030000342,0,0.33167819426408773,0.21688988095238096,0.6547795616613574,1848,59136,0,0,0,0,62,2,2,19,1,0.0826130806956441,baselines,warehouse-32-batch/tp,647.3440979999996
warehouse,32,200,inf,12,hungarian,pp,20,5,1,2026,200,0,0,9.871668311944719,652.395,586.095,66.3,13260,14267,26,0,0,24,0,0,0,0,453,20415,659.9892589999963,0,0.325759752714707,0.20452862783810463,0.5520179136538433,2026,64832,0,0,0,0,60,2,3,20,34,0.06544140172397356,baselines,warehouse-32-batch/tp,695.6243250000007
warehouse,32,200,inf,13,hungarian,pp,20,5,1,1697,200,0,0,11.785503830288745,588.04,526.985,61.055,12211,13467,42,0,0,27,0,0,0,0,455,18126,630.017255000017,0,0.37125353859753507,0.22486373011196228,0.6094441697957943,1697,54304,0,0,0,0,62,3,3,13,4,0.06262980750297475,baselines,warehouse-32-batch/tp,667.0967860000001
warehouse,32,200,inf,14,hungarian,pp,20,5,1,2100,200,0,0,9.523809523809524,610.395,547.12,63.275,12655,13929,22,0,0,26,0,0,0,0,456,18458,596.0266979999524,0,0.28382223714283444,0.18831845238095238,0.5963523146021682,2100,67200,0,0,0,0,52,2,2,13,1,0.05213798976393463,baselines,warehouse-32-batch/tp,638.6646110000001
warehouse,32,200,inf,15,hungarian,pp,20,5,1,1792,200,0,0,11.160714285714286,642.195,577.15,65.045,13009,14566,34,0,0,29,0,0,0,0,460,20947,598.7542689999354,0,0.3341262661829997,0.22685895647321427,0.667784668517954,1792,57344,0,0,0,0,47,3,3,5,10,0.056544397528480395,baselines,warehouse-32-batch/tp,630.3682790000003
warehouse,32,200,inf,16,hungarian,pp,20,5,1,1898,200,0,0,10.53740779768177,580.055,519.535,60.52,12104,13116,31,0,0,23,0,0,0,0,449,17880,581.9170839999788,0,0.3065948809272807,0.1992887249736565,0.5541674689862708,1898,60736,0,0,0,0,54,2,2,9,1,0.05423377330994389,baselines,warehouse-32-batch/tp,616.3898219999992
warehouse,32,200,inf,17,hungarian,pp,20,5,1,1703,200,0,0,11.743981209630064,611.205,547.69,63.515,12703,13785,31,0,0,25,0,0,0,0,450,19674,605.50600199994,0,0.35555255549027603,0.23309967704051673,0.6081917324698138,1703,54496,0,0,0,0,57,2,3,17,1,0.05430452868902619,baselines,warehouse-32-batch/tp,637.6887029999998
warehouse,32,200,inf,18,hungarian,pp,20,5,1,1948,200,0,0,10.26694045174538,640.55,575.28,65.27,13054,14151,44,0,0,23,0,0,0,0,451,23656,624.6969259999405,0,0.320686306981489,0.20941350102669404,0.5584243474969122,1948,62336,0,0,0,0,57,5,5,23,22,0.05740789114425329,baselines,warehouse-32-batch/tp,661.7062040000001
warehouse,32,200,inf,19,hungarian,pp,20,5,1,2230,200,0,0,8.968609865470851,637.56,573.845,63.715,12743,14131,32,0,0,29,0,0,0,0,458,18122,670.3166589999619,0,0.30059043004482594,0.17857343049327354,0.6168262967280931,2230,71360,0,0,0,0,57,2,2,5,9,0.05056637420917204,baselines,warehouse-32-batch/tp,710.053836000001
warehouse,32,200,inf,20,hungarian,pp,20,5,1,2212,200,0,0,9.041591320072333,668.34,600.31,68.03,13606,15149,53,0,0,30,0,0,0,0,464,23654,603.7234430000026,0,0.27293103209765035,0.19221858047016274,0.6403119168702912,2212,70784,0,0,0,0,56,5,9,21,41,0.06156231748965829,baselines,warehouse-32-batch/tp,640.3185109999995
warehouse,32,200,inf,21,hungarian,pp,20,5,1,2003,200,0,0,9.98502246630055,588.555,526.22,62.335,12467,13647,23,0,0,24,0,0,0,0,453,16822,620.2581220000102,0,0.3096645641537744,0.194505117324014,0.5920861832206283,2003,64096,0,0,0,0,59,2,2,5,47,0.05500389841219361,baselines,warehouse-32-batch/tp,657.1678489999995
warehouse,32,200,inf,22,hungarian,pp,20,5,1,2372,200,0,0,8.431703204047217,607.865,546.46,61.405,12281,13766,36,0,0,29,0,0,0,0,462,16867,684.0597539999872,0,0.2883894409780722,0.16179647976391232,0.6158463711217432,2372,75904,0,0,0,0,58,2,3,6,1,0.06825849275944845,baselines,warehouse-32-batch/tp,722.7981020000007
warehouse,32,200,inf,23,hungarian,pp,20,5,1,2126,200,0,0,9.407337723424272,623.505,559.815,63.69,12738,14035,24,0,0,26,0,0,0,0,457,16825,646.7801649999856,0,0.3042239722483469,0.1872354186265287,0.6083275783167322,2126,68032,0,0,0,0,60,3,3,6,1,0.054726434978670024,baselines,warehouse-32-batch/tp,686.8728219999994
warehouse,32,200,inf,24,hungarian,pp,20,5,1,2357,200,0,0,8.485362749257531,641.74,576.275,65.465,13093,14515,34,0,0,28,0,0,0,0,463,19535,749.1429929999777,0,0.31783750233346525,0.17359196011879507,0.6256399730494392,2357,75424,0,0,0,0,60,3,5,14,6,0.06964266822227455,baselines,warehouse-32-batch/tp,803.8850320000001
warehouse,32,200,inf,25,hungarian,pp,20,5,1,2283,200,0,0,8.760402978537012,633.08,568.965,64.115,12823,14136,24,0,0,29,0,0,0,0,464,18947,636.5170060000055,0,0.2788072737625955,0.17552288655278142,0.6098851796525953,2283,73056,0,0,0,0,64,3,4,11,17,0.06701758223287799,baselines,warehouse-32-batch/tp,680.7877599999993
warehouse,32,200,inf,26,hungarian,pp,20,5,1,1851,200,0,0,10.804970286331713,611.335,546.205,65.13,13026,14115,44,0,0,23,0,0,0,0,451,19713,597.7526510000043,0,0.3229349816315529,0.21991491085899514,0.6458449193362545,1851,59232,0,0,0,0,55,4,9,18,25,0.05873515603040186,baselines,warehouse-32-batch/tp,632.5824690000009
warehouse,32,200,inf,27,hungarian,pp,20,5,1,1795,200,0,0,11.142061281337048,593.46,532.145,61.315,12263,13517,40,0,0,25,0,0,0,0,455,22340,565.2360160000317,0,0.314894716434558,0.21349233983286908,0.6227653805396152,1795,57440,0,0,0,0,64,3,5,14,47,0.053208068796080255,baselines,warehouse-32-batch/tp,596.7674630000001
warehouse,32,200,inf,28,hungarian,pp,20,5,1,1486,200,0,0,13.458950201884253,555.01,494.26,60.75,12150,12802,29,0,0,18,0,0,0,0,441,17203,529.239367000002,0,0.3561503142664885,0.2555097577388964,0.5524683878373047,1486,47552,0,0,0,0,61,2,3,6,22,0.08860058740974813,baselines,warehouse-32-batch/tp,560.5668019999994
warehouse,32,200,inf,29,hungarian,pp,20,5,1,1951,200,0,0,10.251153254741158,640.9,576.16,64.74,12948,14625,32,0,0,30,0,0,0,0,463,19977,675.8019359999871,0,0.3463874607893322,0.20739364428498205,0.695003279724071,1951,62432,0,0,0,0,57,2,3,11,51,0.05334216383195889,baselines,warehouse-32-batch/tp,716.4210029999995
warehouse,32,200,inf,30,hungarian,pp,20,5,1,1806,200,0,0,11.074197120708748,620.975,556.925,64.05,12810,13602,38,0,0,20,0,0,0,0,444,19068,714.4055659999904,0,0.3955734031007699,0.22165697674418605,0.6062330362320513,1806,57792,0,0,0,0,46,2,4,11,1,0.05773414051031173,baselines,warehouse-32-batch/tp,759.708052
warehouse,32,200,inf,1,hungarian,pp,20,5,1,1569,200,0,0,12.746972594008923,539.94,489.715,50.225,10045,16822,52,0,0,26,0,0,425,0,90163,3205166,8904.837769000062,0,5.675486149776967,0.20006771829190567,0.6227360793333628,1569,50208,0,0,0,0,59,2,2,7,31,0.09895175147950991,baselines,warehouse-32-batch/tpts,9008.042393
warehouse,32,200,inf,2,hungarian,pp,20,5,1,1433,200,0,0,13.956734124214934,523.05,472.635,50.415,10083,16856,49,0,0,25,0,0,395,0,88343,3166885,8736.862702999975,0,6.096903491277024,0.21988398464759246,0.6337637396293325,1433,45856,0,0,0,0,48,2,3,5,49,0.09361586185024673,baselines,warehouse-32-batch/tpts,8836.821741
warehouse,32,200,inf,3,hungarian,pp,20,5,1,1645,200,0,0,12.158054711246201,521.635,471.52,50.115,10023,16394,36,0,0,24,0,0,386,0,90848,3167490,8646.006376999936,0,5.255930928267438,0.1904065349544073,0.5852904469496314,1645,52640,0,0,0,0,55,3,3,11,44,0.09949013895895983,baselines,warehouse-32-batch/tpts,8743.630028000001
warehouse,32,200,inf,4,hungarian,pp,20,5,1,1361,200,0,0,14.695077149155033,495.665,447.165,48.5,9700,15335,39,0,0,21,0,0,408,0,100013,3586258,9426.44949699996,0,6.9261201300514035,0.22272226304188097,0.6047890117250659,1361,43552,0,0,0,0,54,2,2,5,45,0.08530429408961238,baselines,warehouse-32-batch/tpts,9518.035340999999
warehouse,32,200,inf,5,hungarian,pp,20,5,1,1428,200,0,0,14.005602240896359,500.445,451.16,49.285,9857,16105,40,0,0,26,0,0,411,0,92822,3165813,8798.000242999944,0,6.1610645959383366,0.21570815826330533,0.6734532585848405,1428,45696,0,0,0,0,62,2,4,6,60,0.10108002677019876,baselines,warehouse-32-batch/tpts,8889.317816
warehouse,32,200,inf,6,hungarian,pp,20,5,1,1316,200,0,0,15.19756838905775,503.1,454.96,48.14,9628,15537,36,0,0,19,0,0,409,0,94549,3156515,8406.139036999943,0,6.387643645136735,0.22862841945288753,0.5196538216077291,1316,42112,0,0,0,0,44,2,2,4,53,0.08755769707691735,baselines,warehouse-32-batch/tpts,8505.726612
warehouse,32,200,inf,7,hungarian,pp,20,5,1,1477,200,0,0,13.540961408259987,511.075,464.14,46.935,9387,15572,38,0,0,25,0,0,382,0,94058,3091381,8388.458128000068,0,5.6793893893026866,0.19860781990521326,0.6548283481267517,1477,47264,0,0,0,0,58,2,2,4,50,0.09720127285645147,baselines,warehouse-32-batch/tpts,8486.386884
warehouse,32,200,inf,8,hungarian,pp,20,5,1,1321,200,0,0,15.14004542013626,519.495,467.835,51.66,10332,17173,45,0,0,27,0,0,410,0,89675,3242666,8930.332935999922,0,6.760282313398881,0.24441710825132476,0.6932913690176226,1321,42272,0,0,0,0,62,2,2,7,167,0.06130724821054545,baselines,warehouse-32-batch/tpts,9035.170082
warehouse,32,200,inf,9,hungarian,pp,20,5,1,1407,200,0,0,14.214641080312722,506.925,458.465,48.46,9692,15494,47,0,0,21,0,0,389,0,97653,3301671,9007.180101999966,0,6.401691614783203,0.21526297085998577,0.5864572626318026,1407,45024,0,0,0,0,53,2,3,4,52,0.09250220026766062,baselines,warehouse-32-batch/tpts,9105.557287999998
warehouse,32,200,inf,10,hungarian,pp,20,5,1,1367,200,0,0,14.630577907827359,510.88,461.44,49.44,9888,16349,42,0,0,22,0,0,382,0,86267,2964210,8564.981729000103,0,6.265531623262694,0.2260424286759327,0.5739313720202525,1367,43744,0,0,0,0,50,2,3,3,67,0.09077309717275456,baselines,warehouse-32-batch/tpts,8658.783306000001
warehouse,32,200,inf,11,hungarian,pp,20,5,1,1374,200,0,0,14.55604075691412,502.48,453.56,48.92,9784,16229,45,0,0,25,0,0,375,0,89512,3125105,8762.69550200005,0,6.3775076433770375,0.2225254730713246,0.6310670616613446,1374,43968,0,0,0,0,62,2,3,4,53,0.10232518607267643,baselines,warehouse-32-batch/tpts,8851.354957
warehouse,32,200,inf,12,hungarian,pp,20,5,1,1540,200,0,0,12.987012987012987,537.62,487.095,50.525,10105,16857,41,0,0,21,0,0,401,0,91365,3287236,8721.326187000024,0,5.6631988227272885,0.20505275974025974,0.5090679136538312,1540,49280,0,0,0,0,51,2,3,6,67,0.08166515690592002,baselines,warehouse-32-batch/tpts,8826.471010000001
warehouse,32,200,inf,13,hungarian,pp,20,5,1,1289,200,0,0,15.515903801396432,496.76,448.865,47.895,9579,15547,32,0,0,23,0,0,346,0,93391,3138496,8816.432037999963,0,6.839745568657845,0.23222944142746316,0.5688441697957837,1289,41248,0,0,0,0,62,2,2,7,45,0.07948693479654362,baselines,warehouse-32-batch/tpts,8923.863547
warehouse,32,200,inf,14,hungarian,pp,20,5,1,1586,200,0,0,12.610340479192939,513.945,464.86,49.085,9817,16060,39,0,0,25,0,0,377,0,92778,3182982,8850.634985999983,0,5.580476031525841,0.19343080075662042,0.6198773146021558,1586,50752,0,0,0,0,55,2,3,3,96,0.08940438346583937,baselines,warehouse-32-batch/tpts,8949.913078000001
warehouse,32,200,inf,15,hungarian,pp,20,5,1,1416,200,0,0,14.124293785310735,536.785,485.785,51,10200,16922,45,0,0,27,0,0,454,0,94004,3310540,9306.81845500004,0,6.5726119032486165,0.22510593220338984,0.656134668517943,1416,45312,0,0,0,0,49,2,2,5,169,0.07328404522483911,baselines,warehouse-32-batch/tpts,9412.445277999996
warehouse,32,200,inf,16,hungarian,pp,20,5,1,1481,200,0,0,13.50438892640108,493.94,447.395,46.545,9309,15176,40,0,0,22,0,0,388,0,89538,2962492,8144.2016360000525,0,5.499123319378834,0.19642555705604323,0.5906174689862593,1481,47392,0,0,0,0,53,2,2,4,41,0.0987670455260223,baselines,warehouse-32-batch/tpts,8238.484854999999
warehouse,32,200,inf,17,hungarian,pp,20,5,1,1331,200,0,0,15.026296018031555,514.495,464.79,49.705,9941,16218,49,0,0,25,0,0,438,0,93252,3353781,8970.170511999964,0,6.739421872276457,0.23340063861758076,0.6212792324698038,1331,42592,0,0,0,0,57,3,4,12,95,0.07462545321659164,baselines,warehouse-32-batch/tpts,9068.276071000004
warehouse,32,200,inf,18,hungarian,pp,20,5,1,1472,200,0,0,13.58695652173913,534.045,483.61,50.435,10087,16760,42,0,0,27,0,0,406,0,94065,3393290,9397.45110399988,0,6.384137978260788,0.21414317255434784,0.6584368474968989,1472,47104,0,0,0,0,57,2,2,5,68,0.07913854537365014,baselines,warehouse-32-batch/tpts,9513.841783
warehouse,32,200,inf,19,hungarian,pp,20,5,1,1623,200,0,0,12.322858903265558,530.45,481.615,48.835,9767,16115,37,0,0,25,0,0,414,0,95767,3209600,8783.945278999825,0,5.412165914356023,0.18805837954405422,0.6203762967280781,1623,51936,0,0,0,0,54,2,2,5,50,0.09304411415049643,baselines,warehouse-32-batch/tpts,8891.187444
warehouse,32,200,inf,20,hungarian,pp,20,5,1,1696,200,0,0,11.79245283018868,545.885,494.68,51.205,10241,17375,53,0,0,27,0,0,436,0,86500,3288636,8766.974525999918,0,5.169206678065989,0.18869767099056603,0.6264369168702784,1696,54272,0,0,0,0,56,3,8,18,59,0.08204053324387048,baselines,warehouse-32-batch/tpts,8863.764284999997
warehouse,32,200,inf,21,hungarian,pp,20,5,1,1507,200,0,0,13.271400132714001,498.615,450.27,48.345,9669,15922,65,0,0,25,0,0,386,0,92179,3098349,8459.139469999998,0,5.613231234240211,0.20050182481751824,0.6625236832206148,1507,48224,0,0,0,0,59,3,3,5,159,0.07931200072598854,baselines,warehouse-32-batch/tpts,8550.505077999998
warehouse,32,200,inf,22,hungarian,pp,20,5,1,1731,200,0,0,11.554015020219527,502.45,455.09,47.36,9472,15784,42,0,0,28,0,0,356,0,90458,2950734,8046.449483999844,0,4.648439909878593,0.170999422299249,0.6209588711217271,1731,55392,0,0,0,0,58,2,3,5,101,0.07313416619115456,baselines,warehouse-32-batch/tpts,8143.786897000002
warehouse,32,200,inf,23,hungarian,pp,20,5,1,1517,200,0,0,13.183915622940013,520.83,471.905,48.925,9785,16102,43,0,0,24,0,0,403,0,93254,3183494,8792.717726000054,0,5.796122429795685,0.20156970995385629,0.602565078316717,1517,48544,0,0,0,0,60,2,2,7,69,0.08685602032506212,baselines,warehouse-32-batch/tpts,8892.565562000003
warehouse,32,200,inf,24,hungarian,pp,20,5,1,1749,200,0,0,11.435105774728417,534.855,484.49,50.365,10073,16366,49,0,0,25,0,0,403,0,98012,3396555,9337.868059000113,0,5.338975448256211,0.17997784448256146,0.6171149730494243,1749,55968,0,0,0,0,60,3,3,7,47,0.09476799943540665,baselines,warehouse-32-batch/tpts,9439.488517999998
warehouse,32,200,inf,25,hungarian,pp,20,5,1,1751,200,0,0,11.42204454597373,535.68,485.605,50.075,10015,16457,53,0,0,26,0,0,410,0,93429,3098225,8758.761389000105,0,5.002148137635697,0.17873715019988579,0.6000851796525817,1751,56032,0,0,0,0,64,3,3,7,201,0.05408686999697937,baselines,warehouse-32-batch/tpts,8859.473982000003
warehouse,32,200,inf,26,hungarian,pp,20,5,1,1364,200,0,0,14.662756598240469,508.74,458.965,49.775,9955,16155,45,0,0,21,0,0,378,0,93079,3281288,8841.908648999975,0,6.482337719208193,0.22807459677419356,0.6194449193362419,1364,43648,0,0,0,0,53,2,2,11,65,0.08545642627329089,baselines,warehouse-32-batch/tpts,8945.283992999997
warehouse,32,200,inf,27,hungarian,pp,20,5,1,1290,200,0,0,15.503875968992247,501.37,453.19,48.18,9636,15820,57,0,0,24,0,0,381,0,92239,3162852,8665.943736999892,0,6.717785842635576,0.23343023255813952,0.6323903805396017,1290,41280,0,0,0,0,31,2,3,7,133,0.06903859464303252,baselines,warehouse-32-batch/tpts,8775.724036
warehouse,32,200,inf,28,hungarian,pp,20,5,1,1156,200,0,0,17.301038062283737,476.64,428.46,48.18,9636,15359,53,0,0,21,0,0,390,0,94009,3237226,8857.282578000093,0,7.662009150519111,0.26048875432525953,0.5818433878372954,1156,36992,0,0,0,0,27,3,3,7,35,0.07238420412056845,baselines,warehouse-32-batch/tpts,8964.429230000002
warehouse,32,200,inf,29,hungarian,pp,20,5,1,1428,200,0,0,14.005602240896359,526.375,476.59,49.785,9957,16356,41,0,0,25,0,0,401,0,90557,3262652,8851.844056999995,0,6.198770348039212,0.21789653361344538,0.5996782797240585,1428,45696,0,0,0,0,34,3,4,12,207,0.04206439996213915,baselines,warehouse-32-batch/tpts,8955.369901999999
warehouse,32,200,inf,30,hungarian,pp,20,5,1,1427,200,0,0,14.01541695865452,524.55,474.855,49.695,9939,16621,57,0,0,23,0,0,445,0,96014,3346083,9392.471147000018,0,6.581969969866867,0.21765504555010512,0.6439330362320399,1427,45664,0,0,0,0,37,2,2,11,67,0.07474045866505585,baselines,warehouse-32-batch/tpts,9498.642979000004
warehouse,32,200,inf,1,hungarian,pp,20,5,1,705,200,0,0,28.368794326241133,297.995,231.065,66.93,13386,15300,245,0,0,13,2,0,0,272,8129,473514,723.982326999947,20.464236000007077,1.0269252865247476,0.5933510638297872,0.4482985793333474,705,22560,0,0,0,0,38,8,13,56,92,0.12100701557509735,baselines,warehouse-32-batch/hungarian,765.0459259999989
warehouse,32,200,inf,2,hungarian,pp,20,5,1,630,200,0,0,31.746031746031747,294.28,225.21,69.07,13814,14840,188,0,0,9,0,0,0,258,7882,487522,739.6361899999465,30.261211000019102,1.1740256984126136,0.685218253968254,0.37725123962931906,630,20160,0,0,0,0,16,4,10,115,49,0.08681586185023266,baselines,warehouse-32-batch/hungarian,778.0248400000055
warehouse,32,200,inf,3,hungarian,pp,20,5,1,729,200,0,0,27.434842249657063,286.895,219.315,67.58,13516,15319,199,0,0,11,0,0,0,295,8840,483651,759.5558500000407,18.379395000047225,1.041914746227765,0.5793895747599451,0.4531404469496138,729,23328,0,0,0,0,33,8,18,49,28,0.09909013895895419,baselines,warehouse-32-batch/hungarian,811.5287820000012
warehouse,32,200,inf,4,hungarian,pp,20,5,1,617,200,0,0,32.414910858995135,265.445,202.665,62.78,12556,13985,270,0,0,8,6,0,0,249,7693,506790,713.951103000014,18.48847499994008,1.1571330680713354,0.6359400324149108,0.40156401172505285,617,19744,0,0,0,0,40,12,18,59,5,0.08412050995677817,baselines,warehouse-32-batch/hungarian,751.9238310000001
warehouse,32,200,inf,5,hungarian,pp,20,5,1,610,200,0,0,32.78688524590164,271.73,207.02,64.71,12942,14179,265,0,0,8,1,0,0,262,7962,523489,727.2705490000008,18.191764000002877,1.1922468016393455,0.6630122950819672,0.4032282585848264,610,19520,0,0,0,0,20,11,18,79,72,0.09283096311502242,baselines,warehouse-32-batch/hungarian,763.3496479999958
warehouse,32,200,inf,6,hungarian,pp,20,5,1,608,200,0,0,32.89473684210526,275.57,212.84,62.73,12546,14189,277,0,0,8,5,0,0,251,7556,518389,744.0047679998606,26.89271600000211,1.2236920526313497,0.6448396381578947,0.4750913216077165,608,19456,0,0,0,0,19,10,18,58,4,0.10897024616766726,baselines,warehouse-32-batch/hungarian,783.3038910000032
warehouse,32,200,inf,7,hungarian,pp,20,5,1,644,200,0,0,31.055900621118013,277.515,216.655,60.86,12172,13876,258,0,0,10,0,0,0,262,7930,492241,741.0726399998966,20.47693799998524,1.1507339130433178,0.5906444099378882,0.425403348126737,644,20608,0,0,0,0,17,9,18,70,48,0.0846756065504628,baselines,warehouse-32-batch/hungarian,789.728458000005
warehouse,32,200,inf,8,hungarian,pp,20,5,1,589,200,0,0,33.95585738539898,285.54,216.525,69.015,13803,14795,319,0,0,8,9,0,0,246,7524,562908,790.0470209999476,19.654717999968852,1.3413361986416767,0.7323323429541596,0.34534136901761103,589,18848,0,0,0,0,13,14,19,64,98,0.09103571040909797,baselines,warehouse-32-batch/hungarian,841.8300789999994
warehouse,32,200,inf,9,hungarian,pp,20,5,1,623,200,0,0,32.102728731942214,286.83,221.535,65.295,13059,14617,282,0,0,9,3,0,0,249,7573,510087,706.1162310001164,20.974845000033383,1.1334128908509091,0.6550461476725522,0.42604476263178753,623,19936,0,0,0,0,26,14,19,84,63,0.1022474517922852,baselines,warehouse-32-batch/hungarian,742.2898850000056
warehouse,32,200,inf,10,hungarian,pp,20,5,1,640,200,0,0,31.25,294.43,226.24,68.19,13638,14965,255,0,0,10,4,0,0,265,7859,525414,773.0971009999848,19.45834499997727,1.2079642203124763,0.66591796875,0.4313688720202384,640,20480,0,0,0,0,23,11,16,76,138,0.10678669048435988,baselines,warehouse-32-batch/hungarian,823.1059709999972
warehouse,32,200,inf,11,hungarian,pp,20,5,1,606,200,0,0,33.00330033003301,278.82,213.255,65.565,13113,14528,295,0,0,6,7,0,0,252,7796,565326,846.2454510001044,20.76958099991316,1.3964446386140337,0.6762066831683168,0.3351420616613318,606,19392,0,0,0,0,15,13,23,54,16,0.09041308069564502,baselines,warehouse-32-batch/hungarian,891.0204509999967
warehouse,32,200,inf,12,hungarian,pp,20,5,1,695,200,0,0,28.776978417266186,292.275,224.74,67.535,13507,15438,292,0,0,13,2,0,0,282,8316,529856,763.0497020000112,19.062975999993796,1.0979132402877858,0.6073291366906475,0.45078041365381477,695,22240,0,0,0,0,24,12,22,42,185,0.07164390403330329,baselines,warehouse-32-batch/hungarian,805.1466670000009
warehouse,32,200,inf,13,hungarian,pp,20,5,1,618,200,0,0,32.362459546925564,272.375,209.25,63.125,12625,14092,291,0,0,12,7,0,0,256,7535,521280,744.731814000028,20.171687999951246,1.20506766019422,0.6384000809061489,0.4202691697957716,618,19776,0,0,0,0,22,14,20,86,135,0.04378543405756474,baselines,warehouse-32-batch/hungarian,783.1689360000018
warehouse,32,200,inf,14,hungarian,pp,20,5,1,695,200,0,0,28.776978417266186,283.775,218.24,65.535,13107,14941,293,0,0,14,3,0,0,269,7858,511222,761.3818619999074,19.632143000017095,1.095513470503464,0.5893435251798561,0.4734273146021384,695,22240,0,0,0,0,27,11,17,62,198,0.0957489866497008,baselines,warehouse-32-batch/hungarian,805.709351999998
warehouse,32,200,inf,15,hungarian,pp,20,5,1,656,200,0,0,30.48780487804878,289.705,222.07,67.635,13527,15304,264,0,0,11,4,0,0,258,7632,511964,749.6511700000265,18.236154999933206,1.1427609298780892,0.6443883384146342,0.39163466851792966,656,20992,0,0,0,0,33,14,20,38,142,0.08032001284286466,baselines,warehouse-32-batch/hungarian,791.3277129999988
warehouse,32,200,inf,16,hungarian,pp,20,5,1,640,200,0,0,31.25,271.86,209.095,62.765,12553,13892,301,0,0,8,6,0,0,266,8077,571077,881.6214739999778,29.659410999964166,1.3775335531249653,0.612939453125,0.43975496898624433,640,20480,0,0,0,0,17,13,22,62,28,0.0948431706428538,baselines,warehouse-32-batch/hungarian,922.5326569999961
warehouse,32,200,inf,17,hungarian,pp,20,5,1,620,200,0,0,32.25806451612903,276.115,210.595,65.52,13104,14614,281,0,0,9,4,0,0,256,7762,529227,780.5240619999822,16.96991299997171,1.258909777419326,0.660483870967742,0.38936673246979125,620,19840,0,0,0,0,33,11,24,39,83,0.09317981490884056,baselines,warehouse-32-batch/hungarian,826.995517000003
warehouse,32,200,inf,18,hungarian,pp,20,5,1,656,200,0,0,30.48780487804878,274.195,209.445,64.75,12950,14803,225,0,0,10,3,0,0,251,7602,459767,693.172868000016,19.293872000009287,1.0566659573170976,0.6169016768292683,0.39589934749688543,656,20992,0,0,0,0,26,10,17,79,126,0.056088182970881695,baselines,warehouse-32-batch/hungarian,736.2997780000005
warehouse,32,200,inf,19,hungarian,pp,20,5,1,712,200,0,0,28.089887640449437,289.285,224.71,64.575,12915,14714,280,0,0,11,4,0,0,281,8557,543731,810.5596130001068,29.937828999994963,1.138426422752959,0.566845154494382,0.4011262967280612,712,22784,0,0,0,0,27,8,18,47,56,0.06395443150270791,baselines,warehouse-32-batch/hungarian,848.5778339999961
warehouse,32,200,inf,20,hungarian,pp,20,5,1,785,200,0,0,25.477707006369428,302.795,232.78,70.015,14003,15927,289,0,0,16,2,0,0,287,8331,522807,779.4893580000207,18.658213000053365,0.9929800738853767,0.5574442675159236,0.47287441687026005,785,25120,0,0,0,0,35,12,18,72,220,0.05900540672671084,baselines,warehouse-32-batch/hungarian,827.1231660000049
warehouse,32,200,inf,21,hungarian,pp,20,5,1,660,200,0,0,30.303030303030305,277.355,213.625,63.73,12746,14444,302,0,0,11,4,0,0,264,7973,529916,786.6895299999305,18.012738999961584,1.191953833333228,0.6035037878787879,0.42232368322059904,660,21120,0,0,0,0,31,14,24,61,83,0.1054741092659548,baselines,warehouse-32-batch/hungarian,824.5188290000006
warehouse,32,200,inf,22,hungarian,pp,20,5,1,738,200,0,0,27.100271002710027,274.72,212.44,62.28,12456,14394,286,0,0,16,3,0,0,280,8149,522891,737.9107940001268,18.03768300007505,0.9998791246614184,0.5274390243902439,0.5218338711217084,738,23616,0,0,0,0,32,10,17,72,150,0.07735195644516737,baselines,warehouse-32-batch/hungarian,774.7063969999945
warehouse,32,200,inf,23,hungarian,pp,20,5,1,658,200,0,0,30.3951367781155,288.205,223.57,64.635,12927,14556,240,0,0,12,2,0,0,276,8208,531247,745.9239049999451,21.107973000041966,1.1336229559269682,0.6139342705167173,0.47014007831670174,658,21056,0,0,0,0,17,8,18,44,140,0.09512326235231022,baselines,warehouse-32-batch/hungarian,787.0973699999959
warehouse,32,200,inf,24,hungarian,pp,20,5,1,750,200,0,0,26.666666666666668,294.355,228.775,65.58,13116,15154,282,0,0,14,5,0,0,290,8629,519425,780.8948910000181,19.033428999988246,1.0411931880000243,0.5465,0.5129524730494053,750,24000,0,0,0,0,35,7,13,62,138,0.08036175646260516,baselines,warehouse-32-batch/hungarian,836.9525339999964
warehouse,32,200,inf,25,hungarian,pp,20,5,1,744,200,0,0,26.881720430107528,282.615,218,64.615,12923,14968,262,0,0,16,3,0,0,284,8279,533153,778.6428979999982,20.23193300004641,1.0465630349462343,0.5428007392473119,0.5148476796525621,744,23808,0,0,0,0,32,12,19,57,200,0.0806966307811447,baselines,warehouse-32-batch/hungarian,819.1597029999975
warehouse,32,200,inf,26,hungarian,pp,20,5,1,625,200,0,0,32,283.64,216.77,66.87,13374,14718,240,0,0,7,1,0,0,257,7836,498629,729.2961810000998,19.004027000024507,1.1668738896001596,0.6687,0.4141449193362288,625,20000,0,0,0,0,32,12,18,75,5,0.08649647872485347,baselines,warehouse-32-batch/hungarian,772.9076849999983
warehouse,32,200,inf,27,hungarian,pp,20,5,1,580,200,0,0,34.48275862068966,267.405,206.355,61.05,12210,13976,263,0,0,9,1,0,0,251,7599,507580,766.230690999997,17.973897000047145,1.3210873982758569,0.6578663793103449,0.3752403805395897,580,18560,0,0,0,0,18,11,19,52,82,0.0933501027401551,baselines,warehouse-32-batch/hungarian,805.4958310000002
warehouse,32,200,inf,28,hungarian,pp,20,5,1,549,200,0,0,36.42987249544627,273.675,207.68,65.995,13199,13692,265,0,0,5,3,0,0,228,7123,530906,710.1763239999636,19.360246000040206,1.2935816466301706,0.7513091985428051,0.3508558878372851,549,17568,0,0,0,0,12,12,16,65,5,0.06902244053501655,baselines,warehouse-32-batch/hungarian,748.3445399999982
warehouse,32,200,inf,29,hungarian,pp,20,5,1,683,200,0,0,29.282576866764277,294.735,227.41,67.325,13465,15229,337,0,0,14,10,0,0,272,7975,596059,861.1125869999378,17.742541000028723,1.2607797759881958,0.6160779648609077,0.4347907797240445,683,21856,0,0,0,0,30,10,17,50,200,0.0736708040190868,baselines,warehouse-32-batch/hungarian,901.3738779999985
warehouse,32,200,inf,30,hungarian,pp,20,5,1,655,200,0,0,30.53435114503817,288.865,221.765,67.1,13420,14623,296,0,0,5,1,0,0,274,8463,537839,797.3855800000092,19.472751000001153,1.2173825648855103,0.6402671755725191,0.3875955362320267,655,20960,0,0,0,0,14,16,24,146,5,0.0735501124717303,baselines,warehouse-32-batch/hungarian,835.9092400000009
warehouse,32,200,inf,1,pact,pp,20,5,1,697,200,0,0,28.694404591104735,303.325,234.485,68.84,13768,15605,292,0,0,13,4,0,0,264,9370,528718,767.5853000000207,99.14446399997541,1.101270157819255,0.6172883787661406,0.42781107933334683,697,22304,0,0,0,0,26,8,16,72,44,0.0958984760493054,baselines,warehouse-32-batch/pact,808.319067000004
warehouse,32,200,inf,2,pact,pp,20,5,1,629,200,0,0,31.79650238473768,291.905,223.36,68.545,13709,14998,209,0,0,9,4,0,0,266,9264,541665,804.328861999842,88.95669899992936,1.278742228934566,0.6810910174880763,0.39982623962931874,629,20128,0,0,0,0,22,12,17,72,94,0.08120056403186207,baselines,warehouse-32-batch/pact,841.4147310000044
warehouse,32,200,inf,3,pact,pp,20,5,1,735,200,0,0,27.210884353741495,291.305,222.49,68.815,13763,15514,249,0,0,15,0,0,0,284,9791,573356,846.5154980000734,95.48897099988972,1.1517217659864945,0.5851615646258503,0.4907779469496139,735,23520,0,0,0,0,51,12,22,62,144,0.09936164302248776,baselines,warehouse-32-batch/pact,888.8542489999963
warehouse,32,200,inf,4,pact,pp,20,5,1,635,200,0,0,31.496062992125985,274.395,209.665,64.73,12946,14291,368,0,0,9,8,0,0,254,9193,620065,911.8313059999637,98.18789599996671,1.4359548125983679,0.6371062992125984,0.40233901172505293,635,20320,0,0,0,0,40,12,22,59,5,0.10232050995677808,baselines,warehouse-32-batch/pact,951.6971869999979
warehouse,32,200,inf,5,pact,pp,20,5,1,620,200,0,0,32.25806451612903,275.965,210.48,65.485,13097,14278,251,0,0,9,4,0,0,246,8791,501499,745.8585120000062,81.81713500001933,1.20299760000001,0.6601310483870968,0.41435325858482647,620,19840,0,0,0,0,17,11,14,53,50,0.08883096311502273,baselines,warehouse-32-batch/pact,785.3273059999992
warehouse,32,200,inf,6,pact,pp,20,5,1,588,200,0,0,34.01360544217687,275.625,212.59,63.035,12607,14070,290,0,0,8,5,0,0,252,9030,579278,843.2993730000017,98.45761699998548,1.43418260714286,0.6700148809523809,0.45151632160771626,588,18816,0,0,0,0,11,9,17,37,5,0.10077591443471645,baselines,warehouse-32-batch/pact,884.4766620000009
warehouse,32,200,inf,7,pact,pp,20,5,1,629,200,0,0,31.79650238473768,276.54,215.79,60.75,12150,13974,243,0,0,8,1,0,0,259,9618,551747,827.5580950000003,104.5328570000056,1.315672647058824,0.6036367249602543,0.40239084812673653,629,20128,0,0,0,0,21,13,20,70,2,0.08645904505700017,baselines,warehouse-32-batch/pact,866.8621569999959
warehouse,32,200,inf,8,pact,pp,20,5,1,594,200,0,0,33.67003367003367,285.14,216.59,68.55,13710,14790,238,0,0,8,3,0,0,243,8616,559560,798.0878710000106,74.28891600004135,1.3435822744107924,0.7212752525252525,0.339428869017611,594,19008,0,0,0,0,12,13,20,70,89,0.08234758492168093,baselines,warehouse-32-batch/pact,832.877536
warehouse,32,200,inf,9,pact,pp,20,5,1,615,200,0,0,32.520325203252035,278.165,214.88,63.285,12657,14404,246,0,0,7,3,0,0,243,8995,507383,795.3387359999688,109.00264000002062,1.29323371707312,0.6431402439024391,0.39705726263178764,615,19680,0,0,0,0,25,14,19,56,28,0.0504681907052176,baselines,warehouse-32-batch/pact,831.8787860000011
warehouse,32,200,inf,10,pact,pp,20,5,1,625,200,0,0,32,290.785,223.185,67.6,13520,14903,256,0,0,9,3,0,0,261,9033,536899,835.6610300000029,87.54694600001676,1.3370576480000047,0.676,0.4021188720202384,625,20000,0,0,0,0,16,13,25,63,112,0.05764501045141418,baselines,warehouse-32-batch/pact,874.0139629999976
warehouse,32,200,inf,11,pact,pp,20,5,1,641,200,0,0,31.201248049921997,284.32,217.88,66.44,13288,14801,314,0,0,7,7,0,0,259,9389,622962,864.975363000005,96.13124899998365,1.3494155429017238,0.6478159126365055,0.3655170616613319,641,20512,0,0,0,0,15,17,26,63,37,0.10721308069564489,baselines,warehouse-32-batch/pact,901.7350230000011
warehouse,32,200,inf,12,pact,pp,20,5,1,702,200,0,0,28.49002849002849,286.45,219.665,66.785,13357,15375,271,0,0,15,4,0,0,274,9490,528427,778.3344799999977,95.00280500003282,1.1087385754985721,0.5945957977207977,0.4841054136538151,702,22464,0,0,0,0,32,15,26,50,118,0.07441992927882832,baselines,warehouse-32-batch/pact,814.5860450000037
warehouse,32,200,inf,13,pact,pp,20,5,1,611,200,0,0,32.733224222585925,272.94,209.02,63.92,12784,14138,348,0,0,13,9,0,0,252,8693,575441,904.6906939999462,91.61473200004548,1.4806721669393554,0.6538461538461539,0.4375816697957715,611,19552,0,0,0,0,13,14,20,52,173,0.08255372387096357,baselines,warehouse-32-batch/pact,946.7301110000044
warehouse,32,200,inf,14,pact,pp,20,5,1,695,200,0,0,28.776978417266186,278.08,213.8,64.28,12856,15115,217,0,0,16,3,0,0,273,9464,529543,763.2460760000104,87.8162300000331,1.0981957928057704,0.5780575539568346,0.47671481460213827,695,22240,0,0,0,0,28,6,12,68,183,0.07316803608294664,baselines,warehouse-32-batch/pact,801.7440930000012
warehouse,32,200,inf,15,pact,pp,20,5,1,622,200,0,0,32.154340836012864,285.395,218.84,66.555,13311,15031,229,0,0,9,6,0,0,245,8718,518413,791.5202560000034,95.67314299999998,1.2725406045016132,0.6687600482315113,0.3743846685179295,622,19904,0,0,0,0,19,6,11,55,86,0.07523254426103099,baselines,warehouse-32-batch/pact,827.1830530000007
warehouse,32,200,inf,16,pact,pp,20,5,1,640,200,0,0,31.25,273.565,209.87,63.695,12739,14082,366,0,0,10,7,0,0,265,9487,626341,925.8551850000295,92.51162100002693,1.446648726562546,0.622021484375,0.42866746898624397,640,20480,0,0,0,0,12,12,18,96,9,0.06865639219824343,baselines,warehouse-32-batch/pact,966.9328750000059
warehouse,32,200,inf,17,pact,pp,20,5,1,590,200,0,0,33.898305084745765,273.755,208.33,65.425,13085,14592,283,0,0,8,2,0,0,238,8560,529272,821.6393850000313,92.33350100000825,1.392609127118697,0.6930614406779662,0.3780417324697907,590,18880,0,0,0,0,14,12,21,47,110,0.07527624276727535,baselines,warehouse-32-batch/pact,861.5462110000008
warehouse,32,200,inf,18,pact,pp,20,5,1,621,200,0,0,32.2061191626409,272.795,207.975,64.82,12964,14602,222,0,0,8,4,0,0,249,8997,532458,804.3775079999978,96.34128999997483,1.295293893719803,0.6523752012882448,0.38159934749688507,621,19872,0,0,0,0,40,7,12,82,89,0.083767996406929,baselines,warehouse-32-batch/pact,839.8568640000012
warehouse,32,200,inf,19,pact,pp,20,5,1,683,200,0,0,29.282576866764277,287.265,223.6,63.665,12733,14723,260,0,0,12,3,0,0,281,10066,555036,848.5971510000672,102.31294800006435,1.242455565153832,0.5825860175695461,0.4484637967280612,683,21856,0,0,0,0,15,17,23,90,45,0.11843836982641476,baselines,warehouse-32-batch/pact,885.3735469999956
warehouse,32,200,inf,20,pact,pp,20,5,1,775,200,0,0,25.806451612903224,299.26,229.785,69.475,13895,15937,201,0,0,16,3,0,0,289,9766,509548,796.4270870000692,87.9240930000451,1.0276478541936376,0.5602822580645161,0.4783619168702596,775,24800,0,0,0,0,36,12,21,48,241,0.05137983148712599,baselines,warehouse-32-batch/pact,836.8867430000028
warehouse,32,200,inf,21,pact,pp,20,5,1,630,200,0,0,31.746031746031747,276.58,213.045,63.535,12707,14236,308,0,0,9,7,0,0,245,8897,538754,804.2464450000116,106.35167300001922,1.276581658730177,0.6303075396825397,0.40589868322059874,630,20160,0,0,0,0,37,14,19,61,60,0.11575679320469526,baselines,warehouse-32-batch/pact,844.0589859999964
warehouse,32,200,inf,22,pact,pp,20,5,1,776,200,0,0,25.77319587628866,277.62,215.12,62.5,12500,14564,267,0,0,17,4,0,0,293,9942,591240,877.0512210000088,109.35369200000423,1.130220645618568,0.5033827319587629,0.5506088711217089,776,24832,0,0,0,0,45,13,16,97,269,0.054185551775061264,baselines,warehouse-32-batch/pact,922.5762370000011
warehouse,32,200,inf,23,pact,pp,20,5,1,682,200,0,0,29.325513196480937,287.855,223.23,64.625,12925,14971,241,0,0,13,1,0,0,274,9564,591281,856.1689450000049,101.82114800001727,1.2553796847507404,0.5922379032258065,0.4884400783167018,682,21824,0,0,0,0,35,10,17,57,108,0.06333587014470207,baselines,warehouse-32-batch/pact,898.5467250000002
warehouse,32,200,inf,24,pact,pp,20,5,1,748,200,0,0,26.737967914438503,297.405,230.805,66.6,13320,15443,284,0,0,13,2,0,0,292,10229,566255,897.3216009999596,106.03926999995747,1.1996278088234755,0.5564839572192514,0.4880899730494053,748,23936,0,0,0,0,22,14,24,62,133,0.06801510406155137,baselines,warehouse-32-batch/pact,942.2729679999975
warehouse,32,200,inf,25,pact,pp,20,5,1,702,200,0,0,28.49002849002849,280.64,215.435,65.205,13041,14965,236,0,0,14,1,0,0,272,9328,583971,857.8250919999773,80.69537799988757,1.221973065527033,0.5805288461538461,0.4677476796525617,702,22464,0,0,0,0,29,9,15,89,209,0.06025764551106766,baselines,warehouse-32-batch/pact,897.8780659999975
warehouse,32,200,inf,26,pact,pp,20,5,1,615,200,0,0,32.520325203252035,289.845,220.955,68.89,13778,14884,283,0,0,8,4,0,0,255,9034,587411,829.0017740001567,96.22057500008668,1.347970364227897,0.7001016260162601,0.39623241933622877,615,19680,0,0,0,0,12,12,21,86,4,0.1079601393438887,baselines,warehouse-32-batch/pact,870.8097769999949
warehouse,32,200,inf,27,pact,pp,20,5,1,570,200,0,0,35.08771929824562,271.15,208.99,62.16,12432,14035,306,0,0,9,5,0,0,239,8608,568391,785.5104700000375,98.10225500002707,1.3780885438597148,0.6815789473684211,0.3856778805395897,570,18240,0,0,0,0,9,14,20,48,54,0.0980504139067605,baselines,warehouse-32-batch/pact,824.1877820000009
warehouse,32,200,inf,28,pact,pp,20,5,1,551,200,0,0,36.29764065335753,275.08,209.01,66.07,13214,13820,283,0,0,7,5,0,0,227,8118,563548,812.7584939999724,95.35643600002368,1.475060787658752,0.7494328493647913,0.38398088783728485,551,17632,0,0,0,0,11,10,19,60,38,0.1161812193848194,baselines,warehouse-32-batch/pact,853.4504039999956
warehouse,32,200,inf,29,pact,pp,20,5,1,650,200,0,0,30.76923076923077,292.87,225.73,67.14,13428,15081,319,0,0,11,7,0,0,249,8721,606454,849.8145400000067,92.68295200001012,1.3074069846153948,0.645576923076923,0.409828279724044,650,20800,0,0,0,0,8,12,22,49,158,0.063636513645761,baselines,warehouse-32-batch/pact,888.0044540000017
warehouse,32,200,inf,30,pact,pp,20,5,1,643,200,0,0,31.104199066874028,289.42,221.41,68.01,13602,14824,342,0,0,4,1,0,0,263,9585,605707,854.1169550000268,92.879775000074,1.328331189735656,0.661061430793157,0.36270803623202647,643,20576,0,0,0,0,17,16,21,76,4,0.11466874895729312,baselines,warehouse-32-batch/pact,893.7554549999986
warehouse,32,200,inf,1,hungarian,pp,20,5,1,1521,200,0,0,13.149243918474689,599.38,550.07,49.31,9862,15802,26,0,0,20,0,0,0,454,13573,115727,310.47791799996776,18.890399999916553,0.20412749375408795,0.2026216305062459,0.5214985793333634,1521,48672,0,0,0,0,55,2,2,34,20,0.11213697029408343,baselines,warehouse-32-batch/hungarian-dock1,348.66516799999954
warehouse,32,200,inf,2,hungarian,pp,20,5,1,1447,200,0,0,13.8217000691085,582.75,533.445,49.305,9861,15813,30,0,0,20,0,0,0,436,12996,109511,295.4056669999336,19.58717200004321,0.20415042639940126,0.2129621630960608,0.5314262396293344,1447,46304,0,0,0,0,37,2,3,30,64,0.09429921615235784,baselines,warehouse-32-batch/hungarian-dock1,331.6953250000006
warehouse,32,200,inf,3,hungarian,pp,20,5,1,1613,200,0,0,12.399256044637323,590.69,540.85,49.84,9968,15743,36,0,0,23,0,0,0,471,14051,116729,305.35126599999785,20.21430699990742,0.1893064265344066,0.1931184128952263,0.5744904469496317,1613,51616,0,0,0,0,52,2,3,27,46,0.08927718323599823,baselines,warehouse-32-batch/hungarian-dock1,345.2216030000054
warehouse,32,200,inf,4,hungarian,pp,20,5,1,1335,200,0,0,14.9812734082397,547.665,501.36,46.305,9261,14737,42,0,0,18,0,0,0,414,12393,105570,309.60811099995044,18.65969199999381,0.23191618801494415,0.21678370786516854,0.557339011725067,1335,42720,0,0,0,0,46,2,3,23,29,0.10165607643593241,baselines,warehouse-32-batch/hungarian-dock1,350.7436200000011
warehouse,32,200,inf,5,hungarian,pp,20,5,1,1385,200,0,0,14.440433212996389,558.68,511.14,47.54,9508,15256,37,0,0,19,0,0,0,415,12396,107438,281.36119000001054,16.724917999992613,0.203148873646217,0.2145306859205776,0.5536157585848411,1385,44320,0,0,0,0,50,2,2,29,18,0.09228150513732347,baselines,warehouse-32-batch/hungarian-dock1,316.86689599999954
warehouse,32,200,inf,6,hungarian,pp,20,5,1,1318,200,0,0,15.174506828528072,563.065,516.435,46.63,9326,14564,19,0,0,16,0,0,0,419,12638,101499,266.17238499996165,19.75083100001939,0.20195173368737607,0.22112101669195752,0.5437413216077305,1318,42176,0,0,0,0,30,2,2,23,5,0.09235769707691016,baselines,warehouse-32-batch/hungarian-dock1,304.0120590000006
warehouse,32,200,inf,7,hungarian,pp,20,5,1,1469,200,0,0,13.614703880190605,571.525,525.855,45.67,9134,14259,14,0,0,18,0,0,0,438,13188,97068,268.8509870000271,17.46346600000834,0.18301632879511714,0.1943073519400953,0.5283783481267534,1469,47008,0,0,0,0,43,2,2,22,18,0.08356084402576439,baselines,warehouse-32-batch/hungarian-dock1,310.8538369999951
warehouse,32,200,inf,8,hungarian,pp,20,5,1,1227,200,0,0,16.299918500407497,574.24,524.795,49.445,9889,15688,29,0,0,23,0,0,0,398,11621,112643,297.4169119998551,19.158591999934288,0.24239357131202532,0.25185920945395274,0.6091413690176218,1227,39264,0,0,0,0,21,1,3,40,114,0.08457448090184655,baselines,warehouse-32-batch/hungarian-dock1,330.98127399999794
warehouse,32,200,inf,9,hungarian,pp,20,5,1,1340,200,0,0,14.925373134328359,559.55,513.355,46.195,9239,14529,26,0,0,15,0,0,0,422,12774,94571,263.9066609999645,17.71608299997024,0.1969452694029586,0.2154617537313433,0.48666976263180195,1340,42880,0,0,0,0,30,2,2,28,4,0.10058021696862213,baselines,warehouse-32-batch/hungarian-dock1,299.18367800000124
warehouse,32,200,inf,10,hungarian,pp,20,5,1,1329,200,0,0,15.048908954100828,573.27,525.47,47.8,9560,15190,33,0,0,18,0,0,0,412,12289,102974,260.03926099997625,17.856216999920434,0.19566535816401523,0.2247930775018811,0.5216188720202525,1329,42528,0,0,0,0,43,2,2,22,4,0.09196581718437563,baselines,warehouse-32-batch/hungarian-dock1,293.0092910000021
warehouse,32,200,inf,11,hungarian,pp,20,5,1,1329,200,0,0,15.048908954100828,554.85,507.65,47.2,9440,15028,32,0,0,18,0,0,0,421,12591,112648,284.31005899995216,17.68388999984745,0.21392780963126573,0.2219714070729872,0.5581295616613456,1329,42528,0,0,0,0,41,2,3,23,5,0.07785928206165302,baselines,warehouse-32-batch/hungarian-dock1,316.9616539999988
warehouse,32,200,inf,12,hungarian,pp,20,5,1,1518,200,0,0,13.175230566534914,585.72,537.215,48.505,9701,15954,28,0,0,21,0,0,0,455,13527,102107,284.63617300005717,19.64821699987806,0.18750736034259366,0.199707674571805,0.5345804136538311,1518,48576,0,0,0,0,38,2,2,23,115,0.110201896520149,baselines,warehouse-32-batch/hungarian-dock1,321.534047000001
warehouse,32,200,inf,13,hungarian,pp,20,5,1,1232,200,0,0,16.233766233766232,554.12,507.785,46.335,9267,14181,34,0,0,18,0,0,0,398,11808,105909,274.81152100016334,16.352968999977747,0.2230612995131196,0.235059862012987,0.540944169795784,1232,39424,0,0,0,0,15,2,2,24,31,0.0773537238709652,baselines,warehouse-32-batch/hungarian-dock1,308.9916049999956
warehouse,32,200,inf,14,hungarian,pp,20,5,1,1570,200,0,0,12.738853503184714,576.265,528.31,47.955,9591,15455,31,0,0,22,0,0,0,458,13679,110776,284.46149499998864,21.616781000026094,0.1811856656050883,0.19090366242038218,0.5329023146021559,1570,50240,0,0,0,0,50,2,2,29,62,0.07570294398386337,baselines,warehouse-32-batch/hungarian-dock1,317.78895300000295
warehouse,32,200,inf,15,hungarian,pp,20,5,1,1384,200,0,0,14.45086705202312,580.365,531.55,48.815,9763,15507,33,0,0,19,0,0,0,423,12562,102596,254.2320229998004,15.019748999933654,0.18369365823685,0.22044346098265896,0.5199721685179448,1384,44288,0,0,0,0,46,2,2,22,53,0.08973647223785772,baselines,warehouse-32-batch/hungarian-dock1,287.5211580000032
warehouse,32,200,inf,16,hungarian,pp,20,5,1,1483,200,0,0,13.486176668914363,543.795,498.05,45.745,9149,14389,24,0,0,19,0,0,0,442,13372,100271,263.9125060000806,19.86892700000317,0.17795853405265044,0.19278910991233986,0.5146674689862603,1483,47456,0,0,0,0,54,2,2,26,19,0.08319695582203845,baselines,warehouse-32-batch/hungarian-dock1,296.654469000001
warehouse,32,200,inf,17,hungarian,pp,20,5,1,1238,200,0,0,16.15508885298869,561.24,513.56,47.68,9536,15034,32,0,0,18,0,0,0,408,12145,104581,276.07444400017994,18.1056989999488,0.22300035864311787,0.2407108239095315,0.5381792324698033,1238,39616,0,0,0,0,22,2,3,27,5,0.09907778827325117,baselines,warehouse-32-batch/hungarian-dock1,310.50915299999906
warehouse,32,200,inf,18,hungarian,pp,20,5,1,1390,200,0,0,14.388489208633093,579.8,530.96,48.84,9768,15281,26,0,0,20,0,0,0,421,12543,103917,262.64083199996094,17.187115999957314,0.18895023884889275,0.2196043165467626,0.5523993474968997,1390,44480,0,0,0,0,44,1,2,25,3,0.10127264181897272,baselines,warehouse-32-batch/hungarian-dock1,296.0587960000048
warehouse,32,200,inf,19,hungarian,pp,20,5,1,1606,200,0,0,12.453300124533001,588.905,541.235,47.67,9534,15073,26,0,0,18,0,0,0,473,14362,111935,288.1347260000912,18.05215200001112,0.17941141095896088,0.18551525529265256,0.4756262967280787,1606,51392,0,0,0,0,53,2,2,36,28,0.087652881606118,baselines,warehouse-32-batch/hungarian-dock1,323.9550300000046
warehouse,32,200,inf,20,hungarian,pp,20,5,1,1683,200,0,0,11.883541295306001,607.525,557.29,50.235,10047,16245,25,0,0,22,0,0,0,482,14446,115508,285.90051100014534,16.724621000059415,0.16987552644096574,0.1865530303030303,0.5289119168702792,1683,53856,0,0,0,0,51,2,2,39,5,0.096002312617191,baselines,warehouse-32-batch/hungarian-dock1,321.6266570000007
warehouse,32,200,inf,21,hungarian,pp,20,5,1,1453,200,0,0,13.764624913971094,563.365,516.53,46.835,9367,14987,25,0,0,20,0,0,0,436,13020,100846,257.6169560000126,17.507516999998188,0.1773000385409584,0.20145818995182382,0.554836183220615,1453,46496,0,0,0,0,54,2,3,23,80,0.09394561078604652,baselines,warehouse-32-batch/hungarian-dock1,293.28832500000135
warehouse,32,200,inf,22,hungarian,pp,20,5,1,1666,200,0,0,12.004801920768307,565.75,519.465,46.285,9257,15008,34,0,0,25,0,0,0,487,14500,110300,275.2782299999817,14.968316999867966,0.165233031212474,0.17363820528211285,0.579908871121726,1666,53312,0,0,0,0,49,2,2,29,5,0.08693416619114744,baselines,warehouse-32-batch/hungarian-dock1,312.1670069999964
warehouse,32,200,inf,23,hungarian,pp,20,5,1,1462,200,0,0,13.679890560875513,578.595,531.25,47.345,9469,14855,40,0,0,18,0,0,0,440,13244,104679,270.8754130000016,16.492050999957428,0.1852773002735989,0.2023982558139535,0.5075900783167179,1462,46784,0,0,0,0,43,2,2,26,5,0.08558729558698847,baselines,warehouse-32-batch/hungarian-dock1,302.78785100000096
warehouse,32,200,inf,24,hungarian,pp,20,5,1,1779,200,0,0,11.242270938729623,609.76,560.92,48.84,9768,15687,29,0,0,21,0,0,0,500,15041,107092,282.87355100014975,18.28665399998863,0.15900705508721177,0.17158516020236086,0.5283149730494264,1779,56928,0,0,0,0,60,2,2,23,5,0.08896799943540695,baselines,warehouse-32-batch/hungarian-dock1,320.43292900000233
warehouse,32,200,inf,25,hungarian,pp,20,5,1,1680,200,0,0,11.904761904761905,581.195,533.43,47.765,9553,15231,31,0,0,23,0,0,0,479,14296,102137,276.42085699993186,15.328389000002062,0.16453622440472135,0.1776971726190476,0.5605976796525809,1680,53760,0,0,0,0,64,2,2,22,5,0.0819687409717601,baselines,warehouse-32-batch/hungarian-dock1,310.4951660000006
warehouse,32,200,inf,26,hungarian,pp,20,5,1,1360,200,0,0,14.705882352941176,572.29,523.93,48.36,9672,15082,39,0,0,19,0,0,0,421,12578,108551,300.94924400003947,18.20515700004762,0.22128620882355843,0.22224264705882352,0.6053074193362433,1360,43520,0,0,0,0,48,2,2,40,4,0.09045642627329281,baselines,warehouse-32-batch/hungarian-dock1,335.35649600000033
warehouse,32,200,inf,27,hungarian,pp,20,5,1,1249,200,0,0,16.01281024819856,564.365,517.63,46.735,9347,14834,28,0,0,20,0,0,0,398,11769,102589,252.61322499993548,18.02874799998972,0.20225238190547276,0.23386208967173738,0.5727778805396025,1249,39968,0,0,0,0,24,2,2,28,33,0.09643859464302812,baselines,warehouse-32-batch/hungarian-dock1,284.0967779999992
warehouse,32,200,inf,28,hungarian,pp,20,5,1,1134,200,0,0,17.63668430335097,548.7,501.8,46.9,9380,14491,30,0,0,18,0,0,0,382,11414,119962,300.7778520000429,18.81121199997142,0.2652362010582389,0.25848765432098764,0.5453808878372957,1134,36288,0,0,0,0,32,1,2,38,14,0.08965061079208592,baselines,warehouse-32-batch/hungarian-dock1,334.19615299999714
warehouse,32,200,inf,29,hungarian,pp,20,5,1,1443,200,0,0,13.86001386001386,598.31,549.855,48.455,9691,15466,26,0,0,23,0,0,0,447,13261,110199,244.3131490000451,13.817374999933236,0.1693091815662128,0.20987092862092863,0.5579907797240586,1443,46176,0,0,0,0,50,2,2,27,34,0.09590601243954278,baselines,warehouse-32-batch/hungarian-dock1,274.7868659999949
warehouse,32,200,inf,30,hungarian,pp,20,5,1,1352,200,0,0,14.792899408284024,570.6,523.115,47.485,9497,15204,27,0,0,20,0,0,0,414,12361,106280,284.1261389999854,16.624829999964277,0.21015246967454543,0.21951275887573965,0.6202580362320399,1352,43264,0,0,0,0,40,2,2,25,103,0.08814400478974371,baselines,warehouse-32-batch/hungarian-dock1,317.7865179999935
warehouse,32,200,inf,1,pact,pp,20,5,1,1542,200,0,0,12.970168612191959,602.525,553.42,49.105,9821,15974,27,0,0,22,0,0,0,467,18527,205245,442.48507999996946,198.42209599991475,0.2869553047989426,0.1990312905317769,0.5513485793333632,1542,49344,0,0,0,0,55,2,2,28,24,0.10339124666694749,baselines,warehouse-32-batch/pact-dock1,476.4411140000011
warehouse,32,200,inf,2,pact,pp,20,5,1,1420,200,0,0,14.084507042253522,577.255,528.29,48.965,9793,15778,34,0,0,17,0,0,0,425,17219,207361,480.68597900006716,229.04532400001335,0.3385112528169487,0.2155149647887324,0.4873262396293346,1420,45440,0,0,0,0,37,2,3,34,47,0.083248027627734,baselines,warehouse-32-batch/pact-dock1,514.8145059999952
warehouse,32,200,inf,3,pact,pp,20,5,1,1583,200,0,0,12.634238787113077,573.66,525.03,48.63,9726,15638,32,0,0,20,0,0,0,467,18453,215026,489.5601539999552,223.69896600003267,0.3092609943145643,0.19200094756790903,0.5400529469496317,1583,50656,0,0,0,0,52,2,2,22,17,0.09033108025696532,baselines,warehouse-32-batch/pact-dock1,529.678648000001
warehouse,32,200,inf,4,pact,pp,20,5,1,1293,200,0,0,15.467904098994586,544.975,498.7,46.275,9255,14188,30,0,0,15,0,0,0,414,17048,209263,479.4727410001069,226.0983420001212,0.37082191879358617,0.22368039443155452,0.5146265117250663,1293,41376,0,0,0,0,40,2,3,22,3,0.09352577685769731,baselines,warehouse-32-batch/pact-dock1,513.8533939999979
warehouse,32,200,inf,5,pact,pp,20,5,1,1354,200,0,0,14.771048744460856,553.26,506.1,47.16,9432,15121,34,0,0,19,0,0,0,418,16870,210512,539.4565339998735,254.48522099996626,0.39841693796150185,0.21768833087149186,0.5649782585848402,1354,43328,0,0,0,0,50,2,2,21,71,0.09268247010037828,baselines,warehouse-32-batch/pact-dock1,577.8065239999996
warehouse,32,200,inf,6,pact,pp,20,5,1,1290,200,0,0,15.503875968992247,555.135,509.26,45.875,9175,14524,21,0,0,17,0,0,0,400,16534,189867,447.8052929999103,219.3979330000584,0.3471358860464421,0.2222625968992248,0.5792663216077294,1290,41280,0,0,0,0,32,2,2,16,79,0.08258193425630284,baselines,warehouse-32-batch/pact-dock1,480.45007500000065
warehouse,32,200,inf,7,pact,pp,20,5,1,1473,200,0,0,13.577732518669382,575.23,529.16,46.07,9214,14234,25,0,0,18,0,0,0,447,18232,204668,470.50642200000584,222.1981799999994,0.3194205173116129,0.19547691785471827,0.49326584812675367,1473,47136,0,0,0,0,34,2,2,33,9,0.10247035399451906,baselines,warehouse-32-batch/pact-dock1,505.115942000004
warehouse,32,200,inf,8,pact,pp,20,5,1,1219,200,0,0,16.406890894175554,575.445,526.265,49.18,9836,15555,24,0,0,21,0,0,0,395,15867,207469,495.6107069999707,223.91285499999503,0.4065715397866864,0.25215340442986056,0.600253869017622,1219,39008,0,0,0,0,27,1,2,26,51,0.07989950094819531,baselines,warehouse-32-batch/pact-dock1,530.2756759999975
warehouse,32,200,inf,9,pact,pp,20,5,1,1333,200,0,0,15.003750937734434,566.385,519.42,46.965,9393,14735,20,0,0,14,0,0,0,421,17314,204040,512.4538710000488,237.98691799996595,0.38443651237813115,0.22020348837209303,0.4853572626318021,1333,42656,0,0,0,0,41,2,2,36,4,0.10503080506753973,baselines,warehouse-32-batch/pact-dock1,551.0051539999986
warehouse,32,200,inf,10,pact,pp,20,5,1,1297,200,0,0,15.420200462606013,579.13,530.485,48.645,9729,15416,24,0,0,19,0,0,0,402,16346,204305,402.12974799991935,183.72798599994712,0.3100460663067998,0.23441114109483424,0.5460938720202516,1297,41504,0,0,0,0,31,2,2,32,5,0.09678669048436717,baselines,warehouse-32-batch/pact-dock1,433.95599900000525
warehouse,32,200,inf,11,pact,pp,20,5,1,1326,200,0,0,15.082956259426847,559.38,511.875,47.505,9501,15147,39,0,0,18,0,0,0,415,17043,220050,493.20681900010095,232.12252600010834,0.37195084389147887,0.22391119909502263,0.5209795616613454,1326,42432,0,0,0,0,41,2,2,36,5,0.09285275583845187,baselines,warehouse-32-batch/pact-dock1,528.0518239999947
warehouse,32,200,inf,12,pact,pp,20,5,1,1500,200,0,0,13.333333333333334,587.09,538.28,48.81,9762,15940,38,0,0,20,0,0,0,447,17923,199054,485.4649649999992,221.64187900002435,0.32364330999999946,0.203375,0.5109054136538306,1500,48000,0,0,0,0,34,2,2,23,45,0.08507545677386186,baselines,warehouse-32-batch/pact-dock1,522.5086819999997
warehouse,32,200,inf,13,pact,pp,20,5,1,1245,200,0,0,16.06425702811245,556.57,509.83,46.74,9348,14396,36,0,0,21,0,0,0,404,16571,226177,465.86001600002055,220.02465999998094,0.3741847518072454,0.23463855421686747,0.5133066697957837,1245,39840,0,0,0,0,21,2,2,23,53,0.107322126952937,baselines,warehouse-32-batch/pact-dock1,500.4553470000028
warehouse,32,200,inf,14,pact,pp,20,5,1,1536,200,0,0,13.020833333333334,573.075,525.27,47.805,9561,15159,26,0,0,21,0,0,0,452,18029,208324,486.71054699998786,216.60112400004436,0.3168688457031171,0.19451904296875,0.5501898146021551,1536,49152,0,0,0,0,50,2,2,25,22,0.08238959939666382,baselines,warehouse-32-batch/pact-dock1,522.4221159999943
warehouse,32,200,inf,15,pact,pp,20,5,1,1398,200,0,0,14.30615164520744,579.15,530.625,48.525,9705,15782,31,0,0,19,0,0,0,423,17056,201583,501.218346000016,228.41698299996642,0.35852528326181404,0.21693937768240343,0.48754716851794455,1398,44736,0,0,0,0,46,2,3,30,33,0.08758169105761773,baselines,warehouse-32-batch/pact-dock1,538.3798880000031
warehouse,32,200,inf,16,pact,pp,20,5,1,1473,200,0,0,13.577732518669382,539.875,494.725,45.15,9030,14215,21,0,0,18,0,0,0,446,18090,196574,491.6372610000253,234.88728099998843,0.3337659613034795,0.19157331975560082,0.533529968986261,1473,47136,0,0,0,0,39,2,2,25,54,0.1045969558220392,baselines,warehouse-32-batch/pact-dock1,529.4327380000032
warehouse,32,200,inf,17,pact,pp,20,5,1,1264,200,0,0,15.822784810126583,562.73,514.88,47.85,9570,15148,47,0,0,20,0,0,0,407,16521,212492,475.45445400004246,215.3111930000232,0.37615067563294496,0.23660007911392406,0.5621417324698033,1264,40448,0,0,0,0,30,1,2,34,5,0.08212846061140994,baselines,warehouse-32-batch/pact-dock1,510.1427209999965
warehouse,32,200,inf,18,pact,pp,20,5,1,1449,200,0,0,13.802622498274673,580.89,531.88,49.01,9802,15894,35,0,0,23,0,0,0,446,17695,208324,458.6352480000569,211.16424600003666,0.31651845962736846,0.21139579020013802,0.5818243474969002,1449,46368,0,0,0,0,45,2,2,21,5,0.1068603268478161,baselines,warehouse-32-batch/pact-dock1,493.96270099999674
warehouse,32,200,inf,19,pact,pp,20,5,1,1601,200,0,0,12.492192379762649,592.21,544.395,47.815,9563,15237,24,0,0,18,0,0,0,469,18990,225704,498.9226560000243,235.25804599997355,0.3116318900687222,0.1866606808244847,0.47740129672807885,1601,51232,0,0,0,0,53,2,2,39,5,0.08915443150270735,baselines,warehouse-32-batch/pact-dock1,539.1981500000038
warehouse,32,200,inf,20,pact,pp,20,5,1,1776,200,0,0,11.26126126126126,618.76,568.155,50.605,10121,16355,28,0,0,23,0,0,0,510,19808,226476,451.9296369999356,206.01604499985842,0.25446488569816195,0.17808628941441443,0.5382744168702809,1776,56832,0,0,0,0,51,2,3,33,3,0.1003515819435952,baselines,warehouse-32-batch/pact-dock1,489.6850540000014
warehouse,32,200,inf,21,pact,pp,20,5,1,1462,200,0,0,13.679890560875513,565.44,518.425,47.015,9403,14750,23,0,0,18,0,0,0,446,17914,206061,479.8670540000967,219.09041799994884,0.3282264391245531,0.2009875170998632,0.5238611832206153,1462,46784,0,0,0,0,54,2,2,21,83,0.08791200072598229,baselines,warehouse-32-batch/pact-dock1,516.6284410000007
warehouse,32,200,inf,22,pact,pp,20,5,1,1699,200,0,0,11.771630370806356,577.745,530.96,46.785,9357,15112,37,0,0,23,0,0,0,485,19091,224543,512.8137930000084,226.24905700001545,0.3018327210123652,0.1721049146556798,0.5357713711217272,1699,54368,0,0,0,0,49,2,2,59,5,0.07953416619114856,baselines,warehouse-32-batch/pact-dock1,553.1064060000062
warehouse,32,200,inf,23,pact,pp,20,5,1,1467,200,0,0,13.6332651670075,577.87,530.565,47.305,9461,14954,28,0,0,19,0,0,0,438,17686,199425,466.22598899994773,215.784649000052,0.31780912678933043,0.20153800272665304,0.5353150783167175,1467,46944,0,0,0,0,43,1,2,25,31,0.08998729558698854,baselines,warehouse-32-batch/pact-dock1,506.4850060000026
warehouse,32,200,inf,24,pact,pp,20,5,1,1720,200,0,0,11.627906976744185,612.87,563.58,49.29,9858,15524,25,0,0,20,0,0,0,490,19318,203373,494.6218739998221,221.4047559999599,0.28757085697664075,0.17910610465116278,0.5212774730494255,1720,55040,0,0,0,0,60,2,2,23,5,0.09275529488381573,baselines,warehouse-32-batch/pact-dock1,536.8374140000014
warehouse,32,200,inf,25,pact,pp,20,5,1,1680,200,0,0,11.904761904761905,580.835,532.885,47.95,9590,15320,32,0,0,23,0,0,0,480,18808,200506,464.80283500002406,213.05403300011676,0.276668354166681,0.17838541666666666,0.5582101796525811,1680,53760,0,0,0,0,64,2,2,24,5,0.1026175822328805,baselines,warehouse-32-batch/pact-dock1,504.0369340000034
warehouse,32,200,inf,26,pact,pp,20,5,1,1335,200,0,0,14.9812734082397,574.86,526.78,48.08,9616,15067,26,0,0,17,0,0,0,415,16978,213185,474.0901040000681,218.61950400005298,0.3551236734082907,0.2250936329588015,0.5668074193362427,1335,42720,0,0,0,0,32,2,2,35,4,0.092939307031037,baselines,warehouse-32-batch/pact-dock1,511.73587699999916
warehouse,32,200,inf,27,pact,pp,20,5,1,1255,200,0,0,15.936254980079681,562.88,516.23,46.65,9330,14789,19,0,0,18,0,0,0,398,16287,195969,443.2033999999476,201.46510799998214,0.3531501195218706,0.2323207171314741,0.5273653805396027,1255,40160,0,0,0,0,24,2,2,28,20,0.10840761559661505,baselines,warehouse-32-batch/pact-dock1,474.04911600000196
warehouse,32,200,inf,28,pact,pp,20,5,1,1109,200,0,0,18.034265103697024,546.285,499.48,46.805,9361,14388,38,0,0,14,0,0,0,376,15680,218900,508.9166799999657,231.44212200007314,0.4588969161406363,0.2637793056807935,0.5090808878372958,1109,35488,0,0,0,0,19,2,2,22,41,0.1033874379882666,baselines,warehouse-32-batch/pact-dock1,546.2921619999979
warehouse,32,200,inf,29,pact,pp,20,5,1,1464,200,0,0,13.66120218579235,593.585,545.38,48.205,9641,15308,34,0,0,19,0,0,0,442,17764,201255,426.3353319998132,182.88442400006898,0.29121265846981775,0.20579320355191258,0.4836407797240599,1464,46848,0,0,0,0,51,2,2,22,26,0.07870601243954267,baselines,warehouse-32-batch/pact-dock1,462.05785099999775
warehouse,32,200,inf,30,pact,pp,20,5,1,1383,200,0,0,14.461315979754158,569.61,521.83,47.78,9556,15111,37,0,0,20,0,0,0,427,17413,217882,458.18565700006,216.93392399997538,0.33129837816345625,0.21592552422270428,0.5851830362320407,1383,44256,0,0,0,0,40,2,2,42,81,0.07831431104485181,baselines,warehouse-32-batch/pact-dock1,497.5661639999962
warehouse,16,200,0.15,1,hungarian,pp,20,5,1,2015,200,0,0,9.925558312655086,178.44,113.39,65.05,13010,15074,19,0,0,23,0,0,0,0,472,18357,108.4485829999976,0,0.053820636724564566,0.40353598014888337,0.6427108060718351,2015,32240,0,0,0,0,50,1,3,5,37,0.04873697029408114,baselines,warehouse-16-poisson/tp,138.151383000004
warehouse,16,200,0.15,2,hungarian,pp,20,5,1,1971,200,0,0,10.147133434804667,199.91,134.535,65.375,13075,14638,27,0,0,19,0,0,0,0,460,18279,109.57374700021319,0,0.055592971588134546,0.41460553018772195,0.5922516031580234,1971,31536,0,0,0,0,62,2,3,5,39,0.07473349476066768,baselines,warehouse-16-poisson/tp,143.23375400000077
warehouse,16,200,0.15,3,hungarian,pp,20,5,1,1934,200,0,0,10.341261633919338,172.405,108.47,63.935,12787,14327,14,0,0,21,0,0,0,0,458,17211,103.08656200005498,0,0.05330225542919079,0.41323035160289556,0.5566599542647199,1934,30944,0,0,0,0,57,1,2,3,44,0.0713964408407129,baselines,warehouse-16-poisson/tp,131.70150699999795
warehouse,16,200,0.15,4,hungarian,pp,20,5,1,2001,200,0,0,9.995002498750624,189.825,127.665,62.16,12432,14030,15,0,0,19,0,0,0,0,463,17356,115.66458499988221,0,0.057803390804538834,0.38830584707646176,0.6398178472949396,2001,32016,0,0,0,0,62,1,2,4,49,0.06043395045716371,baselines,warehouse-16-poisson/tp,143.94939899999736
warehouse,16,200,0.15,5,hungarian,pp,20,5,1,2051,200,0,0,9.751340809361286,167.35,101.76,65.59,13118,14896,26,0,0,19,0,0,0,0,465,18048,97.0983090000882,0,0.04734193515362662,0.39974402730375425,0.5692479146697295,2051,32816,0,0,0,0,39,2,2,4,28,0.05598941111061767,baselines,warehouse-16-poisson/tp,129.6642240000001
warehouse,16,200,0.15,6,hungarian,pp,20,5,1,1684,200,0,0,11.876484560570072,177.105,111.585,65.52,13104,14556,18,0,0,20,0,0,0,0,459,17929,92.35594500017032,0,0.05484319774356908,0.48634204275534443,0.5592824562555648,1684,26944,0,0,0,0,35,2,2,5,19,0.05196971293483832,baselines,warehouse-16-poisson/tp,120.85793199999898
warehouse,16,200,0.15,7,hungarian,pp,20,5,1,1882,200,0,0,10.626992561105208,153.485,89.905,63.58,12716,14904,23,0,0,20,0,0,0,0,474,18463,98.34717700006149,0,0.05225673591926753,0.4222901168969182,0.614075750901752,1882,30112,0,0,0,0,50,2,2,5,44,0.06897912878729573,baselines,warehouse-16-poisson/tp,123.46605300000374
warehouse,16,200,0.15,8,hungarian,pp,20,5,1,1946,200,0,0,10.277492291880781,222.27,159.145,63.125,12625,14126,22,0,0,19,0,0,0,0,456,16390,101.84187600002042,0,0.05233395477904441,0.40547918807810895,0.5469712900739119,1946,31136,0,0,0,0,35,2,2,3,1,0.07947921479792447,baselines,warehouse-16-poisson/tp,128.2160259999946
warehouse,16,200,0.15,9,hungarian,pp,20,5,1,2477,200,0,0,8.074283407347599,240.37,176.905,63.465,12693,14964,12,0,0,21,0,0,0,0,476,17474,158.69593500017072,0,0.06406779773926957,0.3202714977795721,0.6059003084833207,2477,39632,0,0,0,0,60,1,2,3,56,0.06475921675712243,baselines,warehouse-16-poisson/tp,195.4425209999972
warehouse,16,200,0.15,10,hungarian,pp,20,5,1,1698,200,0,0,11.778563015312132,168.165,107.085,61.08,12216,13653,12,0,0,19,0,0,0,0,456,16593,84.2361989999772,0,0.049609068904580216,0.4496466431095406,0.5982499826095329,1698,27168,0,0,0,0,51,1,2,3,4,0.05854347911439994,baselines,warehouse-16-poisson/tp,115.9475139999995
warehouse,16,200,0.15,11,hungarian,pp,20,5,1,2186,200,0,0,9.149130832570906,246.445,181.505,64.94,12988,14880,20,0,0,22,0,0,0,0,467,18562,116.40008800014039,0,0.05324798170180255,0.37134034766697166,0.6741903431739762,2186,34976,0,0,0,0,49,2,2,5,9,0.07585275583846002,baselines,warehouse-16-poisson/tp,143.31759199999942
warehouse,16,200,0.15,12,hungarian,pp,20,5,1,1806,200,0,0,11.074197120708748,150.615,86.16,64.455,12891,14812,23,0,0,20,0,0,0,0,470,17864,82.88383399990562,0,0.04589359579175283,0.4461171096345515,0.5668509480707259,1806,28896,0,0,0,0,33,2,2,3,39,0.06720461495705543,baselines,warehouse-16-poisson/tp,108.10343499999726
warehouse,16,200,0.15,13,hungarian,pp,20,5,1,1921,200,0,0,10.41124414367517,214.515,147.38,67.135,13427,15137,19,0,0,23,0,0,0,0,464,17376,96.57643500008999,0,0.050274042165585626,0.4368492972410203,0.6582984507257515,1921,30736,0,0,0,0,45,2,2,3,45,0.06668342598937921,baselines,warehouse-16-poisson/tp,123.17388999999821
warehouse,16,200,0.15,14,hungarian,pp,20,5,1,2040,200,0,0,9.803921568627452,174.675,114.01,60.665,12133,14134,16,0,0,20,0,0,0,0,473,16076,91.00385499998083,0,0.04460973284312786,0.3717218137254902,0.6054688667992324,2040,32640,0,0,0,0,56,3,4,4,34,0.06368298047782661,baselines,warehouse-16-poisson/tp,114.30411699999968
warehouse,16,200,0.15,15,hungarian,pp,20,5,1,1880,200,0,0,10.638297872340425,219.33,152.565,66.765,13353,14828,21,0,0,21,0,0,0,0,459,20013,108.62852699990617,0,0.05778113138292881,0.4439162234042553,0.6058741536888449,1880,30080,0,0,0,0,44,1,2,5,34,0.0643578873999438,baselines,warehouse-16-poisson/tp,138.8246799999979
warehouse,16,200,0.15,16,hungarian,pp,20,5,1,2153,200,0,0,9.289363678588018,249.15,183.285,65.865,13173,15139,25,0,0,24,0,0,0,0,470,18179,126.08599500001583,0,0.05856293311658887,0.3824024616813748,0.730738201764247,2153,34448,0,0,0,0,62,2,2,4,1,0.08080813041498236,baselines,warehouse-16-poisson/tp,149.2206520000036
warehouse,16,200,0.15,17,hungarian,pp,20,5,1,1861,200,0,0,10.746910263299302,199.75,136.07,63.68,12736,14378,21,0,0,20,0,0,0,0,462,16974,88.80207000002702,0,0.04771739387427567,0.4277270284793122,0.6434728026482904,1861,29776,0,0,0,0,64,1,2,4,4,0.08629258893206854,baselines,warehouse-16-poisson/tp,114.20687600000383
warehouse,16,200,0.15,18,hungarian,pp,20,5,1,2326,200,0,0,8.598452278589853,237.905,174.32,63.585,12717,14678,13,0,0,22,0,0,0,0,467,18001,115.24927800001751,0,0.0495482708512543,0.3417078675838349,0.6270701615281776,2326,37216,0,0,0,0,62,1,2,3,42,0.06917697026041747,baselines,warehouse-16-poisson/tp,142.2074749999956
warehouse,16,200,0.15,19,hungarian,pp,20,5,1,1930,200,0,0,10.362694300518134,197.305,131.68,65.625,13125,14713,17,0,0,21,0,0,0,0,459,17089,117.77153400005773,0,0.0610215202072838,0.42503238341968913,0.6407391637009278,1930,30880,0,0,0,0,53,1,2,4,54,0.05405820478424633,baselines,warehouse-16-poisson/tp,143.12265399999887
warehouse,16,200,0.15,20,hungarian,pp,20,5,1,2119,200,0,0,9.438414346389807,194.48,128.795,65.685,13137,15324,20,0,0,23,0,0,0,0,478,18033,106.01998200010712,0,0.05003302595569001,0.387476403964134,0.6739620613740948,2119,33904,0,0,0,0,54,2,2,4,46,0.056713017641567554,baselines,warehouse-16-poisson/tp,131.9819770000031
warehouse,16,200,0.15,21,hungarian,pp,20,5,1,2075,200,0,0,9.63855421686747,174.97,112.35,62.62,12524,14732,18,0,0,22,0,0,0,0,476,16461,128.5138219999717,0,0.06193437204817913,0.3772289156626506,0.6806545439095905,2075,33200,0,0,0,0,58,1,2,3,24,0.0499456107860442,baselines,warehouse-16-poisson/tp,152.63521800000308
warehouse,16,200,0.15,22,hungarian,pp,20,5,1,2199,200,0,0,9.095043201455207,207.515,141.705,65.81,13162,14854,15,0,0,22,0,0,0,0,463,17692,109.31717800007027,0,0.04971222282859039,0.3740904956798545,0.6203039204684431,2199,35184,0,0,0,0,56,2,2,3,4,0.07516611549370084,baselines,warehouse-16-poisson/tp,141.67765900000086
warehouse,16,200,0.15,23,hungarian,pp,20,5,1,2013,200,0,0,9.935419771485344,191.53,126.84,64.69,12938,14958,16,0,0,22,0,0,0,0,470,17275,100.27177100016706,0,0.04981210680584554,0.4017014406358669,0.6449421400786559,2013,32208,0,0,0,0,64,1,2,3,26,0.050934842384244755,baselines,warehouse-16-poisson/tp,135.27290699999867
warehouse,16,200,0.15,24,hungarian,pp,20,5,1,2203,200,0,0,9.078529278256923,207.45,143.99,63.46,12692,14957,27,0,0,21,0,0,0,0,475,17133,154.89438000007067,0,0.07031065819340475,0.3600771674988652,0.6061746626110507,2203,35248,0,0,0,0,59,1,2,3,18,0.056063557162695066,baselines,warehouse-16-poisson/tp,205.18058400000155
warehouse,16,200,0.15,25,hungarian,pp,20,5,1,2248,200,0,0,8.896797153024911,238.425,172.855,65.57,13114,14892,16,0,0,21,0,0,0,0,461,17396,133.16039100004127,0,0.05923504937724256,0.36460186832740216,0.599312327584706,2248,35968,0,0,0,0,58,1,2,3,32,0.046246178430132984,baselines,warehouse-16-poisson/tp,163.36565799999516
warehouse,16,200,0.15,26,hungarian,pp,20,5,1,1765,200,0,0,11.331444759206798,205.86,141.475,64.385,12877,13928,20,0,0,17,0,0,0,0,447,16576,93.81914299978962,0,0.053155321812911965,0.45598441926345606,0.6104279459543568,1765,28240,0,0,0,0,34,2,3,3,18,0.06313515603040262,baselines,warehouse-16-poisson/tp,115.2474280000024
warehouse,16,200,0.15,27,hungarian,pp,20,5,1,2185,200,0,0,9.153318077803204,263.995,198.175,65.82,13164,15060,18,0,0,25,0,0,0,0,471,17082,105.08948100022826,0,0.04809587231131728,0.3765446224256293,0.7492803846972044,2185,34960,0,0,0,0,52,2,2,3,48,0.0541585528928977,baselines,warehouse-16-poisson/tp,127.40873100000317
warehouse,16,200,0.15,28,hungarian,pp,20,5,1,2032,200,0,0,9.84251968503937,157.305,94.11,63.195,12639,14851,20,0,0,20,0,0,0,0,477,18730,111.2270120002213,0,0.05473770275601442,0.38874876968503935,0.6297704702639331,2032,32512,0,0,0,0,60,1,2,4,50,0.06678743798826015,baselines,warehouse-16-poisson/tp,138.26494800000364
warehouse,16,200,0.15,29,hungarian,pp,20,5,1,1972,200,0,0,10.141987829614605,210.45,144.66,65.79,13158,14670,19,0,0,23,0,0,0,0,465,18188,130.54208099997777,0,0.06619780983771692,0.4170258620689655,0.6510433044564856,1972,31552,0,0,0,0,51,1,2,3,52,0.07002590781413798,baselines,warehouse-16-poisson/tp,164.09771699999692
warehouse,16,200,0.15,30,hungarian,pp,20,5,1,2154,200,0,0,9.285051067780874,228.1,160.59,67.51,13502,15500,16,0,0,21,0,0,0,0,468,18041,119.61683399964386,0,0.05553242061264803,0.3917711234911792,0.6869567453597883,2154,34464,0,0,0,0,54,1,2,4,1,0.05150249036550819,baselines,warehouse-16-poisson/tp,150.6563959999985
warehouse,16,200,0.15,1,hungarian,pp,20,5,1,1771,200,0,0,11.29305477131564,112.745,59.21,53.535,10707,16139,28,0,0,19,0,0,339,0,26167,853553,2407.5595890000113,0,1.359435115189165,0.37785855448898925,0.5349108060718288,1771,28336,0,0,0,0,50,3,3,5,38,0.08689847604931197,baselines,warehouse-16-poisson/tpts,2487.457883999996
warehouse,16,200,0.15,2,hungarian,pp,20,5,1,1640,200,0,0,12.195121951219512,140.52,85.985,54.535,10907,16220,19,0,0,17,0,0,274,0,21989,738320,1965.6209939998444,0,1.198549386585271,0.41566310975609755,0.4116516031580142,1640,26240,0,0,0,0,30,2,2,4,45,0.10950334941596152,baselines,warehouse-16-poisson/tpts,2021.300688999996
warehouse,16,200,0.15,3,hungarian,pp,20,5,1,1749,200,0,0,11.435105774728417,114.59,62.68,51.91,10382,15977,25,0,0,18,0,0,312,0,26967,885048,2402.0575209999733,0,1.3733890914808309,0.37099771297884504,0.41138495426471283,1749,27984,0,0,0,0,57,1,1,4,56,0.08573108025696433,baselines,warehouse-16-poisson/tpts,2461.030752000006
warehouse,16,200,0.15,4,hungarian,pp,20,5,1,1624,200,0,0,12.31527093596059,119.21,67.2,52.01,10402,15376,30,0,0,17,0,0,275,0,21826,721750,1911.9576790000428,0,1.177313841748795,0.40032327586206895,0.5302678472949296,1624,25984,0,0,0,0,62,1,2,4,54,0.08473096032366498,baselines,warehouse-16-poisson/tpts,1972.495461999999
warehouse,16,200,0.15,5,hungarian,pp,20,5,1,1811,200,0,0,11.043622308117062,113.96,62.34,51.62,10324,16070,30,0,0,19,0,0,450,0,30707,987335,2648.3470440000165,0,1.462367224737723,0.3562948647156267,0.4730729146697227,1811,28976,0,0,0,0,35,3,3,3,34,0.07718941111063282,baselines,warehouse-16-poisson/tpts,2709.176932999995
warehouse,16,200,0.15,6,hungarian,pp,20,5,1,1572,200,0,0,12.72264631043257,117.75,64.345,53.405,10681,16051,39,0,0,19,0,0,314,0,21174,683097,1893.171498000018,0,1.2043075687023015,0.42465807888040713,0.4819074562555608,1572,25152,0,0,0,0,23,2,2,4,40,0.09446892076898636,baselines,warehouse-16-poisson/tpts,1951.2426239999986
warehouse,16,200,0.15,7,hungarian,pp,20,5,1,1585,200,0,0,12.618296529968454,98.7,46.415,52.285,10457,15848,32,0,0,17,0,0,340,0,26362,888716,2416.3022859998964,0,1.5244809375393669,0.4123422712933754,0.4286757509017451,1585,25360,0,0,0,0,22,1,2,4,42,0.07585381638967137,baselines,warehouse-16-poisson/tpts,2481.091164999998
warehouse,16,200,0.15,8,hungarian,pp,20,5,1,1633,200,0,0,12.24739742804654,158.44,105.17,53.27,10654,15322,29,0,0,18,0,0,289,0,21383,718733,1979.6671200000128,0,1.2122884996938228,0.4077617881200245,0.4698212900739036,1633,26128,0,0,0,0,33,2,2,3,48,0.08849195702802648,baselines,warehouse-16-poisson/tpts,2031.5117729999984
warehouse,16,200,0.15,9,hungarian,pp,20,5,1,1986,200,0,0,10.070493454179255,166.915,115.23,51.685,10337,16084,28,0,0,19,0,0,350,0,29266,971210,2710.0842479998973,0,1.3645942839878638,0.3253084088620342,0.5285003084833083,1986,31776,0,0,0,0,60,2,2,5,34,0.07600539813713059,baselines,warehouse-16-poisson/tpts,2776.05545
warehouse,16,200,0.15,10,hungarian,pp,20,5,1,1543,200,0,0,12.961762799740765,111.78,61.7,50.08,10016,15069,31,0,0,17,0,0,291,0,20747,664693,1757.9123749999417,0,1.139282161373909,0.40570317563188596,0.5301749826095273,1543,24688,0,0,0,0,54,1,2,4,35,0.08585133829639155,baselines,warehouse-16-poisson/tpts,1811.7728050000005
warehouse,16,200,0.15,11,hungarian,pp,20,5,1,1794,200,0,0,11.148272017837236,173.815,119.78,54.035,10807,16238,20,0,0,19,0,0,341,0,24783,809417,2208.777956000049,0,1.2312028740245535,0.37649804905239687,0.508215343173967,1794,28704,0,0,0,0,42,2,2,3,41,0.07866829189957306,baselines,warehouse-16-poisson/tpts,2269.5107359999965
warehouse,16,200,0.15,12,hungarian,pp,20,5,1,1672,200,0,0,11.961722488038278,99.72,47,52.72,10544,16309,34,0,0,17,0,0,383,0,23267,765710,1995.9707840000483,0,1.1937624306220385,0.39413875598086123,0.44307594807072126,1672,26752,0,0,0,0,35,2,2,4,39,0.08323453789112284,baselines,warehouse-16-poisson/tpts,2054.538507999998
warehouse,16,200,0.15,13,hungarian,pp,20,5,1,1622,200,0,0,12.330456226880395,136.05,80.74,55.31,11062,16360,29,0,0,19,0,0,315,0,21089,702004,1958.7749919997368,0,1.2076294648580375,0.4262484586929716,0.4469984507257435,1622,25952,0,0,0,0,50,2,2,5,50,0.08469542265460414,baselines,warehouse-16-poisson/tpts,2016.2810129999998
warehouse,16,200,0.15,14,hungarian,pp,20,5,1,1735,200,0,0,11.527377521613833,115.74,65.745,49.995,9999,15160,31,0,0,18,0,0,319,0,21254,674934,1829.9510989998234,0,1.0547268582131548,0.36019452449567724,0.48419386679922566,1735,27760,0,0,0,0,56,2,2,4,29,0.08101109131928852,baselines,warehouse-16-poisson/tpts,1884.7305390000038
warehouse,16,200,0.15,15,hungarian,pp,20,5,1,1552,200,0,0,12.88659793814433,139.885,84.55,55.335,11067,16488,30,0,0,17,0,0,253,0,17813,625324,1800.4336109998403,0,1.1600732029638146,0.4456749355670103,0.3736491536888366,1552,24832,0,0,0,0,31,1,2,3,55,0.07809253742285566,baselines,warehouse-16-poisson/tpts,1874.5341190000036
warehouse,16,200,0.15,16,hungarian,pp,20,5,1,1741,200,0,0,11.487650775416427,160.825,107.545,53.28,10656,16684,36,0,0,19,0,0,295,0,21951,721704,1994.2735720000856,0,1.1454759172889635,0.38253877082136706,0.49668820176423656,1741,27856,0,0,0,0,62,3,3,4,46,0.08336415973343997,baselines,warehouse-16-poisson/tpts,2050.433828999994
warehouse,16,200,0.15,17,hungarian,pp,20,5,1,1619,200,0,0,12.353304508956146,145.06,91.375,53.685,10737,15671,26,0,0,18,0,0,289,0,23506,782461,2159.683032999921,0,1.3339611074737006,0.4144919703520692,0.49169780264828417,1619,25904,0,0,0,0,33,2,3,5,30,0.10187477175370027,baselines,warehouse-16-poisson/tpts,2223.5190159999984
warehouse,16,200,0.15,18,hungarian,pp,20,5,1,1848,200,0,0,10.822510822510823,172.305,119.34,52.965,10593,15428,17,0,0,18,0,0,284,0,26074,918582,2547.8677579998403,0,1.3787163192639829,0.35825892857142855,0.477170161528167,1848,29568,0,0,0,0,62,1,2,3,58,0.08378342347220336,baselines,warehouse-16-poisson/tpts,2607.903360000004
warehouse,16,200,0.15,19,hungarian,pp,20,5,1,1577,200,0,0,12.682308180088777,113.34,60.97,52.37,10474,15671,27,0,0,17,0,0,334,0,23430,759065,2020.041184000147,0,1.280939241598064,0.41510779961953076,0.4846891637009191,1577,25232,0,0,0,0,49,2,2,3,44,0.09927210961934366,baselines,warehouse-16-poisson/tpts,2080.578902000001
warehouse,16,200,0.15,20,hungarian,pp,20,5,1,1751,200,0,0,11.42204454597373,136.535,83.505,53.03,10606,16464,29,0,0,18,0,0,338,0,27048,917147,2590.629721999925,0,1.479514404340334,0.3785693889206168,0.44583706137408663,1751,28016,0,0,0,0,46,1,2,3,86,0.05440343785044355,baselines,warehouse-16-poisson/tpts,2657.160496999997
warehouse,16,200,0.15,21,hungarian,pp,20,5,1,1777,200,0,0,11.254924029262803,115.205,64.09,51.115,10223,15436,18,0,0,16,0,0,384,0,26258,844065,2280.321239000288,0,1.2832421153631335,0.3595596510973551,0.43692954390958355,1777,28432,0,0,0,0,54,1,2,4,45,0.08862205445562901,baselines,warehouse-16-poisson/tpts,2343.5429469999945
warehouse,16,200,0.15,22,hungarian,pp,20,5,1,1832,200,0,0,10.91703056768559,141.9,89.045,52.855,10571,15964,44,0,0,19,0,0,340,0,21839,720174,1939.0695900000646,0,1.0584440993450135,0.36063728165938863,0.4503539204684334,1832,29312,0,0,0,0,56,2,2,5,57,0.10728609010112233,baselines,warehouse-16-poisson/tpts,1991.465698
warehouse,16,200,0.15,23,hungarian,pp,20,5,1,1655,200,0,0,12.084592145015106,128.05,75.05,53,10600,16548,27,0,0,21,0,0,313,0,22994,749924,2076.106684999875,0,1.254445126888142,0.4003021148036254,0.4875421400786465,1655,26480,0,0,0,0,48,1,2,5,62,0.08692643497866115,baselines,warehouse-16-poisson/tpts,2133.207273
warehouse,16,200,0.15,24,hungarian,pp,20,5,1,1798,200,0,0,11.123470522803114,132.58,80.685,51.895,10379,16300,30,0,0,19,0,0,325,0,24089,784545,2093.545415999957,0,1.1643745361512554,0.36078281423804226,0.5007496626110407,1798,28768,0,0,0,0,59,2,2,3,52,0.10533879010789624,baselines,warehouse-16-poisson/tpts,2154.646118000004
warehouse,16,200,0.15,25,hungarian,pp,20,5,1,1854,200,0,0,10.787486515641856,164.135,110.045,54.09,10818,15630,22,0,0,17,0,0,307,0,24670,839044,2300.9614980000915,0,1.2410795566343535,0.36468446601941745,0.4059123275846975,1854,29664,0,0,0,0,58,1,2,3,42,0.09416874097176303,baselines,warehouse-16-poisson/tpts,2362.769005999995
warehouse,16,200,0.15,26,hungarian,pp,20,5,1,1514,200,0,0,13.21003963011889,136.005,82.495,53.51,10702,15401,26,0,0,17,0,0,240,0,18667,616540,1687.801202000126,0,1.1147960383091982,0.44179326287978865,0.5395279459543488,1514,24224,0,0,0,0,32,2,2,3,30,0.09686390144881374,baselines,warehouse-16-poisson/tpts,1740.0222790000043
warehouse,16,200,0.15,27,hungarian,pp,20,5,1,1923,200,0,0,10.400416016640666,196.48,142.445,54.035,10807,15753,18,0,0,22,0,0,329,0,27116,912844,2639.333021999948,0,1.3725080717628435,0.35124154966198645,0.5158053846971982,1923,30768,0,0,0,0,50,1,2,4,56,0.0703695324089382,baselines,warehouse-16-poisson/tpts,2697.5872750000053
warehouse,16,200,0.15,28,hungarian,pp,20,5,1,1843,200,0,0,10.851871947911015,105.19,53.84,51.35,10270,16035,31,0,0,20,0,0,374,0,26659,867102,2393.2305250001154,0,1.298551559956655,0.34827726532826914,0.5615704702639274,1843,29488,0,0,0,0,60,1,2,3,48,0.1047735501023038,baselines,warehouse-16-poisson/tpts,2450.532383000005
warehouse,16,200,0.15,29,hungarian,pp,20,5,1,1653,200,0,0,12.099213551119178,147.08,92.87,54.21,10842,16318,35,0,0,18,0,0,341,0,22765,760684,2161.3743749999558,0,1.3075465063520604,0.4099364791288566,0.4380933044564773,1653,26448,0,0,0,0,31,2,2,3,58,0.055169411215754666,baselines,warehouse-16-poisson/tpts,2214.0657599999977
warehouse,16,200,0.15,30,hungarian,pp,20,5,1,1881,200,0,0,10.63264221158958,155.715,101.215,54.5,10900,16092,20,0,0,17,0,0,366,0,27873,936002,2828.08486600007,0,1.5035007262095004,0.3621743753322701,0.4734067453597819,1881,30096,0,0,0,0,55,1,2,5,47,0.07932339182254766,baselines,warehouse-16-poisson/tpts,2893.899651999993
warehouse,16,200,0.15,1,hungarian,pp,20,5,1,1540,200,0,0,12.987012987012987,69.31,12.925,56.385,11277,15411,74,0,0,16,0,0,0,362,5123,133600,249.84851100004016,12.220513999913237,0.16223929285716893,0.4576704545454545,0.4868608060718251,1540,24640,0,0,0,0,22,5,6,23,73,0.0819715705685356,baselines,warehouse-16-poisson/hungarian,278.2515459999995
warehouse,16,200,0.15,2,hungarian,pp,20,5,1,1416,200,0,0,14.124293785310735,77.62,16.445,61.175,12235,15232,129,0,0,16,1,0,0,365,5089,186725,328.2244010000868,15.291577000047255,0.23179689336164322,0.5400335451977402,0.5367266031580105,1416,22656,0,0,0,0,47,6,16,36,130,0.06924397350605818,baselines,warehouse-16-poisson/hungarian,357.05043200000364
warehouse,16,200,0.15,3,hungarian,pp,20,5,1,1493,200,0,0,13.395847287340924,65.015,7.405,57.61,11522,15001,125,0,0,17,0,0,0,380,5416,183096,315.16940200005774,12.94679699997505,0.21109805894176675,0.48233422638981915,0.48603495426470955,1493,23888,0,0,0,0,53,8,16,35,61,0.07986400482487716,baselines,warehouse-16-poisson/hungarian,343.57568300000275
warehouse,16,200,0.15,4,hungarian,pp,20,5,1,1343,200,0,0,14.892032762472077,66.235,8.255,57.98,11596,14827,155,0,0,16,0,0,0,354,4994,210008,353.4023990001806,13.014739000049303,0.26314400521234593,0.5396500372300819,0.5771928472949239,1343,21488,0,0,0,0,25,13,22,56,5,0.050418739244904115,baselines,warehouse-16-poisson/hungarian,381.3220080000028
warehouse,16,200,0.15,5,hungarian,pp,20,5,1,1605,200,0,0,12.461059190031152,72.365,15.085,57.28,11456,15436,77,0,0,17,0,0,0,404,5690,159207,284.29264100013825,12.398090000038792,0.17712937133965,0.44610591900311525,0.496897914669719,1605,25680,0,0,0,0,30,6,12,32,72,0.05430070401487022,baselines,warehouse-16-poisson/hungarian,316.9194770000031
warehouse,16,200,0.15,6,hungarian,pp,20,5,1,1445,200,0,0,13.84083044982699,61.565,3.555,58.01,11602,15582,143,0,0,16,0,0,0,345,4957,171557,277.09982499998296,12.024324000019988,0.19176458477507471,0.5018166089965398,0.46153245625555905,1445,23120,0,0,0,0,33,7,14,39,5,0.08671705292109791,baselines,warehouse-16-poisson/hungarian,308.8413209999999
warehouse,16,200,0.15,7,hungarian,pp,20,5,1,1494,200,0,0,13.386880856760374,58.935,3.69,55.245,11049,15558,108,0,0,16,0,0,0,351,5047,153426,284.58221599984245,11.364137000047776,0.19048341097713684,0.4622238955823293,0.43375075090174386,1494,23904,0,0,0,0,26,6,16,38,31,0.10844494328238202,baselines,warehouse-16-poisson/hungarian,311.9719760000007
warehouse,16,200,0.15,8,hungarian,pp,20,5,1,1270,200,0,0,15.748031496062993,88.43,28.055,60.375,12075,14256,109,0,0,16,0,0,0,361,4976,201529,332.1421789999804,12.163459999930637,0.26152927480313415,0.594242125984252,0.5823962900738975,1270,20320,0,0,0,0,23,14,19,42,45,0.050291957028027606,baselines,warehouse-16-poisson/hungarian,358.23902200000157
warehouse,16,200,0.15,9,hungarian,pp,20,5,1,1412,200,0,0,14.164305949008499,65.905,9.4,56.505,11301,15192,122,0,0,16,0,0,0,351,4946,167236,295.4606039999271,17.687575000047218,0.20924971954669058,0.5002213172804533,0.5501003084832983,1412,22592,0,0,0,0,23,11,20,36,23,0.08310836232342178,baselines,warehouse-16-poisson/hungarian,324.28431199999613
warehouse,16,200,0.15,10,hungarian,pp,20,5,1,1338,200,0,0,14.947683109118087,60.695,4.185,56.51,11302,14905,100,0,0,16,0,0,0,338,4778,164140,316.4080950000207,17.181795999968017,0.23647839686100203,0.5279334828101644,0.5452499826095233,1338,21408,0,0,0,0,24,6,12,37,5,0.08215929996334187,baselines,warehouse-16-poisson/hungarian,346.8468869999997
warehouse,16,200,0.15,11,hungarian,pp,20,5,1,1459,200,0,0,13.708019191226867,99.12,39.925,59.195,11839,14981,107,0,0,16,0,0,0,390,5462,186949,311.08624999997846,13.7019319999672,0.2132188142563252,0.5071538725154215,0.5444653431739614,1459,23344,0,0,0,0,26,5,7,45,112,0.06265928206164742,baselines,warehouse-16-poisson/hungarian,337.5678179999959
warehouse,16,200,0.15,12,hungarian,pp,20,5,1,1650,200,0,0,12.121212121212121,60.45,3.445,57.005,11401,15755,114,0,0,16,1,0,0,393,5645,144125,262.3732929999751,14.139597000095819,0.15901411696968187,0.43185606060606063,0.44040094807072155,1650,26400,0,0,0,0,35,6,17,33,5,0.09462045796551258,baselines,warehouse-16-poisson/hungarian,290.55692799999815
warehouse,16,200,0.15,13,hungarian,pp,20,5,1,1364,200,0,0,14.662756598240469,73.545,11.33,62.215,12443,15475,133,0,0,16,0,0,0,369,5178,197177,303.1699720000179,12.435394000043743,0.22226537536658203,0.5701521260997068,0.44794845072574013,1364,21824,0,0,0,0,23,7,13,34,5,0.08675873349290719,baselines,warehouse-16-poisson/hungarian,331.18462
warehouse,16,200,0.15,14,hungarian,pp,20,5,1,1376,200,0,0,14.534883720930232,71.015,16.855,54.16,10832,14163,143,0,0,16,0,0,0,368,5058,182399,311.0372919999718,14.223000999969372,0.22604454360463067,0.49200581395348836,0.5502688667992193,1376,22016,0,0,0,0,25,12,22,37,152,0.0771459771443204,baselines,warehouse-16-poisson/hungarian,341.7262770000016
warehouse,16,200,0.15,15,hungarian,pp,20,5,1,1312,200,0,0,15.24390243902439,69.07,6.88,62.19,12438,15488,113,0,0,16,0,0,0,340,4744,166756,291.81974299999274,11.866759999997157,0.222423584603653,0.5925114329268293,0.47392415368883267,1312,20992,0,0,0,0,19,6,13,40,127,0.05051701887529586,baselines,warehouse-16-poisson/hungarian,319.45614500000374
warehouse,16,200,0.15,16,hungarian,pp,20,5,1,1422,200,0,0,14.064697609001406,68.965,7.155,61.81,12362,15591,120,0,0,17,0,0,0,378,5338,197684,334.77286400003504,11.387851999956183,0.2354239549929923,0.5433368495077355,0.4926132017642318,1422,22752,0,0,0,0,26,9,14,37,36,0.0966976036261791,baselines,warehouse-16-poisson/hungarian,363.6553070000009
warehouse,16,200,0.15,17,hungarian,pp,20,5,1,1377,200,0,0,14.524328249818446,76.62,16.98,59.64,11928,14452,141,0,0,16,1,0,0,373,5262,218929,390.8061620000808,20.291699000023073,0.28380984894704486,0.5413943355119826,0.5272728026482805,1377,22032,0,0,0,0,21,15,22,44,54,0.08988930992018995,baselines,warehouse-16-poisson/hungarian,420.259524999994
warehouse,16,200,0.15,18,hungarian,pp,20,5,1,1325,200,0,0,15.09433962264151,109.68,49.79,59.89,11978,14638,138,0,0,16,0,0,0,372,5095,193243,345.75475299997197,15.833578000034322,0.26094698339620526,0.565,0.5617951615281561,1325,21200,0,0,0,0,20,10,21,31,206,0.01628818297088625,baselines,warehouse-16-poisson/hungarian,381.99542900000233
warehouse,16,200,0.15,19,hungarian,pp,20,5,1,1475,200,0,0,13.559322033898304,62.515,4.265,58.25,11650,15727,140,0,0,17,1,0,0,348,4939,165036,319.3706099999763,11.150556999913533,0.21652244745761104,0.4936440677966102,0.49058916370091693,1475,23600,0,0,0,0,21,12,20,41,66,0.06274662592560482,baselines,warehouse-16-poisson/hungarian,348.34651499999745
warehouse,16,200,0.15,20,hungarian,pp,20,5,1,1509,200,0,0,13.253810470510272,66.565,6.285,60.28,12056,16101,121,0,0,16,0,0,0,377,5354,188137,325.12624499991216,16.54106399995362,0.21545808151087617,0.4993373094764745,0.43861206137408276,1509,24144,0,0,0,0,22,6,10,37,64,0.060905331126788476,baselines,warehouse-16-poisson/hungarian,356.6387479999976
warehouse,16,200,0.15,21,hungarian,pp,20,5,1,1547,200,0,0,12.92824822236587,64.98,9.405,55.575,11115,14592,112,0,0,16,1,0,0,363,5126,150085,283.0909219998939,12.941409999984899,0.18299348545565217,0.4490546218487395,0.5212295439095803,1547,24752,0,0,0,0,28,6,12,39,80,0.08536188380588436,baselines,warehouse-16-poisson/hungarian,310.7137189999994
warehouse,16,200,0.15,22,hungarian,pp,20,5,1,1397,200,0,0,14.316392269148174,79.77,18.1,61.67,12334,14454,86,0,0,16,0,0,0,391,5457,196597,342.2095269998972,10.610051999952702,0.2449602913385091,0.55180744452398,0.519578920468427,1397,22352,0,0,0,0,23,6,11,47,85,0.06059346542377392,baselines,warehouse-16-poisson/hungarian,375.10383499999443
warehouse,16,200,0.15,23,hungarian,pp,20,5,1,1451,200,0,0,13.783597518952446,61.77,3.86,57.91,11582,15499,127,0,0,17,0,0,0,347,4988,169110,273.93120399999316,15.798656999897503,0.1887878731908981,0.4988800827015851,0.48654214007864444,1451,23216,0,0,0,0,23,12,19,48,5,0.07116133252643092,baselines,warehouse-16-poisson/hungarian,299.8095820000017
warehouse,16,200,0.15,24,hungarian,pp,20,5,1,1484,200,0,0,13.477088948787062,67.115,8.76,58.355,11671,15694,173,0,0,16,0,0,0,381,5365,200979,330.9409730000625,15.907154999978957,0.223006046495999,0.4915347035040431,0.46904966261103503,1484,23744,0,0,0,0,18,10,19,39,39,0.05433481223453632,baselines,warehouse-16-poisson/hungarian,361.32348099999945
warehouse,16,200,0.15,25,hungarian,pp,20,5,1,1352,200,0,0,14.792899408284024,76.25,13.105,63.145,12629,14650,113,0,0,16,0,0,0,379,5296,202578,350.8964729999716,17.360948000103235,0.25953881139051155,0.5838110207100592,0.539387327584688,1352,21632,0,0,0,0,16,6,9,29,78,0.02276889989599694,baselines,warehouse-16-poisson/hungarian,377.362509999999
warehouse,16,200,0.15,26,hungarian,pp,20,5,1,1315,200,0,0,15.209125475285171,71.27,11.365,59.905,11981,14715,135,0,0,16,0,0,0,349,4812,195750,355.08670900001016,19.666950999941037,0.27002791558936134,0.5694391634980989,0.6201279459543454,1315,21040,0,0,0,0,26,12,20,38,85,0.07947574422750714,baselines,warehouse-16-poisson/hungarian,383.16585399999894
warehouse,16,200,0.15,27,hungarian,pp,20,5,1,1465,200,0,0,13.651877133105803,118.365,56.94,61.425,12285,14948,155,0,0,16,0,0,0,421,5909,232536,404.39703699997335,24.220362999993085,0.27603893310578387,0.52410409556314,0.4435553846971901,1465,23440,0,0,0,0,29,6,19,50,186,0.0475623823408082,baselines,warehouse-16-poisson/hungarian,440.7134189999997
warehouse,16,200,0.15,28,hungarian,pp,20,5,1,1541,200,0,0,12.978585334198572,63.44,5.28,58.16,11632,15513,144,0,0,16,2,0,0,379,5431,174451,310.1030260001062,12.589344000029087,0.20123492926677883,0.4717715768981181,0.507020470263922,1541,24656,0,0,0,0,19,6,13,36,18,0.06698743798826573,baselines,warehouse-16-poisson/hungarian,340.3036869999996
warehouse,16,200,0.15,29,hungarian,pp,20,5,1,1361,200,0,0,14.695077149155033,89.755,28.16,61.595,12319,14922,92,0,0,16,0,0,0,378,5209,191450,311.8037280000208,13.757024000122328,0.22909899191772284,0.5657145481263777,0.5061683044564729,1361,21776,0,0,0,0,26,8,17,45,73,0.038625907814135524,baselines,warehouse-16-poisson/hungarian,337.7877559999979
warehouse,16,200,0.15,30,hungarian,pp,20,5,1,1490,200,0,0,13.422818791946309,92.02,31.67,60.35,12070,15020,164,0,0,16,0,0,0,383,5344,193946,325.1454060000033,15.508248999947682,0.2182183932885928,0.5062919463087249,0.5821317453597753,1490,23840,0,0,0,0,22,11,24,69,73,0.06607041104213013,baselines,warehouse-16-poisson/hungarian,359.19718000000285
warehouse,16,200,0.15,1,pact,pp,20,5,1,1539,200,0,0,12.99545159194282,69.3,12.55,56.75,11350,15526,77,0,0,16,0,0,0,377,6818,173966,347.0874950001453,94.60550600004353,0.22552793697215417,0.4609324236517219,0.4800108060718249,1539,24624,0,0,0,0,22,6,9,36,26,0.0478984760493113,baselines,warehouse-16-poisson/pact,375.4776569999958
warehouse,16,200,0.15,2,pact,pp,20,5,1,1414,200,0,0,14.144271570014144,79.325,17.575,61.75,12350,15258,135,0,0,16,0,0,0,371,6383,232434,425.5532429998493,78.26390300002822,0.30095703182450445,0.5458804809052333,0.5371266031580102,1414,22624,0,0,0,0,44,6,14,42,98,0.07704802762773474,baselines,warehouse-16-poisson/pact,457.7572169999985
warehouse,16,200,0.15,3,pact,pp,20,5,1,1470,200,0,0,13.605442176870747,65.125,7.27,57.855,11571,15301,76,0,0,16,0,0,0,376,6515,191403,367.66136199989705,76.2838960000372,0.2501097700679572,0.4919642857142857,0.4772599542647091,1470,23520,0,0,0,0,26,6,9,41,5,0.070286663458316,baselines,warehouse-16-poisson/pact,399.1946489999973
warehouse,16,200,0.15,4,pact,pp,20,5,1,1348,200,0,0,14.836795252225519,68.115,9.665,58.45,11690,15031,117,0,0,16,0,0,0,359,6097,219512,348.35283200008416,61.32945399991149,0.2584219821959081,0.5420066765578635,0.5692428472949239,1348,21568,0,0,0,0,25,13,22,36,131,0.07021873924490357,baselines,warehouse-16-poisson/pact,377.8519019999949
warehouse,16,200,0.15,5,pact,pp,20,5,1,1600,200,0,0,12.5,67.255,11.235,56.02,11204,15247,66,0,0,16,0,0,0,385,6988,167449,306.6159310000294,76.00319200001832,0.19163495687501836,0.43765625,0.48687291466971944,1600,25600,0,0,0,0,34,5,10,44,39,0.0837007040148702,baselines,warehouse-16-poisson/pact,333.07288600000174
warehouse,16,200,0.15,6,pact,pp,20,5,1,1443,200,0,0,13.86001386001386,63.345,4.46,58.885,11777,15622,124,0,0,16,1,0,0,362,6291,215721,366.3865050001041,73.18884099997376,0.253906101871174,0.5100918225918226,0.46545745625555895,1443,23088,0,0,0,0,35,8,14,45,5,0.06685979551561505,baselines,warehouse-16-poisson/pact,397.2612949999966
warehouse,16,200,0.15,7,pact,pp,20,5,1,1494,200,0,0,13.386880856760374,58.705,3.575,55.13,11026,15561,111,0,0,16,0,0,0,349,6396,187147,331.65945500013913,78.66283800004021,0.22199428045524708,0.4612617135207497,0.44237575090174386,1494,23904,0,0,0,0,26,6,14,33,19,0.07871104494780953,baselines,warehouse-16-poisson/pact,362.45764600000257
warehouse,16,200,0.15,8,pact,pp,20,5,1,1274,200,0,0,15.698587127158556,88.67,28.125,60.545,12109,14226,110,0,0,16,0,0,0,362,6162,246874,414.595250999977,71.49522700000671,0.32542798351646546,0.5940443485086342,0.5746462900738976,1274,20384,0,0,0,0,23,4,6,40,70,0.06779613053407635,baselines,warehouse-16-poisson/pact,444.5920069999993
warehouse,16,200,0.15,9,pact,pp,20,5,1,1410,200,0,0,14.184397163120567,65.97,8.475,57.495,11499,15106,139,0,0,16,0,0,0,343,6084,204657,367.3192290000152,71.05655999998999,0.2605100914893725,0.5097074468085107,0.561950308483298,1410,22560,0,0,0,0,19,6,14,49,19,0.06394526011981633,baselines,warehouse-16-poisson/pact,400.87697599999956
warehouse,16,200,0.15,10,pact,pp,20,5,1,1340,200,0,0,14.925373134328359,61.635,5.1,56.535,11307,14938,91,0,0,16,0,0,0,347,5971,183956,354.27169000004506,75.08195399988472,0.26438185820898885,0.5273787313432836,0.5448249826095235,1340,21440,0,0,0,0,24,6,12,31,5,0.12324736067355074,baselines,warehouse-16-poisson/pact,383.7516309999992
warehouse,16,200,0.15,11,pact,pp,20,5,1,1447,200,0,0,13.8217000691085,96.6,37.215,59.385,11877,14944,104,0,0,16,0,0,0,376,6618,199423,339.73123099996155,74.8433109999387,0.23478315894952423,0.5130010366275052,0.5464403431739616,1447,23152,0,0,0,0,26,9,15,41,51,0.08636033603028043,baselines,warehouse-16-poisson/pact,365.8993710000068
warehouse,16,200,0.15,12,pact,pp,20,5,1,1650,200,0,0,12.121212121212121,61.735,4.135,57.6,11520,15792,106,0,0,16,1,0,0,398,7046,194402,343.6568400000324,71.33972500001983,0.20827687272729237,0.43636363636363634,0.43692594807072177,1650,26400,0,0,0,0,35,6,9,40,11,0.0902345378911186,baselines,warehouse-16-poisson/pact,391.69338399999833
warehouse,16,200,0.15,13,pact,pp,20,5,1,1363,200,0,0,14.673514306676449,71.93,10.95,60.98,12196,15490,119,0,0,16,0,0,0,371,6354,213409,388.12911399999575,69.5779790000015,0.2847609053558296,0.5592443140132062,0.44349845072573996,1363,21808,0,0,0,0,21,7,13,35,5,0.08845858082324456,baselines,warehouse-16-poisson/pact,417.43600100000185
warehouse,16,200,0.15,14,pact,pp,20,5,1,1376,200,0,0,14.534883720930232,64.99,11.285,53.705,10741,14077,95,0,0,16,0,0,0,355,6207,169649,323.7364870000092,75.17225500001223,0.2352736097383788,0.4878724563953488,0.5490438667992196,1376,22016,0,0,0,0,21,6,11,30,113,0.0619114882322066,baselines,warehouse-16-poisson/pact,351.8714970000001
warehouse,16,200,0.15,15,pact,pp,20,5,1,1314,200,0,0,15.220700152207002,72.235,8.945,63.29,12658,15461,104,0,0,16,1,0,0,351,5835,207111,398.6012279999559,75.2366040000561,0.30334948858444133,0.6020738203957382,0.4751991536888328,1314,21024,0,0,0,0,19,6,7,36,125,0.0747170188752952,baselines,warehouse-16-poisson/pact,437.4302349999998
warehouse,16,200,0.15,16,pact,pp,20,5,1,1423,200,0,0,14.054813773717498,68.955,6.845,62.11,12422,15759,108,0,0,16,0,0,0,376,6376,222530,402.8090080000693,66.95316299988917,0.2830702796908428,0.5455903021784961,0.4638632017642317,1423,22768,0,0,0,0,26,6,8,34,18,0.10249760362617927,baselines,warehouse-16-poisson/pact,432.58339899999555
warehouse,16,200,0.15,17,pact,pp,20,5,1,1377,200,0,0,14.524328249818446,77.92,17.23,60.69,12138,14638,143,0,0,16,0,0,0,389,6647,271863,472.6619139998438,74.02001000002201,0.3432548395060594,0.5509259259259259,0.52804780264828,1377,22032,0,0,0,0,22,13,22,34,32,0.07267477175370307,baselines,warehouse-16-poisson/pact,505.105601999996
warehouse,16,200,0.15,18,pact,pp,20,5,1,1302,200,0,0,15.360983102918587,105.36,44.925,60.435,12087,14695,133,0,0,16,0,0,0,357,6055,230328,408.47746800001187,76.17858199999318,0.3137307741935575,0.580213133640553,0.5567201615281562,1302,20832,0,0,0,0,20,11,24,48,169,0.012688182970888737,baselines,warehouse-16-poisson/pact,436.86107099999936
warehouse,16,200,0.15,19,pact,pp,20,5,1,1471,200,0,0,13.596193065941536,63.025,4.935,58.09,11618,15754,155,0,0,16,2,0,0,351,6251,200217,364.7735129999346,76.84635099992738,0.2479765554044423,0.4936267845003399,0.4874391637009167,1471,23536,0,0,0,0,21,6,11,40,60,0.07530716176890043,baselines,warehouse-16-poisson/pact,394.9477380000026
warehouse,16,200,0.15,20,pact,pp,20,5,1,1498,200,0,0,13.35113484646195,64.13,5.755,58.375,11675,16050,158,0,0,16,0,0,0,358,6474,203160,374.69713399995817,80.76765700003307,0.2501315981308132,0.4871078104138852,0.44563706137408243,1498,23968,0,0,0,0,23,12,21,36,41,0.07132017704808075,baselines,warehouse-16-poisson/pact,404.8720350000003
warehouse,16,200,0.15,21,pact,pp,20,5,1,1547,200,0,0,12.92824822236587,67.335,10.78,56.555,11311,14562,139,0,0,16,1,0,0,380,6693,223957,398.8726840001109,83.87891199987644,0.25783625339373684,0.4569731738849386,0.53735454390958,1547,24752,0,0,0,0,33,7,13,39,75,0.06222205445562479,baselines,warehouse-16-poisson/pact,427.53610800000024
warehouse,16,200,0.15,22,pact,pp,20,5,1,1411,200,0,0,14.17434443656981,79.845,18.41,61.435,12287,14509,108,0,0,16,1,0,0,385,6440,226996,371.6161079999365,61.375453999993624,0.2633707356484313,0.5442505315379164,0.5163039204684272,1411,22576,0,0,0,0,23,6,9,45,73,0.059534166191150206,baselines,warehouse-16-poisson/pact,397.6963640000031
warehouse,16,200,0.15,23,pact,pp,20,5,1,1449,200,0,0,13.802622498274673,61.465,3.1,58.365,11673,15640,128,0,0,17,0,0,0,342,6146,200118,337.3583139999464,69.26247899998998,0.23282147273978357,0.5034937888198758,0.47404214007864387,1449,23184,0,0,0,0,23,6,11,44,5,0.05493484238424012,baselines,warehouse-16-poisson/pact,366.9312009999994
warehouse,16,200,0.15,24,pact,pp,20,5,1,1482,200,0,0,13.49527665317139,66.195,8.455,57.74,11548,15782,128,0,0,16,1,0,0,384,6711,207607,354.9983210000137,73.67540000000008,0.23954002766532637,0.48701079622132254,0.459849662611035,1482,23712,0,0,0,0,15,6,12,23,18,0.04553879010789219,baselines,warehouse-16-poisson/pact,385.95738300000085
warehouse,16,200,0.15,25,pact,pp,20,5,1,1352,200,0,0,14.792899408284024,77,14.785,62.215,12443,14605,114,0,0,16,1,0,0,372,6268,204773,364.173695999998,69.62158000007184,0.2693592426035488,0.5752126479289941,0.5484623275846879,1352,21632,0,0,0,0,18,6,10,31,131,0.0598868699969764,baselines,warehouse-16-poisson/pact,393.7796690000032
warehouse,16,200,0.15,26,pact,pp,20,5,1,1356,200,0,0,14.749262536873156,69.685,9.425,60.26,12052,14983,117,0,0,16,0,0,0,354,5943,206585,319.3924159999733,55.49724899997091,0.23554012979349065,0.5554941002949852,0.5962529459543461,1356,21696,0,0,0,0,42,12,20,41,67,0.05285642627328832,baselines,warehouse-16-poisson/pact,345.0368240000025
warehouse,16,200,0.15,27,pact,pp,20,5,1,1465,200,0,0,13.651877133105803,115.54,54.12,61.42,12284,15017,118,0,0,17,0,0,0,418,7132,252778,455.31232899986935,81.54778500010434,0.3107933986347231,0.524061433447099,0.4631803846971899,1465,23440,0,0,0,0,28,6,13,57,135,0.030505338570664703,baselines,warehouse-16-poisson/pact,487.46514300000126
warehouse,16,200,0.15,28,pact,pp,20,5,1,1550,200,0,0,12.903225806451612,60.155,3.685,56.47,11294,15470,155,0,0,16,0,0,0,374,6668,209264,373.4669639999411,82.72782100003678,0.24094642838705876,0.4554032258064516,0.5031454702639226,1550,24800,0,0,0,0,26,11,20,37,9,0.05356121898499264,baselines,warehouse-16-poisson/pact,404.91086899999937
warehouse,16,200,0.15,29,pact,pp,20,5,1,1350,200,0,0,14.814814814814815,83.6,21.895,61.705,12341,14864,124,0,0,16,0,0,0,370,6323,227814,377.2502959998601,62.456712999992305,0.27944466370360005,0.5713425925925926,0.5089933044564731,1350,21600,0,0,0,0,26,9,15,68,72,0.06522240771856608,baselines,warehouse-16-poisson/pact,403.15332599999965
warehouse,16,200,0.15,30,pact,pp,20,5,1,1489,200,0,0,13.431833445265278,85.83,26.835,58.995,11799,15027,126,0,0,16,1,0,0,396,7034,217743,389.72048999998515,80.38392800009751,0.26173303559434863,0.4952568838146407,0.5894567453597753,1489,23824,0,0,0,0,22,11,20,40,28,0.07681990448814177,baselines,warehouse-16-poisson/pact,420.3881620000029
warehouse,16,200,0.15,1,hungarian,pp,20,5,1,1788,200,0,0,11.185682326621924,138.15,83.345,54.805,10961,15752,28,0,0,17,0,0,0,502,7279,95965,238.34695500002272,15.210371999986819,0.13330366610739525,0.3831445749440716,0.4403608060718295,1788,28608,0,0,0,0,32,2,2,25,43,0.05958894910719592,baselines,warehouse-16-poisson/hungarian-dock1,265.8543110000028
warehouse,16,200,0.15,2,hungarian,pp,20,5,1,1639,200,0,0,12.202562538133009,159.265,104.665,54.6,10920,15759,21,0,0,16,0,0,0,474,6841,98702,248.45883800012962,12.297210000011546,0.15159172544242197,0.4164124466137889,0.4596016031580148,1639,26224,0,0,0,0,34,2,2,32,45,0.06591283362936806,baselines,warehouse-16-poisson/hungarian-dock1,277.1423389999982
warehouse,16,200,0.15,3,hungarian,pp,20,5,1,1737,200,0,0,11.514104778353483,127.935,75.82,52.115,10423,15609,24,0,0,17,0,0,0,506,7307,102756,218.4403279999533,12.367774999998801,0.12575724122046822,0.37503598157743234,0.4422599542647143,1737,27792,0,0,0,0,57,2,2,24,5,0.1207002832975276,baselines,warehouse-16-poisson/hungarian-dock1,242.85662000000593
warehouse,16,200,0.15,4,hungarian,pp,20,5,1,1587,200,0,0,12.60239445494644,136.835,84.735,52.1,10420,14712,10,0,0,16,0,0,0,465,6663,95516,210.34194099993329,12.233748000013293,0.13254060554501151,0.41036546943919344,0.5250428472949297,1587,25392,0,0,0,0,42,1,2,35,5,0.07620772496257477,baselines,warehouse-16-poisson/hungarian-dock1,236.3623959999968
warehouse,16,200,0.15,5,hungarian,pp,20,5,1,1845,200,0,0,10.840108401084011,138.89,86.03,52.86,10572,15613,23,0,0,17,0,0,0,524,7567,93000,188.8963979999171,10.017473000043537,0.10238287154467052,0.35813008130081303,0.4299729146697236,1845,29520,0,0,0,0,38,2,2,24,69,0.07990640628654871,baselines,warehouse-16-poisson/hungarian-dock1,212.81331800000044
warehouse,16,200,0.15,6,hungarian,pp,20,5,1,1544,200,0,0,12.953367875647668,120.975,68.655,52.32,10464,15542,22,0,0,17,0,0,0,463,6582,91939,217.5530660001532,11.220224999880884,0.14090224481875208,0.42357512953367876,0.4625824562555613,1544,24704,0,0,0,0,41,1,2,28,84,0.06162642905340293,baselines,warehouse-16-poisson/hungarian-dock1,245.16019499999675
warehouse,16,200,0.15,7,hungarian,pp,20,5,1,1586,200,0,0,12.610340479192939,101.925,51.03,50.895,10179,15305,24,0,0,17,0,0,0,466,6676,89512,218.38454900010402,11.108290999996825,0.13769517591431527,0.4011270491803279,0.44912575090174583,1586,25376,0,0,0,0,36,2,2,23,43,0.09596259295847606,baselines,warehouse-16-poisson/hungarian-dock1,244.20348200000444
warehouse,16,200,0.15,8,hungarian,pp,20,5,1,1748,200,0,0,11.441647597254004,203.785,150.63,53.155,10631,15294,23,0,0,17,0,0,0,505,7216,92643,244.2354450000057,14.155588000015996,0.1397227946224289,0.3801129862700229,0.4589462900739059,1748,27968,0,0,0,0,49,3,3,25,124,0.057579776450807585,baselines,warehouse-16-poisson/hungarian-dock1,274.6157069999972
warehouse,16,200,0.15,9,hungarian,pp,20,5,1,2032,200,0,0,9.84251968503937,209.585,158.015,51.57,10314,15421,15,0,0,19,0,0,0,557,8129,90971,212.45316700011608,12.468613000019104,0.10455372391737996,0.3172367125984252,0.4962253084833107,2032,32512,0,0,0,0,42,1,2,30,5,0.094359216757121,baselines,warehouse-16-poisson/hungarian-dock1,239.44842400000198
warehouse,16,200,0.15,10,hungarian,pp,20,5,1,1564,200,0,0,12.787723785166241,127.205,77.175,50.03,10006,14428,21,0,0,16,0,0,0,466,6643,91223,234.5267819999499,14.456160000008822,0.14995318542196284,0.3998561381074169,0.5355999826095286,1564,25024,0,0,0,0,36,2,2,23,4,0.070030403858058,baselines,warehouse-16-poisson/hungarian-dock1,262.39899599999626
warehouse,16,200,0.15,11,hungarian,pp,20,5,1,1808,200,0,0,11.061946902654867,202.03,148.19,53.84,10768,15652,25,0,0,17,0,0,0,504,7272,93519,204.76103399993735,11.952421999936632,0.11325278429200075,0.37223451327433627,0.4986403431739682,1808,28928,0,0,0,0,39,2,2,46,22,0.07320705719032719,baselines,warehouse-16-poisson/hungarian-dock1,232.72769100000005
warehouse,16,200,0.15,12,hungarian,pp,20,5,1,1667,200,0,0,11.997600479904019,106.085,53.375,52.71,10542,15743,23,0,0,16,0,0,0,478,6894,97508,232.41563500005577,18.871161000002758,0.13942149670069331,0.39524595080983804,0.4265509480707222,1667,26672,0,0,0,0,35,2,3,45,5,0.09748022016901908,baselines,warehouse-16-poisson/hungarian-dock1,262.457110000003
warehouse,16,200,0.15,13,hungarian,pp,20,5,1,1616,200,0,0,12.376237623762377,160.69,104.35,56.34,11268,16175,25,0,0,18,0,0,0,472,6737,97947,227.62800200004858,12.266502000013134,0.14085891212874294,0.43579826732673266,0.42949845072574355,1616,25856,0,0,0,0,25,2,2,32,18,0.0621587334929114,baselines,warehouse-16-poisson/hungarian-dock1,254.85620100000233
warehouse,16,200,0.15,14,hungarian,pp,20,5,1,1799,200,0,0,11.117287381878821,144.02,93.65,50.37,10074,14661,25,0,0,17,0,0,0,511,7360,89363,234.03106999999727,15.22928300005151,0.13008953307392845,0.34998610339077263,0.42516886679922816,1799,28784,0,0,0,0,56,2,2,21,47,0.0822110913192948,baselines,warehouse-16-poisson/hungarian-dock1,264.23337999999785
warehouse,16,200,0.15,15,hungarian,pp,20,5,1,1581,200,0,0,12.65022137887413,163.37,107.435,55.935,11187,15919,33,0,0,18,0,0,0,463,6628,100349,245.33691900010308,12.509204000045429,0.15517831688811073,0.4422438330170778,0.4073491536888381,1581,25296,0,0,0,0,24,2,2,22,78,0.06533026115521937,baselines,warehouse-16-poisson/hungarian-dock1,276.3702950000006
warehouse,16,200,0.15,16,hungarian,pp,20,5,1,1746,200,0,0,11.45475372279496,188.64,135.095,53.545,10709,16005,19,0,0,19,0,0,0,501,7193,93052,207.92256900020584,14.056304999998247,0.11908509106540999,0.3833404925544101,0.4805632017642371,1746,27936,0,0,0,0,29,1,2,26,5,0.08813668953348408,baselines,warehouse-16-poisson/hungarian-dock1,235.2395089999991
warehouse,16,200,0.15,17,hungarian,pp,20,5,1,1650,200,0,0,12.121212121212121,177.725,124.58,53.145,10629,15228,15,0,0,16,0,0,0,486,7002,93944,203.37161799998285,10.881062999898859,0.12325552606059566,0.40261363636363634,0.4335478026482853,1650,26400,0,0,0,0,43,2,2,22,38,0.08949258893207479,baselines,warehouse-16-poisson/hungarian-dock1,227.37480800000048
warehouse,16,200,0.15,18,hungarian,pp,20,5,1,1983,200,0,0,10.085728693898135,226.23,172.86,53.37,10674,15520,34,0,0,19,0,0,0,553,7970,108239,270.7902880000547,16.638889999907406,0.13655586888555457,0.33642208774583965,0.46377016152816863,1983,31728,0,0,0,0,53,2,2,23,188,0.06711489617545557,baselines,warehouse-16-poisson/hungarian-dock1,301.85414700000547
warehouse,16,200,0.15,19,hungarian,pp,20,5,1,1649,200,0,0,12.12856276531231,140.69,86.33,54.36,10872,15666,25,0,0,16,0,0,0,483,6962,99543,250.67740000016784,15.342941000053543,0.1520178289873668,0.41206791995148573,0.448439163700921,1649,26384,0,0,0,0,50,2,3,30,37,0.06563836982642529,baselines,warehouse-16-poisson/hungarian-dock1,281.35428899999533
warehouse,16,200,0.15,20,hungarian,pp,20,5,1,1798,200,0,0,11.123470522803114,173.435,118.925,54.51,10902,16225,16,0,0,17,0,0,0,512,7408,94051,237.9624480000566,11.976683999993838,0.13234841379313494,0.3789627363737486,0.421087061374088,1798,28768,0,0,0,0,23,1,2,22,86,0.03884830569476591,baselines,warehouse-16-poisson/hungarian-dock1,265.6770930000057
warehouse,16,200,0.15,21,hungarian,pp,20,5,1,1819,200,0,0,10.995052226498077,133.41,81.535,51.875,10375,15158,24,0,0,16,0,0,0,515,7472,93976,188.7682499998482,11.753412999947614,0.10377583837264881,0.3564802089059923,0.4417795439095852,1819,29104,0,0,0,0,54,1,3,32,64,0.0846294263608853,baselines,warehouse-16-poisson/hungarian-dock1,215.0345970000053
warehouse,16,200,0.15,22,hungarian,pp,20,5,1,1823,200,0,0,10.970927043335163,171.925,118.715,53.21,10642,15150,21,0,0,16,0,0,0,518,7499,88955,238.62932100005128,13.614636999853246,0.1308992435546085,0.36485189248491495,0.3817039204684347,1823,29168,0,0,0,0,45,2,3,17,85,0.07756527086813364,baselines,warehouse-16-poisson/hungarian-dock1,268.96888000000035
warehouse,16,200,0.15,23,hungarian,pp,20,5,1,1700,200,0,0,11.764705882352942,146.84,93.925,52.915,10583,15853,22,0,0,18,0,0,0,481,6919,95257,220.642650999951,12.647103000083007,0.12978979470585353,0.3890808823529412,0.4489421400786491,1700,27200,0,0,0,0,44,2,2,27,5,0.099542691833159,baselines,warehouse-16-poisson/hungarian-dock1,248.50559400000202
warehouse,16,200,0.15,24,hungarian,pp,20,5,1,1786,200,0,0,11.198208286674133,153.95,101.865,52.085,10417,15626,34,0,0,18,0,0,0,511,7352,100934,227.04016299989598,11.997836000082316,0.12712215173566405,0.36453667413213886,0.4757496626110413,1786,28576,0,0,0,0,49,2,2,34,4,0.08046355716270334,baselines,warehouse-16-poisson/hungarian-dock1,254.1277870000049
warehouse,16,200,0.15,25,hungarian,pp,20,5,1,1957,200,0,0,10.219724067450178,208.295,153.275,55.02,11004,15596,20,0,0,17,0,0,0,542,7855,97672,254.13384200000291,13.310638000053586,0.12985888707205054,0.351430761369443,0.3928623275846998,1957,31312,0,0,0,0,53,2,2,23,5,0.09508686999697707,baselines,warehouse-16-poisson/hungarian-dock1,283.95517900000414
warehouse,16,200,0.15,26,hungarian,pp,20,5,1,1567,200,0,0,12.763241863433311,160.185,106.095,54.09,10818,15168,26,0,0,16,0,0,0,462,6592,96697,239.76212600002327,14.107184000014968,0.1530071001914635,0.4314773452456924,0.5327779459543505,1567,25072,0,0,0,0,55,2,3,34,27,0.07499105151221708,baselines,warehouse-16-poisson/hungarian-dock1,268.99207800000295
warehouse,16,200,0.15,27,hungarian,pp,20,5,1,2029,200,0,0,9.857072449482503,254.955,200.29,54.665,10933,15647,30,0,0,20,0,0,0,565,8102,98556,239.57349999993312,12.554922999894188,0.11807466732377186,0.3367730409068507,0.4787803846972008,2029,32464,0,0,0,0,52,2,2,35,61,0.08002749996334929,baselines,warehouse-16-poisson/hungarian-dock1,266.20109299999604
warehouse,16,200,0.15,28,hungarian,pp,20,5,1,1843,200,0,0,10.851871947911015,118.17,67.06,51.11,10222,15437,26,0,0,18,1,0,0,513,7376,88094,206.93550300002244,11.053019999897515,0.11228187900163995,0.34664948453608246,0.5339454702639285,1843,29488,0,0,0,0,60,1,2,20,48,0.09239160961080861,baselines,warehouse-16-poisson/hungarian-dock1,234.4581890000045
warehouse,16,200,0.15,29,hungarian,pp,20,5,1,1638,200,0,0,12.21001221001221,171.845,117.645,54.2,10840,15644,22,0,0,18,0,0,0,477,6829,90094,260.9529070000717,33.354962000084925,0.1593119090354528,0.4136141636141636,0.4292933044564782,1638,26208,0,0,0,0,26,1,2,27,65,0.05302240771856759,baselines,warehouse-16-poisson/hungarian-dock1,289.86106599999766
warehouse,16,200,0.15,30,hungarian,pp,20,5,1,1890,200,0,0,10.582010582010582,192.845,138.85,53.995,10799,16008,25,0,0,16,0,0,0,528,7649,92629,220.02246700000978,31.95962499993766,0.11641400370370888,0.35710978835978835,0.4686567453597825,1890,30240,0,0,0,0,52,2,3,24,91,0.08082563294732059,baselines,warehouse-16-poisson/hungarian-dock1,246.1058750000011
warehouse,16,200,0.15,1,pact,pp,20,5,1,1817,200,0,0,11.007154650522839,139.215,85.61,53.605,10721,15619,24,0,0,17,0,0,0,517,9176,126053,307.8772300000419,92.35302299999603,0.16944261419925255,0.36877407815079805,0.4337358060718305,1817,29072,0,0,0,0,39,2,3,18,91,0.07832351997998366,baselines,warehouse-16-poisson/pact-dock1,341.15503400000307
warehouse,16,200,0.15,2,pact,pp,20,5,1,1621,200,0,0,12.338062924120914,159.585,105.37,54.215,10843,15883,25,0,0,16,0,0,0,478,8469,129729,313.00748199994996,92.91459800004668,0.19309530043180134,0.4180675508945096,0.45245160315801425,1621,25936,0,0,0,0,32,2,2,17,73,0.07884397350605704,baselines,warehouse-16-poisson/pact-dock1,341.99541699999827
warehouse,16,200,0.15,3,pact,pp,20,5,1,1739,200,0,0,11.500862564692351,120.965,69.465,51.5,10300,15370,23,0,0,16,0,0,0,503,9006,134717,328.5831229998803,93.41063199981727,0.1889494669349513,0.37018401380103505,0.40018495426471434,1739,27824,0,0,0,0,57,2,2,24,4,0.0896281341714866,baselines,warehouse-16-poisson/pact-dock1,359.97985399999743
warehouse,16,200,0.15,4,pact,pp,20,5,1,1565,200,0,0,12.779552715654953,131.7,80.425,51.275,10255,14664,15,0,0,16,0,0,0,459,8116,119852,276.4464730001491,76.4381000000576,0.17664311373811445,0.4095447284345048,0.5276178472949294,1565,25040,0,0,0,0,44,1,2,18,22,0.08207305115834529,baselines,warehouse-16-poisson/pact-dock1,304.93473499999527
warehouse,16,200,0.15,5,pact,pp,20,5,1,1802,200,0,0,11.098779134295228,135.165,82.505,52.66,10532,15602,24,0,0,17,0,0,0,510,9151,137115,302.96192000000156,91.26244899994344,0.16812537180910186,0.3652885682574917,0.45829791466972297,1802,28832,0,0,0,0,36,2,3,37,20,0.07805210626778294,baselines,warehouse-16-poisson/pact-dock1,334.72180300000036
warehouse,16,200,0.15,6,pact,pp,20,5,1,1571,200,0,0,12.73074474856779,118.465,66.45,52.015,10403,15439,23,0,0,18,0,0,0,468,8143,122101,300.74141100005363,92.49417499999254,0.19143310693829002,0.41386855506047104,0.5201824562555618,1571,25136,0,0,0,0,44,1,2,17,2,0.08868135046903663,baselines,warehouse-16-poisson/pact-dock1,328.64789700000256
warehouse,16,200,0.15,7,pact,pp,20,5,1,1589,200,0,0,12.586532410320956,103.605,52.055,51.55,10310,15256,27,0,0,16,0,0,0,462,8279,126236,290.60063699989405,91.3410350000122,0.1828827168029541,0.4055223410950283,0.4360257509017461,1589,25424,0,0,0,0,31,2,2,23,2,0.08937929670756042,baselines,warehouse-16-poisson/pact-dock1,318.7627549999961
warehouse,16,200,0.15,8,pact,pp,20,5,1,1683,200,0,0,11.883541295306001,199.965,146.655,53.31,10662,15109,20,0,0,16,0,0,0,484,8476,122268,297.37615199998254,80.97985799988965,0.17669408912654935,0.3959447415329768,0.43959629007390516,1683,26928,0,0,0,0,47,1,2,34,89,0.0825322910284654,baselines,warehouse-16-poisson/pact-dock1,326.7065739999962
warehouse,16,200,0.15,9,pact,pp,20,5,1,2034,200,0,0,9.83284169124877,222.075,169.325,52.75,10550,15396,22,0,0,18,0,0,0,559,9930,142518,301.8521820000242,86.34370799998578,0.14840323598821248,0.3241764995083579,0.5159253084833106,2034,32544,0,0,0,0,42,2,2,27,18,0.09714526011981744,baselines,warehouse-16-poisson/pact-dock1,330.43273000000045
warehouse,16,200,0.15,10,pact,pp,20,5,1,1586,200,0,0,12.610340479192939,129.4,79.06,50.34,10068,14518,31,0,0,16,0,0,0,465,8212,124759,289.859547999964,81.04157099999429,0.1827613795712257,0.3967528373266078,0.5276749826095293,1586,25376,0,0,0,0,36,1,2,30,4,0.09584736067355076,baselines,warehouse-16-poisson/pact-dock1,316.9662759999992
warehouse,16,200,0.15,11,pact,pp,20,5,1,1810,200,0,0,11.049723756906078,204.305,150.745,53.56,10712,15571,23,0,0,17,0,0,0,523,9267,134281,306.91776700010814,87.62676299999293,0.16956782707188295,0.36988950276243093,0.45191534317396853,1810,28960,0,0,0,0,54,2,2,43,31,0.07010379458312899,baselines,warehouse-16-poisson/pact-dock1,334.69027800000185
warehouse,16,200,0.15,12,pact,pp,20,5,1,1663,200,0,0,12.026458208057727,105.065,52.565,52.5,10500,15871,25,0,0,16,0,0,0,483,8613,128241,310.8363200000458,84.71812599997065,0.18691300060135047,0.39461815995189414,0.4186759480707224,1663,26608,0,0,0,0,35,2,2,43,5,0.09263575967997623,baselines,warehouse-16-poisson/pact-dock1,341.2353660000008
warehouse,16,200,0.15,13,pact,pp,20,5,1,1621,200,0,0,12.338062924120914,158.82,102.68,56.14,11228,16035,27,0,0,18,0,0,0,480,8296,128681,308.9714420000091,82.09464600001957,0.19060545465762438,0.4329117828500925,0.45857345072574446,1621,25936,0,0,0,0,21,2,2,32,5,0.09268693479653853,baselines,warehouse-16-poisson/pact-dock1,342.32659600000625
warehouse,16,200,0.15,14,pact,pp,20,5,1,1739,200,0,0,11.500862564692351,132.005,81.615,50.39,10078,14556,19,0,0,16,0,0,0,492,8574,120077,278.3402879999703,81.18244499993307,0.16005766992522732,0.36220529039677973,0.43559386679922746,1739,27824,0,0,0,0,56,1,2,26,4,0.08094178130423033,baselines,warehouse-16-poisson/pact-dock1,305.15953699999955
warehouse,16,200,0.15,15,pact,pp,20,5,1,1530,200,0,0,13.071895424836601,156.57,101.7,54.87,10974,15845,24,0,0,17,0,0,0,449,7871,123201,300.33197800009657,78.11435799998435,0.19629541045757945,0.4482843137254902,0.40824915368883724,1530,24480,0,0,0,0,21,2,2,29,58,0.05146235873047572,baselines,warehouse-16-poisson/pact-dock1,328.87256999999954
warehouse,16,200,0.15,16,pact,pp,20,5,1,1695,200,0,0,11.799410029498524,185.66,132.245,53.415,10683,16085,21,0,0,17,0,0,0,493,8700,134784,327.1016100001434,95.7355930001504,0.19298030088504037,0.39391592920353985,0.4497132017642366,1695,27120,0,0,0,0,37,1,2,32,31,0.07676704552602814,baselines,warehouse-16-poisson/pact-dock1,364.06149500000174
warehouse,16,200,0.15,17,pact,pp,20,5,1,1655,200,0,0,12.084592145015106,176.58,123.795,52.785,10557,15124,23,0,0,16,0,0,0,480,8548,122620,284.51810300000216,79.81208100003278,0.17191426163142123,0.39867824773413896,0.45659780264828526,1655,26480,0,0,0,0,40,1,2,17,64,0.05453615734652939,baselines,warehouse-16-poisson/pact-dock1,310.6527300000016
warehouse,16,200,0.15,18,pact,pp,20,5,1,1847,200,0,0,10.828370330265296,210.095,157.03,53.065,10613,15381,30,0,0,18,0,0,0,518,9089,137979,306.3730930000602,84.71829500012245,0.16587606551167308,0.35912966973470495,0.44364516152816635,1847,29552,0,0,0,0,53,2,2,21,128,0.037514896175454615,baselines,warehouse-16-poisson/pact-dock1,335.21191199999885
warehouse,16,200,0.15,19,pact,pp,20,5,1,1564,200,0,0,12.787723785166241,135.495,82.15,53.345,10669,15613,27,0,0,17,0,0,0,464,8182,130029,310.41195499990135,85.37743700003921,0.19847311700760956,0.4263507033248082,0.4872641637009193,1564,25024,0,0,0,0,17,2,2,22,42,0.06572652630545558,baselines,warehouse-16-poisson/pact-dock1,340.17985500000214
warehouse,16,200,0.15,20,pact,pp,20,5,1,1784,200,0,0,11.210762331838565,168.445,114.42,54.025,10805,16069,21,0,0,18,0,0,0,509,9077,132906,310.9854299998842,93.79670400005853,0.17431918721966605,0.37853839686098656,0.4365620613740883,1784,28544,0,0,0,0,33,1,2,26,121,0.07544830569477073,baselines,warehouse-16-poisson/pact-dock1,340.5745790000001
warehouse,16,200,0.15,21,pact,pp,20,5,1,1808,200,0,0,11.061946902654867,134.72,82.885,51.835,10367,15200,18,0,0,16,0,0,0,504,9030,130820,295.14882500006206,85.13346600002114,0.16324603152658299,0.3583725110619469,0.4383045439095847,1808,28928,0,0,0,0,54,2,3,38,51,0.08891452976000253,baselines,warehouse-16-poisson/pact-dock1,324.4165550000034
warehouse,16,200,0.15,22,pact,pp,20,5,1,1832,200,0,0,10.91703056768559,169.44,115.775,53.665,10733,15450,26,0,0,16,0,0,0,521,9103,127324,318.56482699985645,86.66428599999927,0.17388909770734523,0.36616402838427947,0.3629539204684347,1832,29312,0,0,0,0,45,2,2,21,73,0.07517356323749408,baselines,warehouse-16-poisson/pact-dock1,348.6270020000011
warehouse,16,200,0.15,23,pact,pp,20,5,1,1663,200,0,0,12.026458208057727,147.28,94.535,52.745,10549,15842,27,0,0,17,0,0,0,472,8482,129576,283.4295030000576,79.45630799984792,0.17043265363803825,0.396459711365003,0.44421714007864793,1663,26608,0,0,0,0,30,2,2,31,5,0.09065602032505496,baselines,warehouse-16-poisson/pact-dock1,310.4391360000009
warehouse,16,200,0.15,24,pact,pp,20,5,1,1832,200,0,0,10.91703056768559,155.585,103.51,52.075,10415,15736,28,0,0,18,0,0,0,519,9173,128826,309.5031160000799,84.22613800021645,0.16894274890834055,0.3553152292576419,0.47762466261104225,1832,29312,0,0,0,0,49,2,2,29,53,0.09161007827557874,baselines,warehouse-16-poisson/pact-dock1,338.16995699999825
warehouse,16,200,0.15,25,pact,pp,20,5,1,1926,200,0,0,10.384215991692628,206.925,152.09,54.835,10967,15682,15,0,0,18,0,0,0,546,9439,129702,310.6835789999968,92.39526100002695,0.16131026947040333,0.35588655244029077,0.45293732758469857,1926,30816,0,0,0,0,53,2,2,18,37,0.0996482960846305,baselines,warehouse-16-poisson/pact-dock1,337.65978899999755
warehouse,16,200,0.15,26,pact,pp,20,5,1,1577,200,0,0,12.682308180088777,169.42,114.935,54.485,10897,15334,19,0,0,16,0,0,0,473,8191,127542,305.6969240000617,88.51689799995074,0.19384712999369796,0.4318722257450856,0.5423029459543504,1577,25232,0,0,0,0,35,2,2,21,52,0.0645812277339449,baselines,warehouse-16-poisson/pact-dock1,336.23864599999797
warehouse,16,200,0.15,27,pact,pp,20,5,1,2033,200,0,0,9.837678307919331,255.855,201.035,54.82,10964,15676,27,0,0,20,0,0,0,566,9863,137886,306.65432299995155,91.70417100004852,0.15083832907031558,0.33706345302508606,0.43330538469720054,2033,32528,0,0,0,0,52,2,2,35,61,0.08002749996334929,baselines,warehouse-16-poisson/pact-dock1,336.4228069999954
warehouse,16,200,0.15,28,pact,pp,20,5,1,1818,200,0,0,11.001100110011,113.915,63.265,50.65,10130,15360,26,0,0,18,1,0,0,516,9130,121587,320.8912259999779,91.55400500014366,0.1765078250824961,0.34825357535753576,0.5372704702639282,1818,29088,0,0,0,0,44,2,2,20,4,0.05731891469156036,baselines,warehouse-16-poisson/pact-dock1,352.00913500000024
warehouse,16,200,0.15,29,pact,pp,20,5,1,1690,200,0,0,11.834319526627219,178.72,123.6,55.12,11024,15857,33,0,0,18,0,0,0,480,8516,125600,273.4986900000513,81.2551270000331,0.16183354437872857,0.4076923076923077,0.4040183044564786,1690,27040,0,0,0,0,26,2,2,22,6,0.06275265015867093,baselines,warehouse-16-poisson/pact-dock1,302.8041899999953
warehouse,16,200,0.15,30,pact,pp,20,5,1,1869,200,0,0,10.700909577314071,185.225,131.29,53.935,10787,15938,33,0,0,16,0,0,0,517,9193,130603,289.8371370000168,87.63325699998677,0.15507604975923853,0.3607209737827715,0.4581567453597823,1869,29904,0,0,0,0,52,2,3,24,65,0.07369079449010127,baselines,warehouse-16-poisson/pact-dock1,319.1779150000002
console,16,200,inf,1,hungarian,pp,20,5,1,2490,200,0,0,8.032128514056225,701.265,653.085,48.18,9636,9904,32,0,0,19,0,0,0,0,441,11987,306.24700199988,0,0.1229907638553735,0.24186746987951807,0.6771858060718529,2490,39840,0,0,0,0,48,2,3,5,12,0.13284656746726312,baselines,console-16-batch/tp,328.713373999999
console,16,200,inf,2,hungarian,pp,20,5,1,2138,200,0,0,9.354536950420954,717.895,667.49,50.405,10081,10350,32,0,0,18,0,0,0,0,439,13925,332.38731499994174,0,0.1554664710009082,0.2946971468662301,0.6679516031580334,2138,34208,0,0,0,0,48,2,3,6,1,0.08590334941598804,baselines,console-16-batch/tp,356.1012230000051
console,16,200,inf,3,hungarian,pp,20,5,1,2134,200,0,0,9.372071227741332,741.955,691.945,50.01,10002,10356,12,0,0,17,0,0,0,0,439,12908,314.7493180000456,0,0.1474926513589717,0.29293580131208996,0.6238849542647306,2134,34144,0,0,0,0,39,2,2,4,1,0.10519644084071522,baselines,console-16-batch/tp,336.79633900000044
console,16,200,inf,4,hungarian,pp,20,5,1,2059,200,0,0,9.713453132588635,750.925,699.405,51.52,10304,10518,30,0,0,17,0,0,0,0,439,13462,323.30700200015417,0,0.1570213705683119,0.31277319086935407,0.6569178472949461,2059,32944,0,0,0,0,48,2,3,6,35,0.09498438519838037,baselines,console-16-batch/tp,350.6725280000028
console,16,200,inf,5,hungarian,pp,20,5,1,2219,200,0,0,9.013068949977468,760.415,709.09,51.325,10265,10580,20,0,0,18,0,0,0,0,441,13524,340.0965200000792,0,0.15326566922040522,0.28912235241099593,0.6893729146697388,2219,35504,0,0,0,0,44,2,3,3,27,0.08890640628656887,baselines,console-16-batch/tp,362.2490800000014
console,16,200,inf,6,hungarian,pp,20,5,1,2041,200,0,0,9.799118079372857,724.985,675.385,49.6,9920,10074,25,0,0,17,0,0,0,0,437,12638,281.7260120002611,0,0.13803332288106865,0.30377266046055856,0.6034324562555792,2041,32656,0,0,0,0,38,2,3,6,1,0.08699819585776247,baselines,console-16-batch/tp,303.87449399999605
console,16,200,inf,7,hungarian,pp,20,5,1,2052,200,0,0,9.746588693957115,709.635,660.235,49.4,9880,10132,34,0,0,17,0,0,0,0,438,13829,308.00838700013264,0,0.15010155311897302,0.30092592592592593,0.6493507509017634,2052,32832,0,0,0,0,36,3,3,8,1,0.08324494328239937,baselines,console-16-batch/tp,330.7927600000039
console,16,200,inf,8,hungarian,pp,20,5,1,1882,200,0,0,10.626992561105208,722.07,671.275,50.795,10159,10371,36,0,0,16,0,0,0,0,436,13183,281.0859169998512,0,0.14935489744944272,0.33737380446333687,0.5960712900739167,1882,30112,0,0,0,0,44,3,3,5,1,0.1127088329946756,baselines,console-16-batch/tp,300.9634489999953
console,16,200,inf,9,hungarian,pp,20,5,1,1879,200,0,0,10.6439595529537,712.585,663.295,49.29,9858,10033,31,0,0,17,0,0,0,0,437,14142,300.1271110001253,0,0.15972704151150893,0.32790047897817987,0.692875308483316,1879,30064,0,0,0,0,31,2,2,5,17,0.1148308050675323,baselines,console-16-batch/tp,322.4640870000003
console,16,200,inf,10,hungarian,pp,20,5,1,2100,200,0,0,9.523809523809524,750.425,699.065,51.36,10272,10440,25,0,0,16,0,0,0,0,437,14091,310.6653879999503,0,0.14793589904759538,0.3057142857142857,0.6144749826095465,2100,33600,0,0,0,0,44,2,2,9,2,0.11259600583780593,baselines,console-16-batch/tp,332.4579640000011
console,16,200,inf,11,hungarian,pp,20,5,1,2225,200,0,0,8.98876404494382,714.385,665.925,48.46,9692,9945,20,0,0,17,0,0,0,0,438,11657,260.21892500005924,0,0.11695232584272326,0.27224719101123596,0.6632153431739856,2225,35600,0,0,0,0,43,2,2,3,1,0.09339352432397557,baselines,console-16-batch/tp,279.0346780000036
console,16,200,inf,12,hungarian,pp,20,5,1,1963,200,0,0,10.188487009679063,698.27,648.435,49.835,9967,10186,23,0,0,17,0,0,0,0,439,13449,302.7018269998807,0,0.15420368160972017,0.3173395313295976,0.6864759480707366,1963,31408,0,0,0,0,44,2,2,5,1,0.11083453789112374,baselines,console-16-batch/tp,328.57430100000056
console,16,200,inf,13,hungarian,pp,20,5,1,2213,200,0,0,9.03750564844103,743.235,692.555,50.68,10136,10496,22,0,0,19,0,0,0,0,442,13472,278.49115599983634,0,0.12584326976946966,0.2862629914143696,0.6509234507257654,2213,35408,0,0,0,0,45,2,3,5,1,0.11595873349293023,baselines,console-16-batch/tp,298.58045900000434
console,16,200,inf,14,hungarian,pp,20,5,1,1877,200,0,0,10.655301012253597,700.105,651.55,48.555,9711,9956,25,0,0,17,0,0,0,0,437,12386,273.9546050002464,0,0.14595343899853297,0.32335508790623335,0.6259688667992371,1877,30032,0,0,0,0,38,2,3,4,1,0.11334597714433448,baselines,console-16-batch/tp,293.69336699999985
console,16,200,inf,15,hungarian,pp,20,5,1,2366,200,0,0,8.4530853761623,767.41,715.635,51.775,10355,10698,27,0,0,19,0,0,0,0,442,13590,302.7569899999362,0,0.1279615342349688,0.2735365595942519,0.6287241536888621,2366,37856,0,0,0,0,43,2,3,4,1,0.0987657740516722,baselines,console-16-batch/tp,324.2226819999996
console,16,200,inf,16,hungarian,pp,20,5,1,2063,200,0,0,9.694619486185168,731.485,680.645,50.84,10168,10344,30,0,0,18,0,0,0,0,438,13673,303.8423529996944,0,0.14728179980595948,0.30804653417353367,0.6699882017642526,2063,33008,0,0,0,0,33,2,3,4,1,0.09740744956435127,baselines,console-16-batch/tp,324.24243800000113
console,16,200,inf,17,hungarian,pp,20,5,1,1924,200,0,0,10.395010395010395,697.1,647.935,49.165,9833,9961,28,0,0,16,0,0,0,0,435,14389,288.57247199989797,0,0.14998569230763928,0.3194191787941788,0.6359228026482993,1924,30784,0,0,0,0,26,2,3,12,1,0.0854376642816076,baselines,console-16-batch/tp,311.62013699999807
console,16,200,inf,18,hungarian,pp,20,5,1,2019,200,0,0,9.905894006934126,728.645,677.895,50.75,10150,10451,29,0,0,17,0,0,0,0,438,13207,296.7940110000345,0,0.14700050074295914,0.3142025755324418,0.5998451615281783,2019,32304,0,0,0,0,43,2,3,6,1,0.082667019783347,baselines,console-16-batch/tp,319.02807600000233
console,16,200,inf,19,hungarian,pp,20,5,1,2186,200,0,0,9.149130832570906,755.03,703.935,51.095,10219,10456,20,0,0,18,0,0,0,0,437,13700,323.3100540000378,0,0.1479002991765955,0.2921717749313815,0.6493141637009404,2186,34976,0,0,0,0,44,2,2,4,1,0.10577894101163954,baselines,console-16-batch/tp,344.70050400000036
console,16,200,inf,20,hungarian,pp,20,5,1,1959,200,0,0,10.209290454313425,687.045,638.975,48.07,9614,9778,23,0,0,17,0,0,0,0,435,11860,269.05099299980066,0,0.13734098672782066,0.30672537008677897,0.6946620613741015,1959,31344,0,0,0,0,48,2,2,5,1,0.09897983148715372,baselines,console-16-batch/tp,288.0529879999958
console,16,200,inf,21,hungarian,pp,20,5,1,1927,200,0,0,10.378827192527245,728.205,677.355,50.85,10170,10273,40,0,0,16,0,0,0,0,435,14465,274.7857359999034,0,0.1425976834457205,0.3298521017125065,0.5630295439095948,1927,30832,0,0,0,0,46,3,3,4,31,0.11090397871492425,baselines,console-16-batch/tp,297.15801400000055
console,16,200,inf,22,hungarian,pp,20,5,1,2243,200,0,0,8.916629514043692,754.91,703.365,51.545,10309,10723,22,0,0,19,0,0,0,0,441,13455,302.70600599994214,0,0.13495586535886853,0.2872547926883638,0.6458039204684507,2243,35888,0,0,0,0,48,2,3,6,1,0.08937356323749923,baselines,console-16-batch/tp,327.7981249999939
console,16,200,inf,23,hungarian,pp,20,5,1,2553,200,0,0,7.833920877399138,741.955,691.46,50.495,10099,10314,37,0,0,17,0,0,0,0,438,14246,269.02337199998146,0,0.10537539052094848,0.24723364669016842,0.5510671400786759,2553,40848,0,0,0,0,46,2,4,9,1,0.10042046400961624,baselines,console-16-batch/tp,291.5945649999994
console,16,200,inf,24,hungarian,pp,20,5,1,2405,200,0,0,8.316008316008316,748.665,697.26,51.405,10281,10602,27,0,0,19,0,0,0,0,443,15251,316.7941820002234,0,0.13172315259884548,0.2671777546777547,0.657099662611062,2405,38480,0,0,0,0,42,3,3,7,1,0.0962685590583856,baselines,console-16-batch/tp,339.5938279999973
console,16,200,inf,25,hungarian,pp,20,5,1,2568,200,0,0,7.788161993769471,739.175,689,50.175,10035,10338,20,0,0,19,0,0,0,0,440,13174,291.31193400015763,0,0.1134392266355754,0.2442318925233645,0.6359373275847208,2568,41088,0,0,0,0,48,2,4,8,1,0.07339128187245891,baselines,console-16-batch/tp,314.6138389999978
console,16,200,inf,26,hungarian,pp,20,5,1,2028,200,0,0,9.861932938856016,709.47,659.425,50.045,10009,10086,30,0,0,15,0,0,0,0,434,13266,296.3963619998758,0,0.14615205226818334,0.3084627712031558,0.6335779459543678,2028,32448,0,0,0,0,46,2,3,5,1,0.08913515603041156,baselines,console-16-batch/tp,317.60940900000423
console,16,200,inf,27,hungarian,pp,20,5,1,2260,200,0,0,8.849557522123893,737.69,687.615,50.075,10015,10350,23,0,0,20,0,0,0,0,443,13052,298.567799999837,0,0.13210964601762698,0.27696349557522126,0.6642803846972138,2260,36160,0,0,0,0,44,2,3,4,1,0.09827652634980696,baselines,console-16-batch/tp,324.5674289999952
console,16,200,inf,28,hungarian,pp,20,5,1,2066,200,0,0,9.68054211035818,730.805,678.87,51.935,10387,10550,32,0,0,17,0,0,0,0,436,15878,293.9852550001233,0,0.14229683204265406,0.31422434656340753,0.6953454702639412,2066,33056,0,0,0,0,45,2,2,9,1,0.08465756809285663,baselines,console-16-batch/tp,316.87835300000006
console,16,200,inf,29,hungarian,pp,20,5,1,2116,200,0,0,9.45179584120983,711.465,662.145,49.32,9864,10100,31,0,0,17,0,0,0,0,438,12876,308.60204600004363,0,0.14584217674860284,0.291351606805293,0.5874933044564966,2116,33856,0,0,0,0,44,2,3,6,1,0.09027080401909993,baselines,console-16-batch/tp,334.8829420000038
console,16,200,inf,30,hungarian,pp,20,5,1,2454,200,0,0,8.149959250203748,777.295,724.65,52.645,10529,10632,18,0,0,16,0,0,0,0,436,13497,321.5465340000301,0,0.13102955745722497,0.26815912795436025,0.5866317453598022,2454,39264,0,0,0,0,42,2,3,5,1,0.08276687071845157,baselines,console-16-batch/tp,346.26517700000113
console,16,200,inf,1,hungarian,pp,20,5,1,2219,200,0,0,9.013068949977468,658.485,614.765,43.72,8744,11055,29,0,0,18,0,0,185,0,52222,1575283,3972.9684779999807,0,1.7904319414150431,0.2462821090581343,0.5740608060718444,2219,35504,0,0,0,0,48,2,3,5,19,0.11269847604931252,baselines,console-16-batch/tpts,4032.554280999997
console,16,200,inf,2,hungarian,pp,20,5,1,1890,200,0,0,10.582010582010582,667.22,621.85,45.37,9074,11569,33,0,0,16,0,0,192,0,50105,1556825,4127.004198999988,0,2.1836001052909992,0.3000661375661376,0.5113266031580259,1890,30240,0,0,0,0,48,2,4,4,17,0.10484397350606331,baselines,console-16-batch/tpts,4185.331596000004
console,16,200,inf,3,hungarian,pp,20,5,1,1930,200,0,0,10.362694300518134,696.435,650.945,45.49,9098,11484,23,0,0,16,0,0,185,0,52492,1627250,4371.791523999942,0,2.2651769554403844,0.2946243523316062,0.5055849542647248,1930,30880,0,0,0,0,40,2,2,4,49,0.11411339188553918,baselines,console-16-batch/tpts,4435.201316999999
console,16,200,inf,4,hungarian,pp,20,5,1,1833,200,0,0,10.911074740861975,709.4,662.315,47.085,9417,11618,34,0,0,15,0,0,161,0,56694,1864937,4804.543945999911,0,2.6211369045280475,0.32109247135842883,0.47876784729493926,1833,29328,0,0,0,0,48,2,3,4,6,0.12852050995678463,baselines,console-16-batch/tpts,4872.058994000006
console,16,200,inf,5,hungarian,pp,20,5,1,1962,200,0,0,10.193679918450561,705.715,659.535,46.18,9236,11772,33,0,0,17,0,0,200,0,53477,1679917,4511.677327000107,0,2.299529728338485,0.2942150866462793,0.5700229146697315,1962,31392,0,0,0,0,44,2,3,5,2,0.10805112284329385,baselines,console-16-batch/tpts,4573.271068000009
console,16,200,inf,6,hungarian,pp,20,5,1,1851,200,0,0,10.804970286331713,677.54,632.695,44.845,8969,11499,39,0,0,18,0,0,186,0,52546,1642337,4401.0274290001325,0,2.377648529983864,0.30284305780659104,0.5584824562555734,1851,29616,0,0,0,0,38,2,3,5,27,0.10665979551563598,baselines,console-16-batch/tpts,4465.986076000001
console,16,200,inf,7,hungarian,pp,20,5,1,1869,200,0,0,10.700909577314071,664.97,620.225,44.745,8949,11344,31,0,0,15,0,0,165,0,51796,1652247,4320.968498000024,0,2.311914659176043,0.29925762439807385,0.47130075090175727,1869,29904,0,0,0,0,36,2,2,4,27,0.12450778051224184,baselines,console-16-batch/tpts,4384.197581000008
console,16,200,inf,8,hungarian,pp,20,5,1,1663,200,0,0,12.026458208057727,674.03,628.165,45.865,9173,11694,38,0,0,15,0,0,193,0,48668,1521537,3980.463386999836,0,2.393543828622872,0.3447459410703548,0.4739462900739089,1663,26608,0,0,0,0,26,2,3,4,31,0.09437989041285072,baselines,console-16-batch/tpts,4043.0768940000053
console,16,200,inf,9,hungarian,pp,20,5,1,1749,200,0,0,11.435105774728417,673.955,628.88,45.075,9015,11344,30,0,0,15,0,0,180,0,53866,1700169,4533.466460999902,0,2.5920334253858788,0.3221483704974271,0.5954753084833111,1749,27984,0,0,0,0,38,2,3,5,31,0.11824269564395054,baselines,console-16-batch/tpts,4594.050208000008
console,16,200,inf,10,hungarian,pp,20,5,1,1881,200,0,0,10.63264221158958,697.595,651.47,46.125,9225,11833,36,0,0,16,0,0,195,0,52801,1693341,4376.000850999961,0,2.3264225683147055,0.30651913875598086,0.5336999826095394,1881,30096,0,0,0,0,44,2,2,4,28,0.10344736067355459,baselines,console-16-batch/tpts,4438.769013999998
console,16,200,inf,11,hungarian,pp,20,5,1,1959,200,0,0,10.209290454313425,667.105,623.26,43.845,8769,11287,42,0,0,16,0,0,204,0,51090,1496957,4117.856632999959,0,2.1020197207758855,0.27976646248085757,0.524840343173977,1959,31344,0,0,0,0,43,2,2,5,22,0.11999352432396948,baselines,console-16-batch/tpts,4172.995888000005
console,16,200,inf,12,hungarian,pp,20,5,1,1752,200,0,0,11.415525114155251,648.245,603.615,44.63,8926,11274,33,0,0,15,0,0,196,0,49892,1493821,3865.460760999995,0,2.2063132197488553,0.318421803652968,0.5446009480707307,1752,28032,0,0,0,0,44,2,3,4,20,0.11543375443891507,baselines,console-16-batch/tpts,3928.627852999998
console,16,200,inf,13,hungarian,pp,20,5,1,1903,200,0,0,10.509721492380452,689.43,643.795,45.635,9127,11593,24,0,0,16,0,0,189,0,51105,1570311,4219.915108000176,0,2.217506625328521,0.2997569626904887,0.4672984507257566,1903,30448,0,0,0,0,45,2,3,7,60,0.11108342598938617,baselines,console-16-batch/tpts,4279.134617000003
console,16,200,inf,14,hungarian,pp,20,5,1,1689,200,0,0,11.841326228537596,656.315,612.235,44.08,8816,11017,21,0,0,15,0,0,186,0,49813,1505253,4077.9445420000557,0,2.41441358318535,0.3262285375962108,0.5412938667992309,1689,27024,0,0,0,0,28,2,3,3,18,0.12240438346583865,baselines,console-16-batch/tpts,4138.620642000009
console,16,200,inf,15,hungarian,pp,20,5,1,2081,200,0,0,9.61076405574243,721.7,674.93,46.77,9354,11879,30,0,0,19,0,0,200,0,54793,1755769,4742.705560000206,0,2.2790512061509878,0.28093464680442093,0.5356741536888535,2081,33296,0,0,0,0,43,2,3,4,28,0.12793026115522654,baselines,console-16-batch/tpts,4803.700397000008
console,16,200,inf,16,hungarian,pp,20,5,1,1841,200,0,0,10.863661053775122,695.155,648.815,46.34,9268,11623,40,0,0,15,0,0,184,0,54609,1786994,4849.784262000525,0,2.6343206203153313,0.314638783269962,0.5191382017642463,1841,29456,0,0,0,0,25,2,2,7,35,0.10480744956434082,baselines,console-16-batch/tpts,4914.659205999997
console,16,200,inf,17,hungarian,pp,20,5,1,1768,200,0,0,11.312217194570136,653.75,609.54,44.21,8842,11210,36,0,0,14,0,0,173,0,50404,1579436,4148.278368000072,0,2.346311294117688,0.31257070135746606,0.49124780264829326,1768,28288,0,0,0,0,44,2,3,4,22,0.12493615734652899,baselines,console-16-batch/tpts,4206.456649
console,16,200,inf,18,hungarian,pp,20,5,1,1770,200,0,0,11.299435028248588,683.085,637.25,45.835,9167,11668,34,0,0,17,0,0,188,0,50363,1573770,4173.471813999888,0,2.357893680225925,0.32369350282485876,0.5952951615281702,1770,28320,0,0,0,0,43,2,3,10,6,0.12053800807112144,baselines,console-16-batch/tpts,4235.328143999999
console,16,200,inf,19,hungarian,pp,20,5,1,1936,200,0,0,10.330578512396695,700.11,654.3,45.81,9162,11654,26,0,0,17,0,0,209,0,55464,1768133,4780.264990000142,0,2.469145139462883,0.29577737603305787,0.5211141637009321,1936,30976,0,0,0,0,43,2,2,4,32,0.1222858576256865,baselines,console-16-batch/tpts,4838.416883999991
console,16,200,inf,20,hungarian,pp,20,5,1,1690,200,0,0,11.834319526627219,648.455,604.555,43.9,8780,10892,21,0,0,13,0,0,185,0,50231,1535941,4003.3820909999486,0,2.3688651426035197,0.32470414201183434,0.48703706137409464,1690,27040,0,0,0,0,33,2,3,5,33,0.100685222991374,baselines,console-16-batch/tpts,4055.905844000008
console,16,200,inf,21,hungarian,pp,20,5,1,1711,200,0,0,11.689070718877849,679.965,634.185,45.78,9156,11572,39,0,0,14,0,0,193,0,52250,1639261,4388.4760409999435,0,2.5648603395674714,0.3344535359438925,0.4320795439095877,1711,27376,0,0,0,0,35,2,2,2,14,0.11624201566019027,baselines,console-16-batch/tpts,4447.684949000002
console,16,200,inf,22,hungarian,pp,20,5,1,1948,200,0,0,10.26694045174538,705.585,658.985,46.6,9320,12136,34,0,0,15,0,0,202,0,50571,1556773,4161.030717000205,0,2.1360527294662246,0.2990246406570842,0.4274539204684421,1948,31168,0,0,0,0,48,2,3,13,59,0.11524066099544458,baselines,console-16-batch/tpts,4220.671667000002
console,16,200,inf,23,hungarian,pp,20,5,1,2253,200,0,0,8.87705281846427,692.4,646.965,45.435,9087,11614,42,0,0,16,0,0,186,0,52197,1626538,4292.467415000399,0,1.9052229982247666,0.25208055925432754,0.4742421400786664,2253,36048,0,0,0,0,46,2,3,7,38,0.10452326235232512,baselines,console-16-batch/tpts,4352.5909729999985
console,16,200,inf,24,hungarian,pp,20,5,1,2112,200,0,0,9.469696969696969,697.95,651.42,46.53,9306,11590,31,0,0,15,0,0,203,0,53499,1754214,4738.4919349999545,0,2.24360413589013,0.275390625,0.4534246626110535,2112,33792,0,0,0,0,42,2,3,5,18,0.11332445259802479,baselines,console-16-batch/tpts,4803.080864999996
console,16,200,inf,25,hungarian,pp,20,5,1,2240,200,0,0,8.928571428571429,695.19,649.355,45.835,9167,11614,24,0,0,17,0,0,185,0,53689,1681444,4457.638874999902,0,1.9900173549106708,0.25577566964285714,0.5103373275847105,2240,35840,0,0,0,0,48,2,3,4,55,0.11735760349725652,baselines,console-16-batch/tpts,4518.731023
console,16,200,inf,26,hungarian,pp,20,5,1,1787,200,0,0,11.19194180190263,669.9,624.495,45.405,9081,11490,31,0,0,13,0,0,180,0,52559,1625625,4377.61513800027,0,2.4497006927813487,0.3176063234471181,0.49457794595436055,1787,28592,0,0,0,0,46,2,3,10,27,0.11454228678998207,baselines,console-16-batch/tpts,4440.826738000003
console,16,200,inf,27,hungarian,pp,20,5,1,1979,200,0,0,10.106114199090449,687.895,642.675,45.22,9044,11552,26,0,0,18,0,0,197,0,53569,1663382,4572.741308000346,0,2.3106322930774867,0.28562405255179385,0.5638553846972051,1979,31664,0,0,0,0,44,2,3,3,35,0.11783319795392616,baselines,console-16-batch/tpts,4632.816091999994
console,16,200,inf,28,hungarian,pp,20,5,1,1816,200,0,0,11.013215859030836,672.37,626.235,46.135,9227,12002,31,0,0,15,0,0,213,0,50047,1595433,4255.224994000004,0,2.343185569383262,0.3175591960352423,0.549245470263933,1816,29056,0,0,0,0,45,3,3,5,22,0.10682244053501974,baselines,console-16-batch/tpts,4323.387128000002
console,16,200,inf,29,hungarian,pp,20,5,1,1892,200,0,0,10.570824524312897,667.64,622.76,44.88,8976,11423,27,0,0,17,0,0,181,0,50145,1566812,4358.019683999941,0,2.3033930676532455,0.29651162790697677,0.5391683044564888,1892,30272,0,0,0,0,44,2,3,5,39,0.12090180407614104,baselines,console-16-batch/tpts,4424.102518
console,16,200,inf,30,hungarian,pp,20,5,1,2092,200,0,0,9.560229445506693,708.16,661.4,46.76,9352,11909,33,0,0,14,0,0,210,0,55255,1747668,4885.834320000518,0,2.335484856596806,0.2793977055449331,0.44730674535979276,2092,33472,0,0,0,0,42,2,3,6,44,0.10971431104485438,baselines,console-16-batch/tpts,4952.479900999999
console,16,200,inf,1,hungarian,pp,20,5,1,996,200,0,0,20.080321285140563,394.345,339.31,55.035,11007,10525,281,0,0,14,5,0,0,354,4899,375236,475.5442319999711,16.641775000010966,0.47745404819274206,0.6907003012048193,0.7229608060718202,996,15936,0,0,0,0,38,15,22,45,129,0.07029847604930531,baselines,console-16-batch/hungarian,500.05679699999746
console,16,200,inf,2,hungarian,pp,20,5,1,990,200,0,0,20.2020202020202,405.635,350.13,55.505,11101,11005,175,0,0,16,0,0,0,344,4706,297132,409.4927500001504,16.10169899990433,0.41362904040419235,0.7008207070707071,0.7357766031580073,990,15840,0,0,0,0,30,6,13,35,102,0.06401667098645208,baselines,console-16-batch/hungarian,435.4745370000019
console,16,200,inf,3,hungarian,pp,20,5,1,1060,200,0,0,18.867924528301888,415.205,359,56.205,11241,11177,226,0,0,15,0,0,0,351,4831,312557,450.84297600017453,15.322528000091552,0.4253235622643156,0.6627948113207547,0.7144349542647057,1060,16960,0,0,0,0,31,16,25,43,38,0.08986400482486967,baselines,console-16-batch/hungarian,475.40938800000004
console,16,200,inf,4,hungarian,pp,20,5,1,949,200,0,0,21.07481559536354,408.245,350.65,57.595,11519,11179,217,0,0,15,1,0,0,324,4484,331406,432.4816749998281,12.64179600008356,0.45572357744976616,0.758627502634352,0.6580178472949215,949,15184,0,0,0,0,36,13,22,45,38,0.10033753278441895,baselines,console-16-batch/hungarian,454.82498900000064
console,16,200,inf,5,hungarian,pp,20,5,1,982,200,0,0,20.36659877800407,411.925,355.03,56.895,11379,11208,211,0,0,16,2,0,0,348,4740,310096,449.5888070002111,14.284805000279448,0.45782974236274043,0.7242235234215886,0.6859979146697116,982,15712,0,0,0,0,22,8,20,44,156,0.062280026770197394,baselines,console-16-batch/hungarian,474.75310800000443
console,16,200,inf,6,hungarian,pp,20,5,1,1045,200,0,0,19.138755980861244,421.39,366.385,55.005,11001,11013,258,0,0,14,1,0,0,354,4926,325703,472.6180930000846,14.022202000152902,0.4522661177034303,0.6579545454545455,0.6520074562555568,1045,16720,0,0,0,0,30,13,23,41,81,0.09258571075182465,baselines,console-16-batch/hungarian,498.3600060000026
console,16,200,inf,7,hungarian,pp,20,5,1,933,200,0,0,21.436227224008576,405.77,350.705,55.065,11013,10721,211,0,0,16,0,0,0,322,4373,326821,460.1792390001792,12.79542399996717,0.4932253365489595,0.7377411575562701,0.6977757509017384,933,14928,0,0,0,0,19,11,18,41,189,0.07397929670754938,baselines,console-16-batch/hungarian,484.2022900000011
console,16,200,inf,8,hungarian,pp,20,5,1,970,200,0,0,20.61855670103093,412.78,357.145,55.635,11127,10855,220,0,0,15,1,0,0,344,4693,315328,472.65820699986944,13.631243999974686,0.4872765020617211,0.7169458762886598,0.6964212900738961,970,15520,0,0,0,0,20,14,23,41,81,0.09237977645080622,baselines,console-16-batch/hungarian,495.24873500000103
console,16,200,inf,9,hungarian,pp,20,5,1,873,200,0,0,22.90950744558992,404.71,349.31,55.4,11080,10606,266,0,0,12,2,0,0,318,4547,358083,464.98571799999627,13.573177000100259,0.5326296884306945,0.7932416953035509,0.5641503084832936,873,13968,0,0,0,0,15,15,24,37,76,0.11634526011981203,baselines,console-16-batch/hungarian,490.48305999999866
console,16,200,inf,10,hungarian,pp,20,5,1,915,200,0,0,21.85792349726776,401.85,345.73,56.12,11224,10957,220,0,0,14,2,0,0,311,4360,310695,438.0802269998385,16.76244599997881,0.47877620437140817,0.7666666666666667,0.6159999826095203,915,14640,0,0,0,0,19,6,16,38,81,0.10598669048436157,baselines,console-16-batch/hungarian,463.2318060000107
console,16,200,inf,11,hungarian,pp,20,5,1,965,200,0,0,20.72538860103627,398.96,343.19,55.77,11154,10619,327,0,0,14,2,0,0,326,4372,380238,503.0664040000556,12.54364299988083,0.5213123357513529,0.7224093264248704,0.6699403431739565,965,15440,0,0,0,0,30,12,22,45,246,0.05461114871725478,baselines,console-16-batch/hungarian,527.6558080000104
console,16,200,inf,12,hungarian,pp,20,5,1,924,200,0,0,21.645021645021647,403.675,347.27,56.405,11281,10682,302,0,0,14,7,0,0,336,4689,390437,501.4663549999241,16.602673000030336,0.5427125054111732,0.7630546536796536,0.6325509480707135,924,14784,0,0,0,0,29,14,23,50,95,0.0870651569059136,baselines,console-16-batch/hungarian,525.4579739999899
console,16,200,inf,13,hungarian,pp,20,5,1,970,200,0,0,20.61855670103093,421.31,365.47,55.84,11168,10958,244,0,0,16,2,0,0,318,4352,320049,451.54953300025954,16.103638000015053,0.46551498247449435,0.7195876288659794,0.7096984507257378,970,15520,0,0,0,0,18,7,15,43,47,0.0853377695975839,baselines,console-16-batch/hungarian,475.55228999999235
console,16,200,inf,14,hungarian,pp,20,5,1,926,200,0,0,21.598272138228943,404.395,350.685,53.71,10742,10502,200,0,0,16,1,0,0,316,4279,313561,469.80732899994473,14.65879500011215,0.5073513272137632,0.7250269978401728,0.6887688667992155,926,14816,0,0,0,0,19,13,22,52,98,0.10096735828723791,baselines,console-16-batch/hungarian,496.10764400000335
console,16,200,inf,15,hungarian,pp,20,5,1,1040,200,0,0,19.23076923076923,439.86,382.575,57.285,11457,11435,269,0,0,16,2,0,0,359,4775,405274,561.9817820002354,14.288333000105922,0.5403670980771494,0.6885216346153846,0.7238241536888319,1040,16640,0,0,0,0,19,14,24,54,208,0.07426761689819456,baselines,console-16-batch/hungarian,588.7283060000045
console,16,200,inf,16,hungarian,pp,20,5,1,945,200,0,0,21.164021164021165,418.605,361.76,56.845,11369,10917,231,0,0,15,0,0,0,322,4440,320973,490.84467799989216,17.95418400003109,0.5194123576718436,0.7519179894179894,0.6679882017642284,945,15120,0,0,0,0,33,13,18,46,55,0.1211482511518539,baselines,console-16-batch/hungarian,517.6304780000064
console,16,200,inf,17,hungarian,pp,20,5,1,936,200,0,0,21.367521367521366,403.775,349,54.775,10955,10536,243,0,0,16,2,0,0,325,4463,338874,483.0096160000394,14.43350899987854,0.5160359145299566,0.7315037393162394,0.7043478026482767,936,14976,0,0,0,0,40,9,16,57,92,0.08129502743668993,baselines,console-16-batch/hungarian,506.7024870000023
console,16,200,inf,18,hungarian,pp,20,5,1,965,200,0,0,20.72538860103627,419.785,363.64,56.145,11229,10962,210,0,0,16,2,0,0,319,4248,314826,445.906150999901,13.376088999866624,0.4620789129532653,0.7272668393782383,0.7018951615281538,965,15440,0,0,0,0,13,9,18,33,232,0.08857697026040376,baselines,console-16-batch/hungarian,470.0516869999992
console,16,200,inf,19,hungarian,pp,20,5,1,1040,200,0,0,19.23076923076923,416.155,359.06,57.095,11419,11340,254,0,0,16,0,0,0,358,4830,358258,520.2952910002059,18.797513000186882,0.5002839336540441,0.6862379807692308,0.7527391637009135,1040,16640,0,0,0,0,26,14,20,35,202,0.08164937465284194,baselines,console-16-batch/hungarian,547.0171310000005
console,16,200,inf,20,hungarian,pp,20,5,1,972,200,0,0,20.5761316872428,395.395,341.84,53.555,10711,10448,257,0,0,15,1,0,0,335,4486,325440,444.28276600001846,13.340376999825821,0.45708103497944286,0.68872170781893,0.7197870613740784,972,15552,0,0,0,0,23,8,16,43,136,0.09217983148712741,baselines,console-16-batch/hungarian,466.9291050000029
console,16,200,inf,21,hungarian,pp,20,5,1,978,200,0,0,20.449897750511248,413.66,356.705,56.955,11391,11079,276,0,0,15,0,0,0,333,4498,337557,479.7467169999145,14.725115000110236,0.49053856543958535,0.72795245398773,0.6810045439095724,978,15648,0,0,0,0,17,15,25,58,191,0.06376188380587935,baselines,console-16-batch/hungarian,508.8809859999892
console,16,200,inf,22,hungarian,pp,20,5,1,1111,200,0,0,18.001800180018,433.585,376.92,56.665,11333,11306,239,0,0,16,5,0,0,363,4864,317196,443.18862200024887,13.75764699994761,0.3989096507653005,0.63754500450045,0.7104539204684247,1111,17776,0,0,0,0,24,11,21,45,141,0.0778406609954315,baselines,console-16-batch/hungarian,469.2046280000068
console,16,200,inf,23,hungarian,pp,20,5,1,1045,200,0,0,19.138755980861244,410.495,355.825,54.67,10934,10877,219,0,0,14,1,0,0,355,4912,307479,429.8347670000512,13.587588000053074,0.41132513588521646,0.6539473684210526,0.6717671400786418,1045,16720,0,0,0,0,26,16,25,36,48,0.10616133252643078,baselines,console-16-batch/hungarian,457.04604400000244
console,16,200,inf,24,hungarian,pp,20,5,1,953,200,0,0,20.98635886673662,421.44,363.94,57.5,11500,11056,332,0,0,16,4,0,0,329,4489,377452,496.1664609998843,14.611839999852236,0.5206363704091126,0.7541972717733473,0.6628496626110301,953,15248,0,0,0,0,17,13,19,41,140,0.08434528053514881,baselines,console-16-batch/hungarian,520.4488200000051
console,16,200,inf,25,hungarian,pp,20,5,1,1040,200,0,0,19.23076923076923,406.65,350.995,55.655,11131,10965,290,0,0,16,4,0,0,353,4740,348001,538.3882730000623,17.812081999858492,0.5176810317308291,0.6689302884615385,0.7502873275846857,1040,16640,0,0,0,0,24,15,19,46,332,0.04179128187242795,baselines,console-16-batch/hungarian,566.8584680000058
console,16,200,inf,26,hungarian,pp,20,5,1,889,200,0,0,22.49718785151856,397.005,340.325,56.68,11336,10630,271,0,0,11,2,0,0,324,4669,345091,460.6410139998625,16.87622799993551,0.5181563712034448,0.796962879640045,0.5088529459543432,889,14224,0,0,0,0,20,14,23,49,4,0.1049338624497887,baselines,console-16-batch/hungarian,485.5252449999971
console,16,200,inf,27,hungarian,pp,20,5,1,1108,200,0,0,18.050541516245488,428.52,372.84,55.68,11136,10984,272,0,0,16,0,0,0,356,4737,325709,440.8955450000358,12.78563199994096,0.39792016696754134,0.628158844765343,0.6956053846971878,1108,17728,0,0,0,0,36,14,23,42,229,0.09656953240893823,baselines,console-16-batch/hungarian,466.43254400001024
console,16,200,inf,28,hungarian,pp,20,5,1,955,200,0,0,20.94240837696335,426.425,367.975,58.45,11690,11067,292,0,0,14,2,0,0,339,4755,394858,512.876886999904,13.288300999920466,0.5370438607328837,0.7650523560209425,0.6576954702639161,955,15280,0,0,0,0,30,11,20,40,27,0.09240058740973553,baselines,console-16-batch/hungarian,536.0493950000091
console,16,200,inf,29,hungarian,pp,20,5,1,985,200,0,0,20.304568527918782,408.505,354.745,53.76,10752,10684,202,0,0,15,2,0,0,346,4568,293762,433.30755200007115,14.788977000163868,0.4399061441625088,0.682233502538071,0.7172183044564702,985,15760,0,0,0,0,20,7,15,48,151,0.10489291758518707,baselines,console-16-batch/hungarian,457.79677600000286
console,16,200,inf,30,hungarian,pp,20,5,1,1104,200,0,0,18.115942028985508,435.775,376.785,58.99,11798,11543,306,0,0,15,2,0,0,363,5132,378625,553.3407070003159,16.40275600012683,0.5012144085147788,0.6679121376811594,0.7122817453597711,1104,17664,0,0,0,0,37,15,24,45,18,0.1027341405102987,baselines,console-16-batch/hungarian,580.5182860000059
console,16,200,inf,1,pact,pp,20,5,1,1040,200,0,0,19.23076923076923,400.675,346.385,54.29,10858,10637,259,0,0,14,2,0,0,349,5802,366802,514.7008140000398,61.63230099977227,0.49490462884619213,0.6525240384615385,0.7131108060718208,1040,16640,0,0,0,0,25,15,27,70,58,0.09136786059010774,baselines,console-16-batch/pact,541.1716529999976
console,16,200,inf,2,pact,pp,20,5,1,994,200,0,0,20.120724346076457,407.08,351.68,55.4,11080,10956,184,0,0,16,1,0,0,349,5616,317794,472.421441000246,52.69329100000323,0.4752730794771086,0.6966800804828974,0.7670016031580076,994,15904,0,0,0,0,20,6,13,35,110,0.09362232786137681,baselines,console-16-batch/pact,497.0800690000033
console,16,200,inf,3,pact,pp,20,5,1,1050,200,0,0,19.047619047619047,419,363.02,55.98,11196,11071,235,0,0,15,2,0,0,355,5832,355970,502.15572300004715,59.7428669998917,0.47824354571433064,0.6664285714285715,0.708084954264706,1050,16800,0,0,0,0,21,7,15,37,35,0.10762813417147898,baselines,console-16-batch/pact,528.4541899999895
console,16,200,inf,4,pact,pp,20,5,1,1005,200,0,0,19.90049751243781,407.215,350.58,56.635,11327,11327,194,0,0,16,1,0,0,351,5700,364676,536.2752759998839,53.12563000006776,0.5336072398008795,0.7044154228855721,0.7151428472949221,1005,16080,0,0,0,0,36,6,14,38,84,0.09623395045716365,baselines,console-16-batch/pact,563.5397599999997
console,16,200,inf,5,pact,pp,20,5,1,952,200,0,0,21.008403361344538,409.185,352.29,56.895,11379,11046,197,0,0,15,1,0,0,332,5378,336059,481.6855390001001,57.164949999933015,0.505972204832038,0.747045693277311,0.6594729146697114,952,15232,0,0,0,0,21,6,13,51,181,0.07948745545968444,baselines,console-16-batch/pact,508.6432349999959
console,16,200,inf,6,pact,pp,20,5,1,958,200,0,0,20.876826722338205,416.435,361.64,54.795,10959,10796,224,0,0,14,2,0,0,337,5574,367379,527.8594349999039,57.30336299991177,0.551001497912217,0.7149660751565762,0.6188324562555556,958,15328,0,0,0,0,17,13,23,47,15,0.1034979371102552,baselines,console-16-batch/pact,551.9125400000048
console,16,200,inf,7,pact,pp,20,5,1,899,200,0,0,22.246941045606228,401.705,347.31,54.395,10879,10687,235,0,0,15,2,0,0,317,5179,341502,497.89390999970783,57.01697999991302,0.5538308231364937,0.7563264738598443,0.684825750901738,899,14384,0,0,0,0,14,13,20,35,50,0.08486280197445356,baselines,console-16-batch/pact,521.437665999998
console,16,200,inf,8,pact,pp,20,5,1,935,200,0,0,21.390374331550802,408.97,354.095,54.875,10975,10668,140,0,0,15,1,0,0,326,5377,321548,480.66023100027815,64.61739399989892,0.5140751133692815,0.7336229946524064,0.6994462900738954,935,14960,0,0,0,0,22,7,10,49,56,0.08952732752561637,baselines,console-16-batch/pact,503.4779089999938
console,16,200,inf,9,pact,pp,20,5,1,889,200,0,0,22.49718785151856,397.53,342.325,55.205,11041,10683,225,0,0,12,2,0,0,322,5411,378086,504.29049600011786,53.41229899998871,0.567255901012506,0.7762232845894264,0.5678253084832936,889,14224,0,0,0,0,21,9,19,37,90,0.10614526011981176,baselines,console-16-batch/pact,525.6776859999954
console,16,200,inf,10,pact,pp,20,5,1,960,200,0,0,20.833333333333332,406.155,349.28,56.875,11375,11104,236,0,0,15,1,0,0,318,5303,361159,542.7186660000589,57.0258020000183,0.5653319437500613,0.7405598958333334,0.6678999826095208,960,15360,0,0,0,0,19,9,16,42,59,0.09659600583780589,baselines,console-16-batch/pact,568.6856969999935
console,16,200,inf,11,pact,pp,20,5,1,935,200,0,0,21.390374331550802,390.9,335.825,55.075,11015,10514,260,0,0,14,2,0,0,332,5267,404974,528.1694080000016,46.92361400015943,0.5648870673796809,0.7362967914438503,0.6334153431739561,935,14960,0,0,0,0,21,11,17,43,180,0.07445275583844663,baselines,console-16-batch/pact,551.1083690000087
console,16,200,inf,12,pact,pp,20,5,1,915,200,0,0,21.85792349726776,393.115,338.485,54.63,10926,10642,247,0,0,14,2,0,0,333,5498,368065,520.2476410000672,57.6428770001512,0.5685766568306746,0.7463114754098361,0.6347259480707137,915,14640,0,0,0,0,30,12,21,50,57,0.09023453789111269,baselines,console-16-batch/pact,545.3124589999934
console,16,200,inf,13,pact,pp,20,5,1,974,200,0,0,20.53388090349076,425.39,369.635,55.755,11151,11075,237,0,0,16,2,0,0,331,5303,332958,466.96654400014086,52.733535000050324,0.4794317700206785,0.7155415811088296,0.7082484507257378,974,15584,0,0,0,0,16,12,21,43,52,0.11675873349290425,baselines,console-16-batch/pact,491.0028789999924
console,16,200,inf,14,pact,pp,20,5,1,917,200,0,0,21.810250817884405,399.83,346.55,53.28,10656,10401,220,0,0,16,0,0,0,323,5301,332348,480.5814400000818,61.35972200005199,0.5240800872410925,0.7262813522355507,0.6969188667992152,917,14672,0,0,0,0,19,13,22,41,157,0.10081109131928587,baselines,console-16-batch/pact,506.47480100000394
console,16,200,inf,15,pact,pp,20,5,1,1114,200,0,0,17.953321364452425,447.035,388.49,58.545,11709,11488,294,0,0,16,2,0,0,372,5852,394996,559.8570699997508,59.81810200015025,0.5025646947933131,0.656923249551167,0.7089741536888331,1114,17824,0,0,0,0,36,16,25,47,181,0.06857520242482515,baselines,console-16-batch/pact,586.2111480000021
console,16,200,inf,16,pact,pp,20,5,1,905,200,0,0,22.099447513812155,409.635,353.88,55.755,11151,10887,233,0,0,16,2,0,0,319,5256,355173,508.22092599992175,52.11223599988443,0.561570083977814,0.7700966850828729,0.6508382017642277,905,14480,0,0,0,0,19,12,19,35,51,0.11209760362617754,baselines,console-16-batch/pact,534.0807399999903
console,16,200,inf,17,pact,pp,20,5,1,930,200,0,0,21.50537634408602,408.13,353.245,54.885,10977,10572,255,0,0,16,5,0,0,328,5420,356286,521.3024899999873,65.95951200011768,0.5605403118279433,0.7377016129032258,0.6761228026482766,930,14880,0,0,0,0,19,16,26,50,82,0.09953615734651727,baselines,console-16-batch/pact,546.9829080000054
console,16,200,inf,18,pact,pp,20,5,1,987,200,0,0,20.26342451874367,424.38,368.16,56.22,11244,10979,191,0,0,16,0,0,0,346,5553,364096,514.120707999813,60.69597099996463,0.5208923080038632,0.7120060790273556,0.7440951615281545,987,15792,0,0,0,0,16,6,15,64,133,0.0975614925749618,baselines,console-16-batch/pact,538.963122000001
console,16,200,inf,19,pact,pp,20,5,1,1040,200,0,0,19.23076923076923,423.645,366.205,57.44,11488,11465,273,0,0,16,3,0,0,349,5548,356812,505.19845300015004,51.30708800001594,0.48576774326937505,0.6903846153846154,0.7510391637009135,1040,16640,0,0,0,0,22,16,26,47,101,0.07797894101161579,baselines,console-16-batch/pact,529.3186359999963
console,16,200,inf,20,pact,pp,20,5,1,980,200,0,0,20.408163265306122,397.775,344.745,53.03,10606,10377,236,0,0,16,1,0,0,345,5570,360280,498.04271000005247,62.120288999853074,0.508206846938829,0.6764030612244898,0.7526120613740789,980,15680,0,0,0,0,22,8,16,39,160,0.08360540672671077,baselines,console-16-batch/pact,521.5677609999984
console,16,200,inf,21,pact,pp,20,5,1,946,200,0,0,21.141649048625794,411.02,354.68,56.34,11268,10867,266,0,0,15,0,0,0,337,5424,379625,552.3070290002652,57.460785999996006,0.5838340687106397,0.7444503171247357,0.6827295439095724,946,15136,0,0,0,0,11,15,25,45,134,0.07744196393769276,baselines,console-16-batch/pact,577.2343680000049
console,16,200,inf,22,pact,pp,20,5,1,1012,200,0,0,19.76284584980237,426.865,371.155,55.71,11142,10996,199,0,0,16,3,0,0,331,5381,306661,466.21437499986496,71.81379600006039,0.46068614130421437,0.6881175889328063,0.7311289204684231,1012,16192,0,0,0,0,36,11,21,48,151,0.09164066099543092,baselines,console-16-batch/pact,491.5500609999872
console,16,200,inf,23,pact,pp,20,5,1,1100,200,0,0,18.181818181818183,416.32,361.6,54.72,10944,10949,208,0,0,14,0,0,0,360,6108,330961,466.5188039999339,62.76180800018483,0.4241080036363035,0.6218181818181818,0.6236921400786428,1100,17600,0,0,0,0,31,14,23,61,2,0.09916642495915504,baselines,console-16-batch/pact,491.19743000000017
console,16,200,inf,24,pact,pp,20,5,1,990,200,0,0,20.2020202020202,412.895,356.24,56.655,11331,11153,248,0,0,16,3,0,0,348,5632,379117,525.4491130000533,61.8577959999966,0.5307566797980336,0.7153409090909091,0.7025996626110306,990,15840,0,0,0,0,33,9,15,41,112,0.08266088380757816,baselines,console-16-batch/pact,549.8796390000061
console,16,200,inf,25,pact,pp,20,5,1,1088,200,0,0,18.38235294117647,413.765,357.9,55.865,11173,10940,276,0,0,16,3,0,0,357,5730,347806,491.4069029997918,55.45349200021883,0.4516607564336321,0.6418313419117647,0.7546123275846871,1088,17408,0,0,0,0,37,16,25,51,285,0.04539128187242905,baselines,console-16-batch/pact,514.1701350000076
console,16,200,inf,26,pact,pp,20,5,1,834,200,0,0,23.980815347721823,393.905,338.465,55.44,11088,10467,221,0,0,9,3,0,0,309,5338,365546,509.36105799999496,58.206723000112106,0.6107446738609053,0.8309352517985612,0.4799029459543427,834,13344,0,0,0,0,13,14,21,34,2,0.11445642627328698,baselines,console-16-batch/pact,532.2530830000032
console,16,200,inf,27,pact,pp,20,5,1,1090,200,0,0,18.34862385321101,419.89,364.2,55.69,11138,11054,281,0,0,16,1,0,0,360,5735,357061,536.9485310002492,55.91318699994008,0.4926133311928892,0.6386467889908257,0.7048053846971877,1090,17440,0,0,0,0,37,14,23,42,105,0.047505338570661776,baselines,console-16-batch/pact,563.6081740000081
console,16,200,inf,28,pact,pp,20,5,1,920,200,0,0,21.73913043478261,418.34,361.12,57.22,11444,10922,240,0,0,12,0,0,0,330,5551,370951,493.48794500013173,50.06409200002963,0.5363999402175345,0.777445652173913,0.5988204702639157,920,14720,0,0,0,0,16,7,14,40,17,0.09080058740973534,baselines,console-16-batch/pact,518.2253129999881
console,16,200,inf,29,pact,pp,20,5,1,1000,200,0,0,20,414.755,360.505,54.25,10850,10836,249,0,0,16,1,0,0,336,5489,346072,497.0658179999591,60.088167000270914,0.4970658179999591,0.678125,0.7192933044564707,1000,16000,0,0,0,0,19,12,21,48,134,0.10673047697581389,baselines,console-16-batch/pact,521.7308920000069
console,16,200,inf,30,pact,pp,20,5,1,1111,200,0,0,18.001800180018,433.175,374.665,58.51,11702,11838,277,0,0,16,2,0,0,359,5907,373772,480.8190310000209,49.36930400003621,0.4327804059406129,0.6583033303330333,0.740331745359771,1111,17776,0,0,0,0,30,9,17,45,57,0.0853668707184499,baselines,console-16-batch/pact,506.0199259999936
console,16,200,inf,1,hungarian,pp,20,5,1,2221,200,0,0,9.0049527239982,769.185,725.575,43.61,8722,11031,24,0,0,16,0,0,0,589,8736,55831,174.20788100037316,14.332892999911564,0.07843668662781322,0.24544124268347592,0.5244858060718441,2221,35536,0,0,0,0,48,2,3,16,4,0.11752548373584012,baselines,console-16-batch/hungarian-dock1,200.9921100000065
console,16,200,inf,2,hungarian,pp,20,5,1,1918,200,0,0,10.427528675703858,806.745,760.94,45.805,9161,11653,18,0,0,14,0,0,0,544,8077,64080,145.71514899998147,10.128171000047587,0.07597244473408836,0.29852059436913453,0.4596016031580259,1918,30688,0,0,0,0,34,2,3,26,5,0.12709921615235606,baselines,console-16-batch/hungarian-dock1,169.8494389999978
console,16,200,inf,3,hungarian,pp,20,5,1,1956,200,0,0,10.224948875255624,808.785,762.76,46.025,9205,11683,21,0,0,16,0,0,0,539,7998,61718,165.33096400012437,13.067533000154071,0.08452503271989999,0.29412704498977504,0.4735349542647238,1956,31296,0,0,0,0,35,1,3,19,5,0.11571339188553703,baselines,console-16-batch/hungarian-dock1,189.73427100000845
console,16,200,inf,4,hungarian,pp,20,5,1,1806,200,0,0,11.074197120708748,812.38,765.335,47.045,9409,11831,19,0,0,13,0,0,0,513,7665,60568,146.4915260002308,10.890358000120614,0.08111380177199934,0.32561600221483944,0.42769284729493867,1806,28896,0,0,0,0,36,1,2,18,5,0.12407305115834569,baselines,console-16-batch/hungarian-dock1,168.59878800000297
console,16,200,inf,5,hungarian,pp,20,5,1,1977,200,0,0,10.116337885685383,800.005,753.79,46.215,9243,11751,24,0,0,15,0,0,0,542,8057,60803,179.26246600001468,12.501258000105736,0.09067398381386681,0.2922040971168437,0.5014479146697315,1977,31632,0,0,0,0,34,2,2,15,4,0.10257163664680166,baselines,console-16-batch/hungarian-dock1,204.28229300001112
console,16,200,inf,6,hungarian,pp,20,5,1,1909,200,0,0,10.476689366160294,810.515,765.425,45.09,9018,11469,18,0,0,16,0,0,0,533,7862,60833,161.70686000010755,14.141698999912478,0.08470762702991491,0.2952462022001048,0.5256324562555728,1909,30544,0,0,0,0,36,1,2,26,4,0.10682642905340217,baselines,console-16-batch/hungarian-dock1,184.63464899999963
console,16,200,inf,7,hungarian,pp,20,5,1,1814,200,0,0,11.025358324145534,773.8,729.19,44.61,8922,11352,16,0,0,15,0,0,0,512,7591,56583,163.8982370000449,14.788828999982798,0.09035183958106113,0.3074007717750827,0.4997757509017557,1814,29024,0,0,0,0,33,1,2,14,5,0.1349077805122511,baselines,console-16-batch/hungarian-dock1,193.09038000000874
console,16,200,inf,8,hungarian,pp,20,5,1,1681,200,0,0,11.89767995240928,788.56,742.635,45.925,9185,11727,24,0,0,13,0,0,0,479,7105,59042,162.700242999912,12.270662999973865,0.09678777096960857,0.34150059488399764,0.4215712900739096,1681,26896,0,0,0,0,43,2,2,14,5,0.12494758492168323,baselines,console-16-batch/hungarian-dock1,184.24723999999696
console,16,200,inf,9,hungarian,pp,20,5,1,1753,200,0,0,11.409013120365088,801.26,756.21,45.05,9010,11414,34,0,0,13,0,0,0,511,7622,59371,166.44080100010615,12.117926000166335,0.09494626411871429,0.3212350256702795,0.45337530848331126,1753,28048,0,0,0,0,22,2,2,17,4,0.10463585866727193,baselines,console-16-batch/hungarian-dock1,192.20074800000293
console,16,200,inf,10,hungarian,pp,20,5,1,1880,200,0,0,10.638297872340425,787.055,741.37,45.685,9137,11701,20,0,0,13,0,0,0,529,7879,59216,171.30441300013626,12.811808999700588,0.09111936861709376,0.3037566489361702,0.4046499826095391,1880,30080,0,0,0,0,34,1,2,18,35,0.10845133829638764,baselines,console-16-batch/hungarian-dock1,198.55810100000235
console,16,200,inf,11,hungarian,pp,20,5,1,1948,200,0,0,10.26694045174538,770.65,727.08,43.57,8714,11332,27,0,0,14,0,0,0,544,8106,58666,152.78331500015338,10.682148000138113,0.07843085985634157,0.2795816221765914,0.48709034317397737,1948,31168,0,0,0,0,40,1,2,17,5,0.13145928206165297,baselines,console-16-batch/hungarian-dock1,174.99769200000446
console,16,200,inf,12,hungarian,pp,20,5,1,1763,200,0,0,11.344299489506524,763.73,719.1,44.63,8926,11320,26,0,0,14,0,0,0,497,7383,61296,172.8183220001374,12.911717999857501,0.09802514010217664,0.3164350538854226,0.4676259480707296,1763,28208,0,0,0,0,39,1,2,18,12,0.1102805332465146,baselines,console-16-batch/hungarian-dock1,196.30496700000367
console,16,200,inf,13,hungarian,pp,20,5,1,1927,200,0,0,10.378827192527245,801.865,756.2,45.665,9133,11720,22,0,0,15,0,0,0,549,8111,61364,174.79933699998946,13.520250000190572,0.09071060560456122,0.2962182148417229,0.408373450725755,1927,30832,0,0,0,0,40,1,2,21,50,0.11140372547712799,baselines,console-16-batch/hungarian-dock1,197.76649900000484
console,16,200,inf,14,hungarian,pp,20,5,1,1701,200,0,0,11.757789535567314,775.42,730.87,44.55,8910,10927,12,0,0,15,0,0,0,487,7152,55377,135.6416200001404,11.0697180001589,0.07974228101125244,0.3273809523809524,0.5294188667992297,1701,27216,0,0,0,0,22,2,2,14,130,0.09636735828724399,baselines,console-16-batch/hungarian-dock1,155.20156300000963
console,16,200,inf,15,hungarian,pp,20,5,1,2117,200,0,0,9.447331128956069,819.015,772.095,46.92,9384,12001,24,0,0,18,0,0,0,574,8470,61680,165.25034700025572,11.40386500004388,0.0780587373643154,0.27704298535663674,0.4924741536888532,2117,33872,0,0,0,0,36,2,2,14,5,0.1323752024248353,baselines,console-16-batch/hungarian-dock1,189.78092199999082
console,16,200,inf,16,hungarian,pp,20,5,1,1848,200,0,0,10.822510822510823,804.715,758.195,46.52,9304,11573,17,0,0,14,0,0,0,522,7767,61453,142.05050800005847,9.43879299996479,0.07686715800868965,0.31466450216450215,0.4425632017642459,1848,29568,0,0,0,0,33,2,2,13,5,0.10724235390556053,baselines,console-16-batch/hungarian-dock1,160.60210299999744
console,16,200,inf,17,hungarian,pp,20,5,1,1754,200,0,0,11.402508551881414,781.675,737.33,44.345,8869,11064,23,0,0,13,0,0,0,497,7408,57203,139.45190699998057,12.509724000105052,0.0795050781071725,0.3160276510832383,0.4350478026482932,1754,28064,0,0,0,0,41,2,3,17,41,0.10666069994159857,baselines,console-16-batch/hungarian-dock1,159.34610499998962
console,16,200,inf,18,hungarian,pp,20,5,1,1787,200,0,0,11.19194180190263,801.685,755.48,46.205,9241,11818,24,0,0,15,0,0,0,508,7512,64716,169.41372800033423,11.794424999898183,0.09480342921115514,0.3232022943480694,0.44302016152816975,1787,28592,0,0,0,0,35,2,2,19,5,0.13228099411987113,baselines,console-16-batch/hungarian-dock1,191.84599299999536
console,16,200,inf,19,hungarian,pp,20,5,1,1931,200,0,0,10.357327809425168,807.52,761.945,45.575,9115,11837,17,0,0,14,0,0,0,543,8074,61304,153.1451609997166,13.347786999947857,0.07930873174506298,0.295022009321595,0.4473141637009321,1931,30896,0,0,0,0,26,1,1,31,5,0.12184411415048385,baselines,console-16-batch/hungarian-dock1,175.10262600000715
console,16,200,inf,20,hungarian,pp,20,5,1,1685,200,0,0,11.869436201780415,759.06,715.565,43.495,8699,10971,21,0,0,13,0,0,0,476,7008,55852,150.84470499987947,11.02614900014305,0.08952208011862282,0.3226632047477745,0.4707620613740936,1685,26960,0,0,0,0,28,2,2,14,55,0.12376887694001415,baselines,console-16-batch/hungarian-dock1,172.01056999999855
console,16,200,inf,21,hungarian,pp,20,5,1,1680,200,0,0,11.904761904761905,781.82,736.635,45.185,9037,11555,19,0,0,14,0,0,0,482,7176,59461,155.49587599994265,12.783086000170442,0.09255706904758491,0.33619791666666665,0.43197954390958737,1680,26880,0,0,0,0,17,2,2,15,4,0.12259307585061532,baselines,console-16-batch/hungarian-dock1,178.22884000001068
console,16,200,inf,22,hungarian,pp,20,5,1,2007,200,0,0,9.965122072745391,791.925,745.64,46.285,9257,12154,21,0,0,17,0,0,0,550,8087,62798,167.88372999960848,14.516540999873541,0.0836490931736963,0.2882722969606378,0.5145289204684417,2007,32112,0,0,0,0,42,2,2,16,50,0.13097356323749032,baselines,console-16-batch/hungarian-dock1,190.96033299999544
console,16,200,inf,23,hungarian,pp,20,5,1,2262,200,0,0,8.841732979664014,813.46,768.02,45.44,9088,11716,22,0,0,16,0,0,0,605,9011,61890,146.87165699957404,10.26598800010106,0.06492999867355174,0.251105216622458,0.4621421400786654,2262,36192,0,0,0,0,46,2,2,26,5,0.12158591887952347,baselines,console-16-batch/hungarian-dock1,168.5630300000048
console,16,200,inf,24,hungarian,pp,20,5,1,2123,200,0,0,9.420631182289213,821.885,775.21,46.675,9335,11877,27,0,0,16,0,0,0,589,8751,63254,181.83061800029827,12.48576599995431,0.08564795949142641,0.27481747527084316,0.47099966261105247,2123,33968,0,0,0,0,41,1,2,20,46,0.1399241728400823,baselines,console-16-batch/hungarian-dock1,205.6896870000055
console,16,200,inf,25,hungarian,pp,20,5,1,2278,200,0,0,8.779631255487269,795.175,749.05,46.125,9225,11656,23,0,0,17,0,0,0,616,9106,62526,152.76538299952517,11.444911999831675,0.06706118656695574,0.25310030728709393,0.4983623275847107,2278,36448,0,0,0,0,48,1,2,28,14,0.12699208731390677,baselines,console-16-batch/hungarian-dock1,174.08740099999704
console,16,200,inf,26,hungarian,pp,20,5,1,1752,200,0,0,11.415525114155251,770.055,724.77,45.285,9057,11402,22,0,0,13,0,0,0,499,7370,57061,160.26659400000062,11.187027999898419,0.09147636643835652,0.3230950342465753,0.5105279459543601,1752,28032,0,0,0,0,31,1,2,18,43,0.1195910515122135,baselines,console-16-batch/hungarian-dock1,185.34052800000063
console,16,200,inf,27,hungarian,pp,20,5,1,1947,200,0,0,10.272213662044171,786.86,741.84,45.02,9004,11411,20,0,0,17,0,0,0,537,7916,55761,164.65064199974586,13.849911000244902,0.08456632871070666,0.28903441191576784,0.4778553846972039,1947,31152,0,0,0,0,34,2,2,17,5,0.12376953240894081,baselines,console-16-batch/hungarian-dock1,188.12449899999774
console,16,200,inf,28,hungarian,pp,20,5,1,1749,200,0,0,11.435105774728417,790.51,744.76,45.75,9150,11827,21,0,0,13,0,0,0,494,7390,60168,175.93953400015016,12.370014999905834,0.10059435906240718,0.32697255574614065,0.4108454702639314,1749,27984,0,0,0,0,32,1,2,19,51,0.11185061079208031,baselines,console-16-batch/hungarian-dock1,198.1127669999987
console,16,200,inf,29,hungarian,pp,20,5,1,1841,200,0,0,10.863661053775122,774.175,729.14,45.035,9007,11384,22,0,0,15,0,0,0,520,7703,57590,136.1322869998985,10.814534999983152,0.07394475122210674,0.30577810972297664,0.4928183044564868,1841,29456,0,0,0,0,44,2,2,14,4,0.12510180407613886,baselines,console-16-batch/hungarian-dock1,156.1238630000007
console,16,200,inf,30,hungarian,pp,20,5,1,2047,200,0,0,9.770395701025892,838.09,791.275,46.815,9363,12199,19,0,0,14,0,0,0,566,8476,61320,179.15414300026896,13.284224999923026,0.08752034342954028,0.28587567171470446,0.44343174535979124,2047,32752,0,0,0,0,35,2,2,21,5,0.12331431104485394,baselines,console-16-batch/hungarian-dock1,203.75224299999536
console,16,200,inf,1,pact,pp,20,5,1,2225,200,0,0,8.98876404494382,776.265,732.37,43.895,8779,11086,24,0,0,17,0,0,0,588,10840,105946,229.42990600016492,95.16452100018796,0.10311456449445615,0.24660112359550562,0.5466108060718433,2225,35600,0,0,0,0,48,2,2,16,5,0.12435175147951799,baselines,console-16-batch/pact-dock1,252.62654299999122
console,16,200,inf,2,pact,pp,20,5,1,1901,200,0,0,10.520778537611783,798.76,753.19,45.57,9114,11537,21,0,0,14,0,0,0,533,9964,106181,271.1069259999349,108.45187700014503,0.14261279642290106,0.2996449237243556,0.4395516031580264,1901,30416,0,0,0,0,34,2,2,17,5,0.11857757872940078,baselines,console-16-batch/pact-dock1,294.36964399999124
console,16,200,inf,3,pact,pp,20,5,1,1941,200,0,0,10.303967027305513,803,757.31,45.69,9138,11575,26,0,0,16,0,0,0,527,9910,106319,267.1477810000797,108.6490410000115,0.13763409634213278,0.29424265842349306,0.46665995426472345,1941,31056,0,0,0,0,35,2,3,19,5,0.12696478731129962,baselines,console-16-batch/pact-dock1,294.0194049999991
console,16,200,inf,4,pact,pp,20,5,1,1846,200,0,0,10.834236186348862,811.285,764.33,46.955,9391,11823,24,0,0,13,0,0,0,526,9926,107185,253.97192800004268,102.15700100010145,0.13757959263274253,0.31795097508125675,0.41814284729493945,1846,29536,0,0,0,0,36,2,2,18,3,0.10344842711073074,baselines,console-16-batch/pact-dock1,280.4301639999903
console,16,200,inf,5,pact,pp,20,5,1,1974,200,0,0,10.131712259371835,801.365,754.995,46.37,9274,11809,24,0,0,15,0,0,0,543,10162,103713,253.2137359999906,101.92380400002003,0.1282744356636224,0.29362968591691996,0.4994729146697304,1974,31584,0,0,0,0,34,2,2,19,38,0.11528247010037987,baselines,console-16-batch/pact-dock1,277.10909000001266
console,16,200,inf,6,pact,pp,20,5,1,1882,200,0,0,10.626992561105208,811.41,766.32,45.09,9018,11539,13,0,0,16,0,0,0,536,10017,109858,266.5839230002457,105.71811899999739,0.14164926833169272,0.2994819341126461,0.5301324562555731,1882,30112,0,0,0,0,36,1,2,21,5,0.13687782026212808,baselines,console-16-batch/pact-dock1,290.6543359999923
console,16,200,inf,7,pact,pp,20,5,1,1834,200,0,0,10.905125408942203,772.47,727.995,44.475,8895,11263,18,0,0,15,0,0,0,522,9792,101753,275.4880050001084,111.48018099999172,0.15021156215927392,0.3031284078516903,0.47682575090175533,1834,29344,0,0,0,0,33,1,2,17,5,0.12736259295847607,baselines,console-16-batch/pact-dock1,301.0295620000106
console,16,200,inf,8,pact,pp,20,5,1,1633,200,0,0,12.24739742804654,781.935,736.495,45.44,9088,11459,24,0,0,13,0,0,0,475,8986,102003,246.22156899982656,96.69882900000084,0.150778670544903,0.34782608695652173,0.44782129007390936,1633,26128,0,0,0,0,24,2,2,16,5,0.11177977645080833,baselines,console-16-batch/pact-dock1,268.56132100000104
console,16,200,inf,9,pact,pp,20,5,1,1705,200,0,0,11.730205278592376,796.495,751.605,44.89,8978,11310,27,0,0,12,0,0,0,493,9375,102984,228.34359099985159,91.82114899992303,0.13392585982395988,0.3291055718475073,0.45615030848330973,1705,27280,0,0,0,0,17,1,2,19,4,0.12320788660162313,baselines,console-16-batch/pact-dock1,250.682885000002
console,16,200,inf,10,pact,pp,20,5,1,1868,200,0,0,10.70663811563169,790.65,744.495,46.155,9231,11672,21,0,0,14,0,0,0,517,9770,99967,252.99794599984307,101.79326499991294,0.1354378725909224,0.308853051391863,0.46049998260953906,1868,29888,0,0,0,0,34,1,2,23,5,0.13430881902054873,baselines,console-16-batch/pact-dock1,277.55613599999924
console,16,200,inf,11,pact,pp,20,5,1,1941,200,0,0,10.303967027305513,773.065,729.425,43.64,8728,11486,21,0,0,15,0,0,0,534,10094,101679,248.78957399980573,103.08825199994317,0.12817597836156916,0.28104070066975784,0.46064034317397623,1941,31056,0,0,0,0,40,2,2,16,4,0.09787881798782219,baselines,console-16-batch/pact-dock1,273.20855599999777
console,16,200,inf,12,pact,pp,20,5,1,1763,200,0,0,11.344299489506524,759.12,714.715,44.405,8881,11288,26,0,0,14,0,0,0,493,9337,106875,238.13950699982524,101.3772169999138,0.13507629438447263,0.31483976176971074,0.5114759480707308,1763,28208,0,0,0,0,30,2,2,20,21,0.1238345378911167,baselines,console-16-batch/pact-dock1,260.6245029999991
console,16,200,inf,13,pact,pp,20,5,1,1984,200,0,0,10.080645161290322,808.335,762.11,46.225,9245,11926,23,0,0,19,0,0,0,552,10180,107299,249.54342499989434,98.63264499978686,0.12577793598784998,0.29123613911290325,0.5400734507257552,1984,31744,0,0,0,0,40,1,2,19,5,0.11178686280884989,baselines,console-16-batch/pact-dock1,271.5982260000019
console,16,200,inf,14,pact,pp,20,5,1,1704,200,0,0,11.737089201877934,775.92,731.36,44.56,8912,11097,12,0,0,14,0,0,0,493,9327,101328,249.07663900025364,103.81287000015436,0.14617173650249626,0.3268779342723005,0.49171886679923027,1704,27264,0,0,0,0,20,2,2,13,5,0.11420438346584486,baselines,console-16-batch/pact-dock1,270.8241229999985
console,16,200,inf,15,pact,pp,20,5,1,2119,200,0,0,9.438414346389807,818.605,771.675,46.93,9386,12066,18,0,0,17,0,0,0,573,10506,105119,263.9652780000033,105.2487409999303,0.12457068334120024,0.276840490797546,0.48882415368885335,2119,33904,0,0,0,0,36,1,2,18,5,0.11832001284286481,baselines,console-16-batch/pact-dock1,289.60972399999446
console,16,200,inf,16,pact,pp,20,5,1,1840,200,0,0,10.869565217391305,799.965,753.67,46.295,9259,11591,17,0,0,14,0,0,0,521,9733,106749,266.44000400007644,110.95759600019665,0.14480435000004155,0.3145040760869565,0.4585382017642465,1840,29440,0,0,0,0,36,2,2,17,20,0.10744235390556289,baselines,console-16-batch/pact-dock1,290.30791400000453
console,16,200,inf,17,pact,pp,20,5,1,1739,200,0,0,11.500862564692351,782.83,738.595,44.235,8847,11359,23,0,0,14,0,0,0,490,9309,107487,249.54127100012556,103.11482199997408,0.14349699309955466,0.3179629097182289,0.4756228026482919,1739,27824,0,0,0,0,24,2,2,18,20,0.10912846061140674,baselines,console-16-batch/pact-dock1,273.99598100000003
console,16,200,inf,18,pact,pp,20,5,1,1783,200,0,0,11.217049915872126,800.31,754.315,45.995,9199,11624,19,0,0,14,0,0,0,503,9438,105789,246.31093400005193,98.85119500011206,0.13814410207518335,0.3224551318003365,0.4440951615281707,1783,28528,0,0,0,0,30,1,2,24,5,0.11710438921489658,baselines,console-16-batch/pact-dock1,268.35635800000455
console,16,200,inf,19,pact,pp,20,5,1,1948,200,0,0,10.26694045174538,804.865,759.21,45.655,9131,11701,26,0,0,15,0,0,0,553,10290,103333,271.1941780001798,110.6277759999648,0.13921672381939415,0.2929607289527721,0.48646416370093143,1948,31168,0,0,0,0,32,1,2,19,9,0.1376681187244191,baselines,console-16-batch/pact-dock1,297.6907560000109
console,16,200,inf,20,pact,pp,20,5,1,1669,200,0,0,11.983223487118035,756.755,713.28,43.475,8695,11070,20,0,0,13,0,0,0,484,9112,101100,247.9717759997584,98.70134999977017,0.14857506051513386,0.3256066506890353,0.4797370613740931,1669,26704,0,0,0,0,27,2,2,19,17,0.11161722660735626,baselines,console-16-batch/pact-dock1,273.607382999995
console,16,200,inf,21,pact,pp,20,5,1,1681,200,0,0,11.89767995240928,785.03,739.595,45.435,9087,11621,22,0,0,15,0,0,0,481,9140,106301,248.36236400011694,103.32067700005427,0.14774679595485837,0.3378569303985723,0.5074545439095863,1681,26896,0,0,0,0,16,1,2,12,5,0.10935450375919525,baselines,console-16-batch/pact-dock1,271.9010019999987
console,16,200,inf,22,pact,pp,20,5,1,1972,200,0,0,10.141987829614605,791.595,745.3,46.295,9259,12111,29,0,0,16,0,0,0,549,10071,103322,262.1156079999928,99.35728700007894,0.13291866531439797,0.2934520791075051,0.44892892046844135,1972,31552,0,0,0,0,42,1,2,20,74,0.10405879612416907,baselines,console-16-batch/pact-dock1,288.18693700000586
console,16,200,inf,23,pact,pp,20,5,1,2253,200,0,0,8.87705281846427,815.515,769.765,45.75,9150,11674,24,0,0,16,0,0,0,615,11193,108789,257.59426400013035,100.34431899998162,0.11433389436312932,0.2538282290279627,0.4754671400786654,2253,36048,0,0,0,0,46,2,3,15,18,0.11933484238424213,baselines,console-16-batch/pact-dock1,283.4619279999897
console,16,200,inf,24,pact,pp,20,5,1,2136,200,0,0,9.363295880149813,816.905,770.615,46.29,9258,11803,26,0,0,16,0,0,0,573,10557,100769,253.37705900002038,101.47268099997018,0.11862221863296835,0.27089185393258425,0.5000496626110533,2136,34176,0,0,0,0,41,1,3,13,5,0.10817774443366415,baselines,console-16-batch/pact-dock1,278.2515330000024
console,16,200,inf,25,pact,pp,20,5,1,2277,200,0,0,8.78348704435661,785.44,739.94,45.5,9100,11426,23,0,0,17,0,0,0,603,10960,101360,232.82253800003673,93.1599289996957,0.10224968730787735,0.24978041282389107,0.5022623275847106,2277,36432,0,0,0,0,48,1,2,19,68,0.12941758223288513,baselines,console-16-batch/pact-dock1,256.8378359999915
console,16,200,inf,26,pact,pp,20,5,1,1751,200,0,0,11.42204454597373,766.48,721.41,45.07,9014,11456,26,0,0,13,0,0,0,507,9525,102245,242.16412300005322,92.78472700036946,0.13830047001716347,0.32174471730439747,0.5064029459543601,1751,28016,0,0,0,0,27,2,2,24,3,0.13146390144881148,baselines,console-16-batch/pact-dock1,265.53875599999446
console,16,200,inf,27,pact,pp,20,5,1,1964,200,0,0,10.183299389002036,795.08,749.5,45.58,9116,11821,36,0,0,19,0,0,0,540,9950,104062,237.97882800000662,94.44640600004641,0.12117048268839441,0.2900967413441955,0.5615303846972027,1964,31424,0,0,0,0,35,2,2,32,5,0.1217892437277491,baselines,console-16-batch/pact-dock1,262.61137000001327
console,16,200,inf,28,pact,pp,20,5,1,1775,200,0,0,11.267605633802816,791.35,745.345,46.005,9201,11960,20,0,0,15,0,0,0,503,9493,102788,223.79718000006687,89.76503099985712,0.12608291830989682,0.32397887323943664,0.447095470263932,1775,28400,0,0,0,0,41,1,2,14,5,0.1251874379882709,baselines,console-16-batch/pact-dock1,245.72009100001014
console,16,200,inf,29,pact,pp,20,5,1,1888,200,0,0,10.59322033898305,772.645,727.54,45.105,9021,11610,16,0,0,16,0,0,0,539,9924,104480,212.3472340000153,85.38159400004952,0.11247205190678777,0.2986295021186441,0.5065683044564883,1888,30208,0,0,0,0,44,1,2,19,5,0.12142240771857277,baselines,console-16-batch/pact-dock1,233.0218739999982
console,16,200,inf,30,pact,pp,20,5,1,2108,200,0,0,9.487666034155598,844.995,798.04,46.955,9391,12095,18,0,0,14,0,0,0,565,10628,106709,236.1046150001057,96.8932930000301,0.11200408681219436,0.27843334914611007,0.43545674535979184,2108,33728,0,0,0,0,37,2,2,22,31,0.11581990448814125,baselines,console-16-batch/pact-dock1,259.2870890000049
narrow,16,200,inf,1,hungarian,pp,20,5,1,2646,200,0,0,7.558578987150415,929.825,865.255,64.57,12914,13858,56,0,0,22,0,0,0,0,449,31292,363.53675100002147,0,0.13739106235828477,0.305035903250189,0.6569358060718506,2646,42336,0,0,0,0,56,3,6,18,29,0.06498894910720526,baselines,narrow-16-batch/tp,387.7314320000005
narrow,16,200,inf,2,hungarian,pp,20,5,1,2325,200,0,0,8.602150537634408,820.04,760.35,59.69,11938,12633,42,0,0,19,0,0,0,0,440,26142,335.5232899995899,0,0.14431109247294188,0.32091397849462366,0.5885516031580339,2325,37200,0,0,0,0,56,2,3,12,1,0.06009872372022296,baselines,narrow-16-batch/tp,357.9529739999998
narrow,16,200,inf,3,hungarian,pp,20,5,1,2641,200,0,0,7.5728890571753125,845.715,785.51,60.205,12041,12910,28,0,0,21,0,0,0,0,445,22340,317.5975700001145,0,0.12025655812196687,0.2849536160545248,0.5855599542647377,2641,42256,0,0,0,0,54,2,3,10,1,0.06219644084071885,baselines,narrow-16-batch/tp,339.69531100000313
narrow,16,200,inf,4,hungarian,pp,20,5,1,2512,200,0,0,7.961783439490445,843.84,783.16,60.68,12136,12856,38,0,0,20,0,0,0,0,442,27160,331.3171539998875,0,0.1318937714967705,0.30195063694267515,0.6437678472949521,2512,40192,0,0,0,0,48,2,3,19,1,0.04693753278444085,baselines,narrow-16-batch/tp,355.8065820000047
narrow,16,200,inf,5,hungarian,pp,20,5,1,2559,200,0,0,7.815552950371239,920.525,855.045,65.48,13096,14043,38,0,0,22,0,0,0,0,448,33252,351.0011299994658,0,0.13716339585754816,0.31985150449394295,0.6233979146697408,2559,40944,0,0,0,0,56,2,3,15,46,0.06388247010038434,baselines,narrow-16-batch/tp,373.32790599999134
narrow,16,200,inf,6,hungarian,pp,20,5,1,2745,200,0,0,7.285974499089253,886.71,825.16,61.55,12310,12978,28,0,0,22,0,0,0,0,446,23634,373.62796199979493,0,0.13611219016385973,0.28028233151183973,0.615782456255589,2745,43920,0,0,0,0,42,3,4,13,39,0.061598195857762994,baselines,narrow-16-batch/tp,398.8841669999965
narrow,16,200,inf,7,hungarian,pp,20,5,1,2673,200,0,0,7.482229704451926,865.775,805.12,60.655,12131,13012,26,0,0,22,0,0,0,0,446,26653,345.59257399984926,0,0.12929015114098363,0.28364665170220726,0.6145007509017726,2673,42768,0,0,0,0,48,2,3,14,1,0.06377418197153006,baselines,narrow-16-batch/tp,369.49492500000633
narrow,16,200,inf,8,hungarian,pp,20,5,1,2323,200,0,0,8.609556607834696,885.66,821.165,64.495,12899,13742,37,0,0,21,0,0,0,0,446,31163,332.4980199997517,0,0.14313302625904076,0.3470458458889367,0.6444962900739204,2323,37168,0,0,0,0,41,3,3,13,1,0.06557977645081547,baselines,narrow-16-batch/tp,354.0917849999969
narrow,16,200,inf,9,hungarian,pp,20,5,1,2575,200,0,0,7.766990291262136,823.025,764.195,58.83,11766,12522,34,0,0,19,0,0,0,0,443,19835,335.1224470002053,0,0.1301446396117302,0.28558252427184466,0.6216253084833266,2575,41200,0,0,0,0,52,2,3,12,1,0.054711241301921565,baselines,narrow-16-batch/tp,358.933950000006
narrow,16,200,inf,10,hungarian,pp,20,5,1,2602,200,0,0,7.686395080707149,877.95,815.215,62.735,12547,13358,41,0,0,21,0,0,0,0,446,24316,317.519919999555,0,0.12202917755555534,0.3013787471176018,0.6544999826095522,2602,41632,0,0,0,0,56,2,3,9,1,0.05037309717276933,baselines,narrow-16-batch/tp,339.7459589999926
narrow,16,200,inf,11,hungarian,pp,20,5,1,2722,200,0,0,7.347538574577516,886.88,826.675,60.205,12041,12835,33,0,0,21,0,0,0,0,446,23510,367.8367720000824,0,0.13513474357093402,0.2764740999265246,0.6510403431739916,2722,43552,0,0,0,0,52,3,5,13,18,0.07227881798783076,baselines,narrow-16-batch/tp,392.48401299999387
narrow,16,200,inf,12,hungarian,pp,20,5,1,2301,200,0,0,8.69187309865276,822.955,763.36,59.595,11919,12698,46,0,0,20,0,0,0,0,444,32044,326.44732200022554,0,0.1418719348110498,0.323745110821382,0.6388759480707402,2301,36816,0,0,0,0,52,3,5,14,6,0.05804140172398431,baselines,narrow-16-batch/tp,346.52740600000834
narrow,16,200,inf,13,hungarian,pp,20,5,1,2612,200,0,0,7.656967840735069,885.245,824.43,60.815,12163,13095,37,0,0,23,0,0,0,0,450,28435,358.8426229997567,0,0.13738232120970778,0.2910365620214395,0.6296734507257694,2612,41792,0,0,0,0,56,2,4,15,42,0.07598343185783651,baselines,narrow-16-batch/tp,383.8368039999914
narrow,16,200,inf,14,hungarian,pp,20,5,1,2488,200,0,0,8.038585209003216,841.405,779.995,61.41,12282,13089,41,0,0,22,0,0,0,0,449,25390,345.0102200001129,0,0.13866970257239264,0.3085309485530547,0.6643188667992439,2488,39808,0,0,0,0,50,2,5,15,10,0.059211091319308684,baselines,narrow-16-batch/tp,368.86247499998717
narrow,16,200,inf,15,hungarian,pp,20,5,1,2437,200,0,0,8.206811653672549,871.985,810.23,61.755,12351,13196,31,0,0,22,0,0,0,0,448,26340,333.2796389998839,0,0.13675816126380136,0.31675728354534266,0.6586241536888602,2437,38992,0,0,0,0,47,2,4,12,18,0.07475788739995504,baselines,narrow-16-batch/tp,355.0836929999932
narrow,16,200,inf,16,hungarian,pp,20,5,1,2315,200,0,0,8.639308855291576,806.705,747.795,58.91,11782,12585,39,0,0,20,0,0,0,0,444,27579,302.22557499948016,0,0.13055100431942987,0.31808855291576676,0.6528132017642548,2315,37040,0,0,0,0,58,2,4,17,22,0.07260744956435045,baselines,narrow-16-batch/tp,324.1876200000115
narrow,16,200,inf,17,hungarian,pp,20,5,1,2404,200,0,0,8.319467554076539,845.21,785.255,59.955,11991,12816,27,0,0,21,0,0,0,0,447,20049,329.7008860005444,0,0.13714679118159084,0.3117460482529118,0.6880478026483048,2404,38464,0,0,0,0,50,3,5,19,22,0.0540893099202005,baselines,narrow-16-batch/tp,349.9117259999912
narrow,16,200,inf,18,hungarian,pp,20,5,1,2377,200,0,0,8.413967185527977,811.22,752.265,58.955,11791,12552,36,0,0,21,0,0,0,0,445,25517,302.3066229999531,0,0.12717990029446913,0.3100283971392512,0.683520161528182,2377,38032,0,0,0,0,52,2,3,14,1,0.07678342347221026,baselines,narrow-16-batch/tp,325.27428700000746
narrow,16,200,inf,19,hungarian,pp,20,5,1,2834,200,0,0,7.057163020465773,863.11,802.73,60.38,12076,12985,40,0,0,23,0,0,0,0,448,25972,325.14014700030384,0,0.11472835109396748,0.2663196894848271,0.6428641637009495,2834,45344,0,0,0,0,52,3,3,11,1,0.07048585762570875,baselines,narrow-16-batch/tp,347.5670480000117
narrow,16,200,inf,20,hungarian,pp,20,5,1,2411,200,0,0,8.29531314807134,857.74,795.38,62.36,12472,13351,37,0,0,21,0,0,0,0,445,35118,328.7124890000414,0,0.13633865159686495,0.3233098299460805,0.6082620613741054,2411,38576,0,0,0,0,50,3,5,16,1,0.054217226607369884,baselines,narrow-16-batch/tp,350.77896399999736
narrow,16,200,inf,21,hungarian,pp,20,5,1,2357,200,0,0,8.485362749257531,869.16,807.2,61.96,12392,13266,23,0,0,21,0,0,0,0,446,28202,353.2758319999557,0,0.1498836792532693,0.3285956724649979,0.6858545439095988,2357,37712,0,0,0,0,48,2,3,14,1,0.057642015660197055,baselines,narrow-16-batch/tp,376.65664200000174
narrow,16,200,inf,22,hungarian,pp,20,5,1,2688,200,0,0,7.440476190476191,880.435,818.33,62.105,12421,13376,33,0,0,23,0,0,0,0,449,29745,356.43949500071176,0,0.13260397879490765,0.2888067336309524,0.6805789204684559,2688,43008,0,0,0,0,56,2,3,13,1,0.06806103193686847,baselines,narrow-16-batch/tp,380.8059979999962
narrow,16,200,inf,23,hungarian,pp,20,5,1,2910,200,0,0,6.8728522336769755,873.8,812.015,61.785,12357,13283,36,0,0,24,0,0,0,0,449,22950,451.7492329999659,0,0.15524028625428382,0.2653994845360825,0.6139671400786775,2910,46560,0,0,0,0,52,2,4,14,1,0.06492326235233148,baselines,narrow-16-batch/tp,483.91760899999645
narrow,16,200,inf,24,hungarian,pp,20,5,1,2924,200,0,0,6.839945280437757,842.91,783.46,59.45,11890,12759,46,0,0,22,0,0,0,0,446,26207,380.2974569992366,0,0.13006068980822044,0.2541467168262654,0.6384996626110703,2924,46784,0,0,0,0,58,2,5,15,1,0.05201007827558751,baselines,narrow-16-batch/tp,406.13944600000104
narrow,16,200,inf,25,hungarian,pp,20,5,1,2862,200,0,0,6.988120195667365,854.65,792.88,61.77,12354,13228,44,0,0,23,0,0,0,0,449,24585,367.5878679998277,0,0.1284374102025953,0.26978511530398325,0.6383623275847216,2862,45792,0,0,0,0,58,2,4,14,1,0.07034741014000173,baselines,narrow-16-batch/tp,394.3270230000053
narrow,16,200,inf,26,hungarian,pp,20,5,1,2249,200,0,0,8.89284126278346,834.395,773.485,60.91,12182,12803,61,0,0,20,0,0,0,0,439,27643,382.41746999984025,0,0.17003889284119175,0.3385393508225878,0.6976029459543686,2249,35984,0,0,0,0,56,2,4,17,34,0.0663393070310469,baselines,narrow-16-batch/tp,408.5110599999898
narrow,16,200,inf,27,hungarian,pp,20,5,1,2596,200,0,0,7.704160246533128,850.11,788.955,61.155,12231,13134,35,0,0,23,0,0,0,0,450,24896,331.9466370002774,0,0.127868504237395,0.2944674499229584,0.6528803846972167,2596,41536,0,0,0,0,54,1,3,13,53,0.0719607942901716,baselines,narrow-16-batch/tp,357.9428110000008
narrow,16,200,inf,28,hungarian,pp,20,5,1,2243,200,0,0,8.916629514043692,798.855,739.28,59.575,11915,12610,36,0,0,18,0,0,0,0,440,28226,343.2876630000392,0,0.1530484453856617,0.33200512706197055,0.6297454702639417,2243,35888,0,0,0,0,56,2,4,15,1,0.06240058740976395,baselines,narrow-16-batch/tp,366.5341650000046
narrow,16,200,inf,29,hungarian,pp,20,5,1,2601,200,0,0,7.6893502499038835,861.75,800.79,60.96,12192,12982,51,0,0,21,0,0,0,0,446,24091,349.7272139999841,0,0.1344587520184483,0.29296424452133796,0.6034683044565026,2601,41616,0,0,0,0,56,3,7,15,8,0.05289291758520326,baselines,narrow-16-batch/tp,375.1066909999936
narrow,16,200,inf,30,hungarian,pp,20,5,1,2609,200,0,0,7.6657723265619016,834.44,774.455,59.985,11997,12740,41,0,0,20,0,0,0,0,445,28416,350.2876050002378,0,0.13426125143742346,0.2873945956305098,0.6835817453598027,2609,41744,0,0,0,0,51,2,2,16,45,0.05956687071845096,baselines,narrow-16-batch/tp,375.9712179999915
narrow,16,200,inf,1,hungarian,pp,20,5,1,2079,200,0,0,9.62000962000962,787.705,736.44,51.265,10253,16506,56,0,0,20,0,0,291,0,32557,1049637,2802.1396400000085,0,1.3478305146705187,0.30823112073112074,0.48908580607183394,2079,33264,0,0,0,0,56,2,4,21,36,0.11238894910720096,baselines,narrow-16-batch/tpts,2862.006886000003
narrow,16,200,inf,2,hungarian,pp,20,5,1,1901,200,0,0,10.520778537611783,723.13,674.7,48.43,9686,14822,39,0,0,19,0,0,242,0,34638,1074504,2792.72523700037,0,1.4690821867440136,0.31845081536033665,0.519051603158022,1901,30416,0,0,0,0,54,2,3,11,44,0.10129872372020599,baselines,narrow-16-batch/tpts,2845.094748999996
narrow,16,200,inf,3,hungarian,pp,20,5,1,2082,200,0,0,9.606147934678194,743.31,694.46,48.85,9770,14869,40,0,0,20,0,0,265,0,35893,1126883,3086.613601000223,0,1.4825233434198957,0.2932877041306436,0.5353849542647218,2082,33312,0,0,0,0,56,2,4,8,55,0.0867310802569698,baselines,narrow-16-batch/tpts,3149.3368869999977
narrow,16,200,inf,4,hungarian,pp,20,5,1,1949,200,0,0,10.26167265264238,735.575,686.69,48.885,9777,14820,57,0,0,18,0,0,272,0,35596,1095693,3171.657384999926,0,1.6273254925602494,0.3135261672652642,0.5249178472949371,1949,31184,0,0,0,0,50,2,3,15,43,0.10764745500740128,baselines,narrow-16-batch/tpts,3225.7408989999967
narrow,16,200,inf,5,hungarian,pp,20,5,1,2094,200,0,0,9.551098376313275,785.21,732.93,52.28,10456,16287,49,0,0,20,0,0,318,0,36208,1300370,3306.5308519996324,0,1.5790500725881722,0.3120821394460363,0.4212229146697282,2094,33504,0,0,0,0,56,2,4,11,46,0.099731707177317,baselines,narrow-16-batch/tpts,3362.293988000005
narrow,16,200,inf,6,hungarian,pp,20,5,1,2146,200,0,0,9.319664492078285,759.27,710.685,48.585,9717,15209,40,0,0,21,0,0,278,0,36553,1147122,3088.3343300001725,0,1.4391119897484494,0.28299743709226466,0.5128824562555733,2146,34336,0,0,0,0,52,2,3,13,32,0.10379819585774971,baselines,narrow-16-batch/tpts,3146.2780749999947
narrow,16,200,inf,7,hungarian,pp,20,5,1,2151,200,0,0,9.298000929800093,749.94,700.805,49.135,9827,15418,41,0,0,22,0,0,270,0,35160,1160250,3276.734330999636,0,1.523353942817125,0.28553579730357975,0.5566757509017565,2151,34416,0,0,0,0,48,2,4,11,41,0.09205381638967552,baselines,narrow-16-batch/tpts,3341.8751300000004
narrow,16,200,inf,8,hungarian,pp,20,5,1,1886,200,0,0,10.604453870625663,762.115,711.105,51.01,10202,15777,40,0,0,20,0,0,257,0,34519,1116892,3078.602614999734,0,1.632344970837611,0.3380832449628844,0.49722129007390853,1886,30176,0,0,0,0,35,2,2,17,42,0.08834758492168907,baselines,narrow-16-batch/tpts,3134.037113000013
narrow,16,200,inf,9,hungarian,pp,20,5,1,2104,200,0,0,9.505703422053232,733.745,685.195,48.55,9710,14705,57,0,0,19,0,0,261,0,40040,1292799,3428.5165890000353,0,1.6295230936311955,0.28843868821292773,0.5124253084833135,2104,33664,0,0,0,0,54,2,3,11,43,0.0976308050675353,baselines,narrow-16-batch/tpts,3487.913214
narrow,16,200,inf,10,hungarian,pp,20,5,1,1995,200,0,0,10.025062656641603,761.525,711.025,50.5,10100,15867,34,0,0,19,0,0,241,0,35645,1295145,3420.3613270002097,0,1.7144668305765463,0.31641604010025065,0.5158999826095355,1995,31920,0,0,0,0,43,2,3,15,44,0.08524736067355312,baselines,narrow-16-batch/tpts,3479.8409159999865
narrow,16,200,inf,11,hungarian,pp,20,5,1,2079,200,0,0,9.62000962000962,762.9,714.545,48.355,9671,15145,34,0,0,18,0,0,253,0,35937,1104253,3183.1986010000255,0,1.5311200582010704,0.29073472823472823,0.49026534317397474,2079,33264,0,0,0,0,44,2,2,11,57,0.08297320411727938,baselines,narrow-16-batch/tpts,3240.512630000012
narrow,16,200,inf,12,hungarian,pp,20,5,1,1879,200,0,0,10.6439595529537,719.345,670.775,48.57,9714,14899,57,0,0,19,0,0,258,0,35404,1093819,3081.35810199994,0,1.639892550292677,0.3231106971793507,0.5488759480707276,1879,30064,0,0,0,0,52,2,3,14,43,0.08224390403331372,baselines,narrow-16-batch/tpts,3142.814129999999
narrow,16,200,inf,13,hungarian,pp,20,5,1,2067,200,0,0,9.675858732462506,762.755,713.705,49.05,9810,15452,37,0,0,21,0,0,279,0,35855,1159555,3140.521227000252,0,1.5193619869377126,0.2966255442670537,0.5187734507257535,2067,33072,0,0,0,0,56,2,4,17,52,0.10369907788616442,baselines,narrow-16-batch/tpts,3216.2123649999994
narrow,16,200,inf,14,hungarian,pp,20,5,1,2003,200,0,0,9.98502246630055,740.955,691.245,49.71,9942,15486,48,0,0,21,0,0,244,0,35074,1230934,3121.3461610002705,0,1.5583355771344336,0.3102221667498752,0.44874386679923056,2003,32048,0,0,0,0,50,4,7,13,27,0.10876735828724707,baselines,narrow-16-batch/tpts,3178.968406
narrow,16,200,inf,15,hungarian,pp,20,5,1,2017,200,0,0,9.91571641051066,774.155,723.73,50.425,10085,15814,39,0,0,20,0,0,253,0,35904,1197475,3017.5002640001476,0,1.4960338443233254,0.3125,0.4336241536888473,2017,32272,0,0,0,0,54,2,3,11,33,0.09375675450321871,baselines,narrow-16-batch/tpts,3075.374158999999
narrow,16,200,inf,16,hungarian,pp,20,5,1,1830,200,0,0,10.92896174863388,718.06,670.115,47.945,9589,14543,45,0,0,17,0,0,248,0,35918,1109553,3126.786154999936,0,1.7086263142076155,0.3274931693989071,0.49071320176424105,1830,29280,0,0,0,0,40,2,5,12,27,0.0829689005186941,baselines,narrow-16-batch/tpts,3190.7306830000016
narrow,16,200,inf,17,hungarian,pp,20,5,1,1963,200,0,0,10.188487009679063,749.94,700.87,49.07,9814,14948,42,0,0,19,0,0,258,0,36417,1137575,3041.5217429995973,0,1.5494252384103908,0.31246816097809477,0.48309780264829255,1963,31408,0,0,0,0,36,3,5,10,49,0.09609258893208167,baselines,narrow-16-batch/tpts,3098.425577999995
narrow,16,200,inf,18,hungarian,pp,20,5,1,1919,200,0,0,10.422094841063053,718.07,670.245,47.825,9565,14500,45,0,0,18,0,0,239,0,35292,1076873,2773.1901349994732,0,1.4451225299632482,0.31152292860865033,0.5116451615281697,1919,30704,0,0,0,0,54,2,3,11,49,0.09229039660619173,baselines,narrow-16-batch/tpts,2824.3552380000037
narrow,16,200,inf,19,hungarian,pp,20,5,1,2195,200,0,0,9.111617312072893,758.285,709.455,48.83,9766,15064,34,0,0,20,0,0,251,0,37318,1151295,3089.0570780000708,0,1.4073152974943375,0.2780751708428246,0.4938141637009329,2195,35120,0,0,0,0,52,2,2,10,40,0.08637914039232295,baselines,narrow-16-batch/tpts,3151.061738000004
narrow,16,200,inf,20,hungarian,pp,20,5,1,1985,200,0,0,10.075566750629722,755.115,704.36,50.755,10151,15956,40,0,0,18,0,0,261,0,35421,1140737,3101.3924210002297,0,1.5624143178842467,0.3196158690176322,0.42313706137409285,1985,31760,0,0,0,0,50,2,3,19,44,0.0972034378504483,baselines,narrow-16-batch/tpts,3159.756032000005
narrow,16,200,inf,21,hungarian,pp,20,5,1,1974,200,0,0,10.131712259371835,763.655,713.51,50.145,10029,15743,27,0,0,17,0,0,284,0,34947,1144400,2940.2570510002697,0,1.4894919204661954,0.3175341945288754,0.36332954390958716,1974,31584,0,0,0,0,48,2,2,15,46,0.09719307585061576,baselines,narrow-16-batch/tpts,2998.09081899999
narrow,16,200,inf,22,hungarian,pp,20,5,1,2064,200,0,0,9.689922480620154,752.305,702.615,49.69,9938,15639,48,0,0,21,0,0,263,0,33865,1149642,2941.6824769999657,0,1.4252337582364174,0.3009326550387597,0.47090392046843915,2064,33024,0,0,0,0,56,2,3,19,55,0.09538996557445173,baselines,narrow-16-batch/tpts,3005.3543659999996
narrow,16,200,inf,23,hungarian,pp,20,5,1,2279,200,0,0,8.775778850372971,755.865,705.905,49.96,9992,15556,35,0,0,21,0,0,256,0,35327,1216957,3179.487580000714,0,1.3951239929796901,0.274023694602896,0.5364921400786606,2279,36464,0,0,0,0,52,2,3,21,43,0.09363103102185066,baselines,narrow-16-batch/tpts,3241.4681820000114
narrow,16,200,inf,24,hungarian,pp,20,5,1,2331,200,0,0,8.58000858000858,745.54,696.525,49.015,9803,14971,49,0,0,20,0,0,230,0,38002,1212476,3125.015820999877,0,1.3406331278420751,0.26284320034320036,0.47132466261105344,2331,37296,0,0,0,0,58,3,5,15,49,0.11344266822226995,baselines,narrow-16-batch/tpts,3185.1672959999996
narrow,16,200,inf,25,hungarian,pp,20,5,1,2285,200,0,0,8.752735229759299,757.335,707.115,50.22,10044,15363,38,0,0,20,0,0,257,0,36460,1228755,3055.5047589998285,0,1.33720120743975,0.27472647702407005,0.46338732758470635,2285,36560,0,0,0,0,58,2,3,11,31,0.08364506019839199,baselines,narrow-16-batch/tpts,3115.6280449999904
narrow,16,200,inf,26,hungarian,pp,20,5,1,1772,200,0,0,11.286681715575622,724.17,675.58,48.59,9718,14838,63,0,0,17,0,0,264,0,34064,1113097,2770.3387819996133,0,1.5633966038372535,0.3427624153498871,0.5355779459543552,1772,28352,0,0,0,0,30,2,4,14,34,0.10902753051538372,baselines,narrow-16-batch/tpts,2831.3487319999986
narrow,16,200,inf,27,hungarian,pp,20,5,1,2051,200,0,0,9.751340809361286,752.625,703.25,49.375,9875,15508,51,0,0,23,0,0,235,0,34395,1096305,2848.076742000063,0,1.3886283481228976,0.3009202827888835,0.6025553846972018,2051,32816,0,0,0,0,54,2,5,12,57,0.07585340413414521,baselines,narrow-16-batch/tpts,2910.6168739999994
narrow,16,200,inf,28,hungarian,pp,20,5,1,1745,200,0,0,11.461318051575931,685.535,637.53,48.005,9601,14369,39,0,0,17,0,0,299,0,34436,1055100,2731.64649499963,0,1.565413464183169,0.34387535816618914,0.5572204702639282,1745,27920,0,0,0,0,55,2,3,10,59,0.09785756809283644,baselines,narrow-16-batch/tpts,2784.6212809999997
narrow,16,200,inf,29,hungarian,pp,20,5,1,2030,200,0,0,9.852216748768473,759.46,710.285,49.175,9835,15444,55,0,0,21,0,0,261,0,34019,1042781,2725.8404970000993,0,1.342778569950788,0.30280172413793105,0.5295683044564856,2030,32480,0,0,0,0,54,2,6,16,49,0.09115120261815243,baselines,narrow-16-batch/tpts,2778.1001049999904
narrow,16,200,inf,30,hungarian,pp,20,5,1,2050,200,0,0,9.75609756097561,721.675,673.59,48.085,9617,14444,56,0,0,17,0,0,300,0,39347,1345006,3552.783471999952,0,1.7330651082926594,0.29320121951219513,0.5246067453597876,2050,32800,0,0,0,0,50,2,3,19,59,0.09686874895729536,baselines,narrow-16-batch/tpts,3612.6971150000027
narrow,16,200,inf,1,hungarian,pp,20,5,1,1235,200,0,0,16.194331983805668,555.505,484.445,71.06,14212,14631,214,0,0,16,4,0,0,394,5473,330881,460.28031900021597,16.8838729999552,0.37269661457507364,0.7192307692307692,0.6131858060718194,1235,19760,0,0,0,0,37,14,22,48,15,0.07099415871165807,baselines,narrow-16-batch/hungarian,487.92045400000643
narrow,16,200,inf,2,hungarian,pp,20,5,1,1275,200,0,0,15.686274509803921,533.455,467.235,66.22,13244,13953,194,0,0,16,4,0,0,397,5517,312882,448.10109899990493,14.67397600010736,0.35145184235286664,0.6492156862745098,0.6353766031580095,1275,20400,0,0,0,0,30,7,16,58,62,0.06330334941595814,baselines,narrow-16-batch/hungarian,473.7860209999926
narrow,16,200,inf,3,hungarian,pp,20,5,1,1209,200,0,0,16.542597187758478,526.115,459.145,66.97,13394,14051,214,0,0,16,2,0,0,397,5481,341285,492.2259759998997,17.238840000121854,0.4071348023158806,0.6924110835401158,0.6160099542647051,1209,19344,0,0,0,0,33,9,18,48,1,0.0843640193147589,baselines,narrow-16-batch/hungarian,520.5575899999967
narrow,16,200,inf,4,hungarian,pp,20,5,1,1260,200,0,0,15.873015873015873,520.455,453.585,66.87,13374,13929,241,0,0,16,2,0,0,392,5481,308373,449.3093999999546,18.80195100005949,0.3565947619047259,0.6633928571428571,0.639017847294924,1260,20160,0,0,0,0,36,10,19,67,2,0.07909574423879409,baselines,narrow-16-batch/hungarian,474.62303500001144
narrow,16,200,inf,5,hungarian,pp,20,5,1,1227,200,0,0,16.299918500407497,545.77,475.655,70.115,14023,14637,165,0,0,16,2,0,0,393,5473,286448,443.97349000014947,16.270124999879044,0.36183658516719597,0.7142929910350448,0.6169979146697122,1227,19632,0,0,0,0,19,5,10,51,60,0.04557163664680019,baselines,narrow-16-batch/hungarian,469.8761999999988
narrow,16,200,inf,6,hungarian,pp,20,5,1,1278,200,0,0,15.64945226917058,547.035,479.395,67.64,13528,14484,213,0,0,16,1,0,0,395,5473,319250,442.0283699999709,14.50498000018706,0.34587509389669086,0.6615805946791862,0.5699824562555571,1278,20448,0,0,0,0,47,15,24,51,2,0.0691819342562931,baselines,narrow-16-batch/hungarian,467.355905000004
narrow,16,200,inf,7,hungarian,pp,20,5,1,1165,200,0,0,17.167381974248926,522.325,455.705,66.62,13324,14034,193,0,0,16,1,0,0,381,5253,302178,434.96520199999213,14.86054999991029,0.3733606884120104,0.7148068669527897,0.6105257509017388,1165,18640,0,0,0,0,18,12,18,87,4,0.06511631625983894,baselines,narrow-16-batch/hungarian,460.3223719999951
narrow,16,200,inf,8,hungarian,pp,20,5,1,1178,200,0,0,16.97792869269949,569.005,497.965,71.04,14208,14469,261,0,0,16,0,0,0,384,5300,337609,459.1614310001605,11.95630500021798,0.38978050169792916,0.7538200339558574,0.588196290073895,1178,18848,0,0,0,0,20,13,22,77,40,0.06816631997395453,baselines,narrow-16-batch/hungarian,481.9216219999944
narrow,16,200,inf,9,hungarian,pp,20,5,1,1265,200,0,0,15.810276679841897,514.615,448.49,66.125,13225,13873,188,0,0,16,2,0,0,397,5574,308502,437.55626500006474,17.964839000123902,0.34589428063246225,0.6534090909090909,0.6568253084832967,1265,20240,0,0,0,0,24,9,17,98,82,0.07130836232342028,baselines,narrow-16-batch/hungarian,463.02559199999087
narrow,16,200,inf,10,hungarian,pp,20,5,1,1187,200,0,0,16.849199663016005,546.02,475.635,70.385,14077,14406,201,0,0,16,3,0,0,381,5266,296558,448.17300699988846,16.385580999820377,0.37756782392576954,0.7412068239258636,0.6338749826095208,1187,18992,0,0,0,0,16,7,12,82,4,0.05924736067354833,baselines,narrow-16-batch/hungarian,474.006217999995
narrow,16,200,inf,11,hungarian,pp,20,5,1,1230,200,0,0,16.260162601626018,507.48,441.44,66.04,13208,13919,222,0,0,16,2,0,0,392,5374,318851,462.80149800008803,14.165143000049284,0.37626138048787644,0.6711382113821138,0.6648153431739574,1230,19680,0,0,0,0,21,6,12,65,185,0.058760336030275445,baselines,narrow-16-batch/hungarian,492.6430390000023
narrow,16,200,inf,12,hungarian,pp,20,5,1,1130,200,0,0,17.699115044247787,505.98,440.41,65.57,13114,13441,211,0,0,16,1,0,0,376,5177,322701,444.39478800016514,13.832303999908618,0.39326972389395143,0.7253318584070797,0.6792759480707138,1130,18080,0,0,0,0,21,6,12,61,1,0.055860392184929636,baselines,narrow-16-batch/hungarian,470.4272239999991
narrow,16,200,inf,13,hungarian,pp,20,5,1,1152,200,0,0,17.36111111111111,523.91,457.765,66.145,13229,13850,161,0,0,16,1,0,0,370,5085,291495,399.94506599989836,13.037116000108654,0.3471745364582451,0.7177191840277778,0.5793984507257375,1152,18432,0,0,0,0,24,6,13,114,34,0.08067254512477712,baselines,narrow-16-batch/hungarian,424.70338599999377
narrow,16,200,inf,14,hungarian,pp,20,5,1,1170,200,0,0,17.094017094017094,535.62,469.505,66.115,13223,13890,220,0,0,16,1,0,0,382,5257,287290,396.33052600007795,13.202102999974159,0.3387440393163059,0.7063568376068377,0.6054438667992158,1170,18720,0,0,0,0,16,8,18,45,70,0.06454597714431648,baselines,narrow-16-batch/hungarian,419.5642889999872
narrow,16,200,inf,15,hungarian,pp,20,5,1,1230,200,0,0,16.260162601626018,557.035,488.785,68.25,13650,14321,200,0,0,16,2,0,0,398,5508,306193,450.9253159998625,19.498930000161636,0.3666059479673679,0.6935975609756098,0.5629741536888323,1230,19680,0,0,0,0,17,11,17,56,148,0.05571701887529365,baselines,narrow-16-batch/hungarian,477.370219000004
narrow,16,200,inf,16,hungarian,pp,20,5,1,1110,200,0,0,18.01801801801802,507.825,441.66,66.165,13233,13420,201,0,0,16,1,0,0,362,4961,300726,467.79760399980296,15.81752700007928,0.4214392828827054,0.7451013513513514,0.6638882017642279,1110,17760,0,0,0,0,23,8,17,62,10,0.08316704552602061,baselines,narrow-16-batch/hungarian,493.2351239999989
narrow,16,200,inf,17,hungarian,pp,20,5,1,1220,200,0,0,16.39344262295082,564.215,496.06,68.155,13631,14305,192,0,0,16,4,0,0,384,5367,321253,435.5311759998731,18.546796000242466,0.3569927672130107,0.6983094262295082,0.5965728026482774,1220,19520,0,0,0,0,26,9,19,155,32,0.048274771753698736,baselines,narrow-16-batch/hungarian,460.7750559999986
narrow,16,200,inf,18,hungarian,pp,20,5,1,1192,200,0,0,16.778523489932887,512.475,447.185,65.29,13058,13547,158,0,0,16,1,0,0,383,5301,303979,447.1709670000564,15.622132000062265,0.3751434286913225,0.6846686241610739,0.6380701615281553,1192,19072,0,0,0,0,19,6,13,143,104,0.07069933650177057,baselines,narrow-16-batch/hungarian,470.4882179999986
narrow,16,200,inf,19,hungarian,pp,20,5,1,1224,200,0,0,16.33986928104575,523.205,458.455,64.75,12950,13864,187,0,0,16,2,0,0,391,5416,285401,419.9653099999996,17.91018200002145,0.3431089133986925,0.6612540849673203,0.6248391637009142,1224,19584,0,0,0,0,17,6,14,65,72,0.06527210961934202,baselines,narrow-16-batch/hungarian,444.9026309999899
narrow,16,200,inf,20,hungarian,pp,20,5,1,1210,200,0,0,16.52892561983471,536.15,468.58,67.57,13514,14211,173,0,0,16,0,0,0,385,5350,295457,404.34390800012625,13.553446000121767,0.3341685190083688,0.6980371900826446,0.6143620613740788,1210,19360,0,0,0,0,38,10,23,152,81,0.057185785207711115,baselines,narrow-16-batch/hungarian,427.6164490000083
narrow,16,200,inf,21,hungarian,pp,20,5,1,1205,200,0,0,16.597510373443985,537.915,468.015,69.9,13980,14253,221,0,0,16,1,0,0,387,5334,351131,502.69429800022044,15.486524999927497,0.41717369128649,0.725103734439834,0.6397295439095727,1205,19280,0,0,0,0,27,7,19,56,135,0.04764201566018228,baselines,narrow-16-batch/hungarian,528.246232000005
narrow,16,200,inf,22,hungarian,pp,20,5,1,1183,200,0,0,16.9061707523246,532.03,465.28,66.75,13350,13976,229,0,0,16,4,0,0,370,5101,271136,393.0005110001075,12.799717000074452,0.33220668723593194,0.7053043110735419,0.5853039204684232,1183,18928,0,0,0,0,22,11,20,36,44,0.0654918579073637,baselines,narrow-16-batch/hungarian,417.3836190000002
narrow,16,200,inf,23,hungarian,pp,20,5,1,1344,200,0,0,14.880952380952381,545.12,476.775,68.345,13669,14442,194,0,0,16,3,0,0,418,5871,296986,438.98306999972556,14.447251000034157,0.32662430803551007,0.6356491815476191,0.5633921400786435,1344,21504,0,0,0,0,28,11,19,50,1,0.06445602032504985,baselines,narrow-16-batch/hungarian,465.7577319999982
narrow,16,200,inf,24,hungarian,pp,20,5,1,1344,200,0,0,14.880952380952381,533.545,465.795,67.75,13550,14286,285,0,0,16,9,0,0,426,5976,346738,496.86650999996345,17.864247999954387,0.3696923437499728,0.6301153273809523,0.5736246626110342,1344,21504,0,0,0,0,48,11,18,71,58,0.08435529488381047,baselines,narrow-16-batch/hungarian,525.0991789999971
narrow,16,200,inf,25,hungarian,pp,20,5,1,1235,200,0,0,16.194331983805668,534.435,466.71,67.725,13545,14051,204,0,0,16,2,0,0,395,5527,297686,407.7399499999592,18.147123999733594,0.3301538056679832,0.6854757085020243,0.5810373275846865,1235,19760,0,0,0,0,23,11,20,63,51,0.08313549488317376,baselines,narrow-16-batch/hungarian,433.40796599999885
narrow,16,200,inf,26,hungarian,pp,20,5,1,1160,200,0,0,17.24137931034483,509.7,441.435,68.265,13653,13839,257,0,0,16,3,0,0,382,5239,344726,491.02010899999004,14.697419999924023,0.4232931974137845,0.735614224137931,0.6981779459543435,1160,18560,0,0,0,0,41,13,22,97,93,0.05813515603039493,baselines,narrow-16-batch/hungarian,517.1720889999997
narrow,16,200,inf,27,hungarian,pp,20,5,1,1252,200,0,0,15.97444089456869,567.225,501.405,65.82,13164,14063,177,0,0,16,1,0,0,399,5538,287183,431.69642899985774,16.480497000011383,0.3448054544727298,0.6571485623003195,0.5385303846971872,1252,20032,0,0,0,0,18,6,14,80,70,0.05647652634978334,baselines,narrow-16-batch/hungarian,458.1547589999973
narrow,16,200,inf,28,hungarian,pp,20,5,1,1132,200,0,0,17.6678445229682,505.61,438.74,66.87,13374,13679,203,0,0,16,2,0,0,384,5276,310078,451.5929909999977,14.688463000144111,0.39893373763250684,0.7384054770318021,0.6928704702639159,1132,18112,0,0,0,0,21,6,14,65,1,0.07756121898498486,baselines,narrow-16-batch/hungarian,477.8520200000057
narrow,16,200,inf,29,hungarian,pp,20,5,1,1153,200,0,0,17.346053772766695,533.02,466.595,66.425,13285,13893,170,0,0,16,3,0,0,381,5206,303487,458.6606569998403,24.696135999896796,0.39779762098858656,0.7201322636600174,0.5985683044564698,1153,18448,0,0,0,0,22,12,21,45,125,0.06650601243954168,baselines,narrow-16-batch/hungarian,483.32464099999925
narrow,16,200,inf,30,hungarian,pp,20,5,1,1220,200,0,0,16.39344262295082,498.025,431.71,66.315,13263,13725,197,0,0,16,2,0,0,402,5536,299543,426.03216400014935,13.486843000006047,0.3492066918034011,0.6794569672131148,0.7103067453597712,1220,19520,0,0,0,0,42,11,20,55,77,0.058068748957291555,baselines,narrow-16-batch/hungarian,450.8903229999996
narrow,16,200,inf,1,pact,pp,20,5,1,1230,200,0,0,16.260162601626018,555.62,484.76,70.86,14172,14737,220,0,0,16,5,0,0,394,6443,357851,496.74376499990467,63.642517999891425,0.4038567195121176,0.7201219512195122,0.6046608060718193,1230,19680,0,0,0,0,21,14,19,44,36,0.05059415871165768,baselines,narrow-16-batch/pact,521.9702499999985
narrow,16,200,inf,2,pact,pp,20,5,1,1215,200,0,0,16.46090534979424,528.335,462.77,65.565,13113,13739,173,0,0,16,3,0,0,385,6349,322612,460.7135180000769,77.04450400009227,0.37918808065849946,0.674537037037037,0.6496266031580085,1215,19440,0,0,0,0,30,6,14,76,55,0.05660078683216155,baselines,narrow-16-batch/pact,484.61448299999756
narrow,16,200,inf,3,pact,pp,20,5,1,1195,200,0,0,16.736401673640167,530.44,463.995,66.445,13289,13943,208,0,0,16,4,0,0,380,6297,346710,536.0163570000877,80.89002499989874,0.44854925271973867,0.6950313807531381,0.6037349542647051,1195,19120,0,0,0,0,17,6,12,67,4,0.06239644084069895,baselines,narrow-16-batch/pact,564.4063049999968
narrow,16,200,inf,4,pact,pp,20,5,1,1258,200,0,0,15.89825119236884,527.245,459.295,67.95,13590,14068,221,0,0,16,3,0,0,402,6612,362654,507.9880159999011,68.9138030000322,0.40380605405397546,0.6751788553259142,0.6399428472949237,1258,20128,0,0,0,0,22,10,19,48,1,0.08929574423879433,baselines,narrow-16-batch/pact,534.8145099999965
narrow,16,200,inf,5,pact,pp,20,5,1,1349,200,0,0,14.825796886582653,560,489.32,70.68,14136,14802,235,0,0,16,0,0,0,421,6916,333940,472.80653400004667,66.58303100008925,0.35048668198669136,0.6549295774647887,0.5843479146697145,1349,21584,0,0,0,0,39,14,23,50,87,0.05445210626777375,baselines,narrow-16-batch/pact,499.91503300001204
narrow,16,200,inf,6,pact,pp,20,5,1,1276,200,0,0,15.67398119122257,548.11,480.865,67.245,13449,14302,247,0,0,16,1,0,0,400,6547,349396,478.2788099999161,69.37516500009224,0.37482665360494993,0.658748040752351,0.5866324562555572,1276,20416,0,0,0,0,28,10,20,51,1,0.059663200695814045,baselines,narrow-16-batch/pact,503.9694669999881
narrow,16,200,inf,7,pact,pp,20,5,1,1193,200,0,0,16.764459346186086,534.91,467.28,67.63,13526,14355,201,0,0,16,4,0,0,380,6246,355474,535.6913579999527,79.25592300006247,0.4490287996646712,0.7086127409891031,0.5882257509017388,1193,19088,0,0,0,0,16,16,25,77,67,0.07052263426613109,baselines,narrow-16-batch/pact,564.0101899999863
narrow,16,200,inf,8,pact,pp,20,5,1,1171,200,0,0,17.079419299743808,563.115,492.08,71.035,14207,14399,203,0,0,16,1,0,0,375,6094,345409,490.5948300001037,74.63126199982071,0.41895374039291516,0.7582728437233134,0.5969962900738951,1171,18736,0,0,0,0,20,6,14,55,32,0.062499500948191206,baselines,narrow-16-batch/pact,515.1320930000074
narrow,16,200,inf,9,pact,pp,20,5,1,1263,200,0,0,15.835312747426762,515.12,448.125,66.995,13399,14071,279,0,0,16,2,0,0,403,6589,391953,604.6956129999453,81.75009799974214,0.4787772074425537,0.66305423594616,0.6609753084832963,1263,20208,0,0,0,0,24,14,21,64,67,0.05823082708958549,baselines,narrow-16-batch/pact,636.3071669999918
narrow,16,200,inf,10,pact,pp,20,5,1,1164,200,0,0,17.18213058419244,537.795,467.745,70.05,14010,14316,178,0,0,16,3,0,0,380,6183,320457,488.72365899990837,72.43123799991736,0.4198656864260381,0.7522551546391752,0.6445999826095203,1164,18624,0,0,0,0,17,6,12,70,13,0.07646372613795119,baselines,narrow-16-batch/pact,514.8102020000078
narrow,16,200,inf,11,pact,pp,20,5,1,1202,200,0,0,16.638935108153078,512.165,446.035,66.13,13226,13911,221,0,0,16,3,0,0,394,6263,364865,529.1134179998771,67.3576180000382,0.44019419134765153,0.6877079866888519,0.6649653431739572,1202,19232,0,0,0,0,25,9,13,84,147,0.06201114871725458,baselines,narrow-16-batch/pact,555.3516979999986
narrow,16,200,inf,12,pact,pp,20,5,1,1109,200,0,0,18.034265103697024,503.545,438.48,65.065,13013,13311,198,0,0,16,2,0,0,366,5958,334702,480.515660000121,71.89756999987003,0.4332873399460063,0.7333746618575293,0.6890009480707137,1109,17744,0,0,0,0,20,10,19,45,1,0.07118579467311498,baselines,narrow-16-batch/pact,504.7792349999945
narrow,16,200,inf,13,pact,pp,20,5,1,1147,200,0,0,17.436791630340018,528.635,461.26,67.375,13475,13873,219,0,0,16,2,0,0,373,6054,359663,550.210447000296,77.26543099987612,0.47969524585902,0.7342523975588492,0.5935484507257374,1147,18352,0,0,0,0,18,14,21,56,18,0.054034256652557566,baselines,narrow-16-batch/pact,575.9842349999963
narrow,16,200,inf,14,pact,pp,20,5,1,1190,200,0,0,16.80672268907563,531.77,465.585,66.185,13237,13931,227,0,0,16,0,0,0,375,6133,341056,467.84945200028596,69.67758199993114,0.39315080000024033,0.6952205882352941,0.6029688667992161,1190,19040,0,0,0,0,40,9,18,50,22,0.06334597714431633,baselines,narrow-16-batch/pact,491.066479000001
narrow,16,200,inf,15,pact,pp,20,5,1,1250,200,0,0,16,561.835,493.16,68.675,13735,14371,175,0,0,16,2,0,0,403,6547,359000,501.0866610000812,73.4476260002848,0.400869328800065,0.68675,0.5626491536888326,1250,20000,0,0,0,0,20,6,13,56,193,0.05506761689819431,baselines,narrow-16-batch/pact,527.3397609999956
narrow,16,200,inf,16,pact,pp,20,5,1,1118,200,0,0,17.88908765652952,506.21,440.285,65.925,13185,13422,226,0,0,16,2,0,0,370,6077,350169,516.3292759997712,75.15106499980902,0.46183298389961647,0.7370863148479427,0.6615382017642281,1118,17888,0,0,0,0,26,8,17,52,9,0.062008130414970386,baselines,narrow-16-batch/pact,547.5181979999907
narrow,16,200,inf,17,pact,pp,20,5,1,1191,200,0,0,16.79261125104954,543.105,476.15,66.955,13391,13952,206,0,0,16,4,0,0,379,6310,363005,487.55778200013447,69.19934600024135,0.4093684147776108,0.7027183039462637,0.6079978026482773,1191,19056,0,0,0,0,38,13,19,57,5,0.07362545321658359,baselines,narrow-16-batch/pact,513.115598999997
narrow,16,200,inf,18,pact,pp,20,5,1,1175,200,0,0,17.02127659574468,501.05,436.37,64.68,12936,13570,239,0,0,16,6,0,0,373,6167,340291,489.88941100015654,75.67058500017447,0.4169271582980056,0.6880851063829787,0.6302451615281554,1175,18800,0,0,0,0,24,11,17,69,67,0.07886032684780717,baselines,narrow-16-batch/pact,513.7463850000058
narrow,16,200,inf,19,pact,pp,20,5,1,1265,200,0,0,15.810276679841897,537.725,472.485,65.24,13048,14152,233,0,0,16,2,0,0,411,6738,346186,505.7701330000273,80.7610430001223,0.3998182869565433,0.6446640316205534,0.6067891637009146,1265,20240,0,0,0,0,44,8,18,78,137,0.05364411415047943,baselines,narrow-16-batch/pact,533.3196720000124
narrow,16,200,inf,20,pact,pp,20,5,1,1176,200,0,0,17.006802721088434,549.13,479.17,69.96,13992,14293,180,0,0,16,4,0,0,388,6262,354838,541.7609119997069,80.41058599991084,0.46068104761879836,0.7436224489795918,0.6066620613740777,1176,18816,0,0,0,0,23,11,14,75,176,0.016648305694758794,baselines,narrow-16-batch/pact,567.8339730000007
narrow,16,200,inf,21,pact,pp,20,5,1,1180,200,0,0,16.949152542372882,531.545,462.92,68.625,13725,14200,181,0,0,16,2,0,0,378,6128,338727,489.9757110000355,72.82810199981031,0.4152336533898606,0.7269597457627118,0.6493295439095724,1180,18880,0,0,0,0,19,6,15,56,137,0.03229994773455048,baselines,narrow-16-batch/pact,515.1554869999964
narrow,16,200,inf,22,pact,pp,20,5,1,1164,200,0,0,17.18213058419244,536.81,469.335,67.475,13495,14044,193,0,0,16,6,0,0,378,6188,325621,467.85956899986195,64.1137229999731,0.4019412104809811,0.7246026632302406,0.5782289204684227,1164,18624,0,0,0,0,18,6,14,122,29,0.04959346542377119,baselines,narrow-16-batch/pact,492.2066140000097
narrow,16,200,inf,23,pact,pp,20,5,1,1321,200,0,0,15.14004542013626,537.53,470.18,67.35,13470,14341,181,0,0,16,2,0,0,414,6787,329787,486.986017000163,75.20046400021238,0.3686495208176858,0.6373012869038607,0.5863671400786431,1321,21136,0,0,0,0,29,11,16,45,3,0.06495594564285159,baselines,narrow-16-batch/pact,513.8091019999993
narrow,16,200,inf,24,pact,pp,20,5,1,1305,200,0,0,15.32567049808429,513.325,447.39,65.935,13187,13963,259,0,0,16,9,0,0,404,6687,361799,496.5905210003548,72.22483700014709,0.38052913486617224,0.6315613026819923,0.6060246626110337,1305,20880,0,0,0,0,39,11,17,90,67,0.062155294883810386,baselines,narrow-16-batch/pact,522.4496829999989
narrow,16,200,inf,25,pact,pp,20,5,1,1248,200,0,0,16.025641025641026,533.645,466.115,67.53,13506,14007,190,0,0,16,1,0,0,390,6427,329048,476.2110479999974,70.85323599993717,0.3815793653846133,0.6763822115384616,0.5864873275846867,1248,19968,0,0,0,0,24,6,13,62,87,0.06513549488317344,baselines,narrow-16-batch/pact,500.5263019999984
narrow,16,200,inf,26,pact,pp,20,5,1,1163,200,0,0,17.196904557179707,502.335,434.68,67.655,13531,13954,250,0,0,16,1,0,0,382,6221,365771,536.8684589998884,73.80791299998236,0.4616237824590614,0.7271603611349957,0.6963779459543434,1163,18608,0,0,0,0,44,13,22,152,41,0.05753930703103541,baselines,narrow-16-batch/pact,563.3259240000043
narrow,16,200,inf,27,pact,pp,20,5,1,1307,200,0,0,15.30221882172915,563.835,497.85,65.985,13197,14116,189,0,0,16,2,0,0,418,6818,320747,461.56834500022524,76.34891600017727,0.35315099081884105,0.6310730680948737,0.529430384697188,1307,20912,0,0,0,0,21,6,14,84,177,0.04370533857066208,baselines,narrow-16-batch/pact,487.5422150000086
narrow,16,200,inf,28,pact,pp,20,5,1,1125,200,0,0,17.77777777777778,501.675,435.11,66.565,13313,13545,210,0,0,16,4,0,0,369,6019,350526,497.4772340000054,74.47765800004709,0.4422019857777826,0.7396111111111111,0.692845470263916,1125,18000,0,0,0,0,40,11,20,67,2,0.060373550102303,baselines,narrow-16-batch/pact,521.5582069999946
narrow,16,200,inf,29,pact,pp,20,5,1,1145,200,0,0,17.467248908296945,540.92,474.765,66.155,13231,13731,180,0,0,16,1,0,0,375,6133,352014,518.602974999958,78.53466800000751,0.4529283624453781,0.7222161572052401,0.5832433044564701,1145,18320,0,0,0,0,20,12,21,66,106,0.06671149732601081,baselines,narrow-16-batch/pact,545.8002339999948
narrow,16,200,inf,30,pact,pp,20,5,1,1242,200,0,0,16.10305958132045,512.745,445.22,67.525,13505,13906,178,0,0,16,1,0,0,391,6323,348855,475.09464699997625,67.51063999983307,0.38252387037035124,0.6795994363929146,0.7121317453597714,1242,19872,0,0,0,0,43,11,22,113,118,0.05275011247173017,baselines,narrow-16-batch/pact,498.76149299999815
narrow,16,200,inf,1,hungarian,pp,20,5,1,2129,200,0,0,9.394081728511038,895.515,845.135,50.38,10076,15993,43,0,0,21,0,0,0,577,8411,103750,230.19168800012267,13.336375000100816,0.1081219765148533,0.2957961484264913,0.5343108060718358,2129,34064,0,0,0,0,56,2,3,23,5,0.09095175147950893,baselines,narrow-16-batch/hungarian-dock1,255.34034900000552
narrow,16,200,inf,2,hungarian,pp,20,5,1,1896,200,0,0,10.548523206751055,855.66,808.01,47.65,9530,14528,28,0,0,16,0,0,0,540,7901,97248,217.00381100026425,11.959012999781407,0.11445348681448536,0.31414820675105487,0.45025160315802226,1896,30336,0,0,0,0,50,2,2,37,35,0.10089872372020686,baselines,narrow-16-batch/hungarian-dock1,240.47691299999133
narrow,16,200,inf,3,hungarian,pp,20,5,1,2015,200,0,0,9.925558312655086,827.58,780.515,47.065,9413,14930,31,0,0,19,0,0,0,560,8162,91092,218.8885660001397,13.760405999739305,0.1086295612903919,0.2919665012406948,0.44530995426472003,2015,32240,0,0,0,0,48,2,2,35,5,0.07562813417148745,baselines,narrow-16-batch/hungarian-dock1,243.78454700000293
narrow,16,200,inf,4,hungarian,pp,20,5,1,1939,200,0,0,10.314595152140278,853.46,805.465,47.995,9599,14839,29,0,0,17,0,0,0,541,7965,92288,237.38096899993252,15.227035999894724,0.12242442960285328,0.3094056214543579,0.45251784729493644,1939,31024,0,0,0,0,36,1,2,42,5,0.08803395045716891,baselines,narrow-16-batch/hungarian-dock1,263.1978419999941
narrow,16,200,inf,5,hungarian,pp,20,5,1,2004,200,0,0,9.980039920159681,890.1,839.475,50.625,10125,15939,31,0,0,20,0,0,0,559,8158,95742,237.6010029999743,12.646296999882907,0.11856337475048617,0.3157747005988024,0.44199791466972627,2004,32064,0,0,0,0,24,1,2,35,22,0.0861064062865497,baselines,narrow-16-batch/hungarian-dock1,263.40344399999594
narrow,16,200,inf,6,hungarian,pp,20,5,1,2060,200,0,0,9.70873786407767,877.945,830.34,47.605,9521,15061,27,0,0,19,0,0,0,564,8212,87790,194.1083700000163,11.432368999812752,0.09422736407767782,0.28886529126213595,0.45818245625557147,2060,32960,0,0,0,0,40,2,3,22,4,0.08407330558989495,baselines,narrow-16-batch/hungarian-dock1,215.66057399999409
narrow,16,200,inf,7,hungarian,pp,20,5,1,2085,200,0,0,9.59232613908873,849.185,800.955,48.23,9646,15166,37,0,0,19,0,0,0,550,8018,102417,187.83464500005357,10.552413000157685,0.0900885587530233,0.2891486810551559,0.48335075090175506,2085,33360,0,0,0,0,48,3,4,27,5,0.0927163162598427,baselines,narrow-16-batch/hungarian-dock1,208.77256200001284
narrow,16,200,inf,8,hungarian,pp,20,5,1,1838,200,0,0,10.88139281828074,876.26,826.35,49.91,9982,15592,25,0,0,16,0,0,0,515,7531,103318,207.4709550000116,11.096350999941933,0.11287864798694865,0.3394314472252448,0.3568212900739076,1838,29408,0,0,0,0,27,2,2,55,5,0.0869475849216835,baselines,narrow-16-batch/hungarian-dock1,230.37141500000143
narrow,16,200,inf,9,hungarian,pp,20,5,1,1976,200,0,0,10.121457489878543,835.305,788.585,46.72,9344,14449,29,0,0,17,1,0,0,542,7917,91566,204.0979870002193,11.75175800010038,0.10328845495962515,0.29554655870445345,0.5059753084833111,1976,31616,0,0,0,0,48,2,2,26,75,0.10200539813712636,baselines,narrow-16-batch/hungarian-dock1,230.4477279999992
narrow,16,200,inf,10,hungarian,pp,20,5,1,1948,200,0,0,10.26694045174538,851.465,802.735,48.73,9746,15368,39,0,0,18,0,0,0,552,8047,100260,233.62644800011185,12.960062000129255,0.11993144147849684,0.31269250513347024,0.49044998260953543,1948,31168,0,0,0,0,44,2,2,25,5,0.12297309717275362,baselines,narrow-16-batch/hungarian-dock1,259.17614499999036
narrow,16,200,inf,11,hungarian,pp,20,5,1,2012,200,0,0,9.940357852882704,841.565,794.93,46.635,9327,14905,28,0,0,17,0,0,0,554,8113,87409,204.07706699987466,11.76691800027038,0.1014299537772737,0.2897303677932406,0.4704903431739734,2012,32192,0,0,0,0,41,3,3,23,5,0.07802123496030539,baselines,narrow-16-batch/hungarian-dock1,228.47131100000115
narrow,16,200,inf,12,hungarian,pp,20,5,1,1804,200,0,0,11.086474501108647,848.63,800.61,48.02,9604,14553,39,0,0,16,0,0,0,520,7585,105014,221.10259199990833,14.20476699982828,0.12256241241680063,0.33273281596452325,0.43297594807072654,1804,28864,0,0,0,0,27,6,7,38,5,0.08627545677386647,baselines,narrow-16-batch/hungarian-dock1,243.9062910000066
narrow,16,200,inf,13,hungarian,pp,20,5,1,2022,200,0,0,9.891196834817013,840.435,792.9,47.535,9507,14868,26,0,0,20,0,0,0,563,8149,97829,189.97506800002884,12.58336899986898,0.0939540395648016,0.2938612759643917,0.49002345072575276,2022,32352,0,0,0,0,50,2,2,28,5,0.08248342598938127,baselines,narrow-16-batch/hungarian-dock1,211.07519099999627
narrow,16,200,inf,14,hungarian,pp,20,5,1,1887,200,0,0,10.598834128245892,845.27,797.02,48.25,9650,15029,27,0,0,18,1,0,0,533,7782,98584,198.73876200009545,11.139310999933514,0.10531995866459748,0.3196210916799152,0.430443866799229,1887,30192,0,0,0,0,48,2,2,37,14,0.08470483011398883,baselines,narrow-16-batch/hungarian-dock1,220.86054700000386
narrow,16,200,inf,15,hungarian,pp,20,5,1,1960,200,0,0,10.204081632653061,865.39,816.34,49.05,9810,15046,22,0,0,17,0,0,0,549,7987,90430,229.06764900006237,12.519670999929076,0.11687124948982774,0.3128188775510204,0.40542415368884727,1960,31360,0,0,0,0,33,2,2,30,5,0.08757520242482764,baselines,narrow-16-batch/hungarian-dock1,254.67135100001178
narrow,16,200,inf,16,hungarian,pp,20,5,1,1760,200,0,0,11.363636363636363,811.385,764.79,46.595,9319,14330,40,0,0,17,0,0,0,508,7333,92821,221.96599300016533,12.616868000040995,0.12611704147736666,0.33093039772727273,0.51308820176424,1760,28160,0,0,0,0,26,2,3,28,5,0.0815641597334367,baselines,narrow-16-batch/hungarian-dock1,244.24494199999026
narrow,16,200,inf,17,hungarian,pp,20,5,1,1893,200,0,0,10.565240359218173,845.655,798.4,47.255,9451,14597,27,0,0,17,0,0,0,535,7807,89196,223.7174159999995,12.6109069998638,0.1181814136291598,0.3120377707342842,0.4311228026482905,1893,30288,0,0,0,0,44,2,2,24,5,0.09007477175370793,baselines,narrow-16-batch/hungarian-dock1,248.48713500000304
narrow,16,200,inf,18,hungarian,pp,20,5,1,1915,200,0,0,10.443864229765014,799.55,752.69,46.86,9372,14602,34,0,0,18,1,0,0,534,7794,93389,188.8897440001747,11.134301000100095,0.09863694203664475,0.3058746736292428,0.4618451615281693,1915,30640,0,0,0,0,54,5,5,30,11,0.09166701978333544,baselines,narrow-16-batch/hungarian-dock1,211.20546599999943
narrow,16,200,inf,19,hungarian,pp,20,5,1,2209,200,0,0,9.053870529651427,863.665,815.36,48.305,9661,15160,43,0,0,20,0,0,0,595,8661,97685,224.03344500011008,11.759543999898597,0.101418490267139,0.27334200995925756,0.5388641637009329,2209,35344,0,0,0,0,50,4,4,26,5,0.09550716176891175,baselines,narrow-16-batch/hungarian-dock1,249.4746160000068
narrow,16,200,inf,20,hungarian,pp,20,5,1,1901,200,0,0,10.520778537611783,856.705,807.345,49.36,9872,15236,28,0,0,17,0,0,0,531,7721,100064,225.53437199992186,11.551836000086041,0.11863985902152649,0.3245660178853235,0.4463620613740918,1901,30416,0,0,0,0,30,2,2,31,60,0.07488522299137451,baselines,narrow-16-batch/hungarian-dock1,248.97418400000606
narrow,16,200,inf,21,hungarian,pp,20,5,1,1886,200,0,0,10.604453870625663,856.13,806.62,49.51,9902,15321,32,0,0,17,0,0,0,531,7731,103968,217.66040900012013,12.022518999874592,0.11540848833516444,0.32814156945917283,0.42672954390958645,1886,30176,0,0,0,0,38,2,2,32,79,0.05919307585061512,baselines,narrow-16-batch/hungarian-dock1,242.64591700000165
narrow,16,200,inf,22,hungarian,pp,20,5,1,1997,200,0,0,10.015022533800702,846.1,797.775,48.325,9665,15378,30,0,0,20,0,0,0,560,8060,102180,230.06563899973116,12.672263000204111,0.11520562794177824,0.3024849774661993,0.516528920468438,1997,31952,0,0,0,0,50,2,2,43,27,0.09729185790737024,baselines,narrow-16-batch/hungarian-dock1,256.5128030000051
narrow,16,200,inf,23,hungarian,pp,20,5,1,2283,200,0,0,8.760402978537012,867.65,818.815,48.835,9767,15159,30,0,0,21,0,0,0,614,9006,100209,220.58933700002672,12.880969999969238,0.09662257424442694,0.2673839246605344,0.4934671400786604,2283,36528,0,0,0,0,52,2,3,52,28,0.10715594564285827,baselines,narrow-16-batch/hungarian-dock1,243.60785699999542
narrow,16,200,inf,24,hungarian,pp,20,5,1,2304,200,0,0,8.680555555555555,823.035,775.705,47.33,9466,14428,44,0,0,19,1,0,0,617,9035,96060,225.59000900023966,13.94356800019159,0.0979123302952429,0.2567816840277778,0.4872996626110533,2304,36864,0,0,0,0,58,6,6,47,4,0.09966855905838845,baselines,narrow-16-batch/hungarian-dock1,252.47735800000373
narrow,16,200,inf,25,hungarian,pp,20,5,1,2219,200,0,0,9.013068949977468,857.015,807.82,49.195,9839,15033,25,0,0,20,0,0,0,592,8694,103985,231.999354000116,11.668703000075766,0.10455130869766381,0.27712370437133843,0.4657873275847036,2219,35504,0,0,0,0,58,3,3,35,5,0.08324942799676935,baselines,narrow-16-batch/hungarian-dock1,258.5171319999936
narrow,16,200,inf,26,hungarian,pp,20,5,1,1711,200,0,0,11.689070718877849,808.885,761.08,47.805,9561,14681,31,0,0,16,0,0,0,500,7232,98546,208.66711900007795,11.224564999865834,0.12195623553482055,0.34924751607247223,0.529302945954354,1711,27376,0,0,0,0,34,2,2,32,101,0.044669820093933776,baselines,narrow-16-batch/hungarian-dock1,232.17746000000625
narrow,16,200,inf,27,hungarian,pp,20,5,1,2060,200,0,0,9.70873786407767,870.455,822.07,48.385,9677,15072,33,0,0,20,0,0,0,561,8123,105530,236.8880090000166,12.374703999958001,0.11499417912622166,0.2935983009708738,0.4899553846972029,2060,32960,0,0,0,0,46,2,2,30,45,0.10778924372773963,baselines,narrow-16-batch/hungarian-dock1,261.6219859999983
narrow,16,200,inf,28,hungarian,pp,20,5,1,1705,200,0,0,11.730205278592376,808.42,761.275,47.145,9429,14503,37,0,0,16,0,0,0,492,7141,101382,226.06322300047032,11.80715400025656,0.13258840058678611,0.34563782991202346,0.5065204702639267,1705,27280,0,0,0,0,40,4,4,39,5,0.09182244053502575,baselines,narrow-16-batch/hungarian-dock1,250.49726700001338
narrow,16,200,inf,29,hungarian,pp,20,5,1,2000,200,0,0,10,848.26,800.15,48.11,9622,15061,32,0,0,20,0,0,0,545,7913,96414,207.28336600032344,11.898677999823121,0.10364168300016172,0.3006875,0.47704330445648563,2000,32000,0,0,0,0,28,2,2,43,5,0.08642240771857018,baselines,narrow-16-batch/hungarian-dock1,230.87147299999197
narrow,16,200,inf,30,hungarian,pp,20,5,1,1985,200,0,0,10.075566750629722,828.78,782.185,46.595,9319,14434,30,0,0,17,0,0,0,555,8187,94064,211.78744800033746,11.818159000133164,0.10669392846364607,0.29341939546599494,0.4903317453597861,1985,31760,0,0,0,0,50,2,3,37,5,0.10053414051030579,baselines,narrow-16-batch/hungarian-dock1,234.4446040000039
narrow,16,200,inf,1,pact,pp,20,5,1,2129,200,0,0,9.394081728511038,891.74,841.405,50.335,10067,16236,39,0,0,21,0,0,0,583,10405,146644,318.93375600005675,102.99074899997504,0.14980448849227654,0.29553193987787696,0.5377608060718352,2129,34064,0,0,0,0,56,4,5,32,5,0.10389847604931204,baselines,narrow-16-batch/pact-dock1,348.1970710000023
narrow,16,200,inf,2,pact,pp,20,5,1,1890,200,0,0,10.582010582010582,845.42,798.29,47.13,9426,14700,24,0,0,17,0,0,0,521,9545,136986,307.39470800007985,103.12152800009062,0.1626427026455449,0.3117063492063492,0.4818516031580212,1890,30240,0,0,0,0,50,1,2,39,5,0.09891283362936712,baselines,narrow-16-batch/pact-dock1,338.5849199999939
narrow,16,200,inf,3,pact,pp,20,5,1,2010,200,0,0,9.950248756218905,840.68,792.775,47.905,9581,14900,26,0,0,16,1,0,0,561,10138,146386,311.9979750000639,104.03608299991174,0.15522287313436015,0.29791666666666666,0.4029599542647202,2010,32160,0,0,0,0,48,2,2,31,119,0.07259644084071049,baselines,narrow-16-batch/pact-dock1,337.97535499998776
narrow,16,200,inf,4,pact,pp,20,5,1,1903,200,0,0,10.509721492380452,845.175,797.175,48,9600,14977,33,0,0,17,0,0,0,533,9713,141969,305.1491950000491,105.20455299995956,0.16035165265373047,0.3152916447714136,0.5002678472949355,1903,30448,0,0,0,0,36,2,2,22,5,0.08363395045716965,baselines,narrow-16-batch/pact-dock1,332.63216900000407
narrow,16,200,inf,5,pact,pp,20,5,1,2007,200,0,0,9.965122072745391,896.14,845.265,50.875,10175,15835,30,0,0,17,0,0,0,564,10190,141311,317.19016900024144,99.44449400006852,0.15804193771810734,0.3168597409068261,0.41702291466972663,2007,32112,0,0,0,0,42,2,2,33,74,0.05590640628654986,baselines,narrow-16-batch/pact-dock1,341.7298850000079
narrow,16,200,inf,6,pact,pp,20,5,1,2098,200,0,0,9.532888465204957,880.21,832.335,47.875,9575,15196,25,0,0,18,0,0,0,566,10306,136586,311.2622219999903,110.69132700006594,0.1483614022878886,0.28524189704480457,0.42888245625557214,2098,33568,0,0,0,0,27,2,2,32,5,0.07727330558989326,baselines,narrow-16-batch/pact-dock1,338.07390800000576
narrow,16,200,inf,7,pact,pp,20,5,1,2065,200,0,0,9.685230024213075,846.855,798.68,48.175,9635,15206,24,0,0,19,0,0,0,567,10204,150322,311.901816999889,108.101077999876,0.15104204213069683,0.29161622276029053,0.4947757509017559,2065,33040,0,0,0,0,48,2,2,33,5,0.06371104494780896,baselines,narrow-16-batch/pact-dock1,338.57471699999587
narrow,16,200,inf,8,pact,pp,20,5,1,1748,200,0,0,11.441647597254004,864.725,815.66,49.065,9813,15475,22,0,0,18,0,0,0,499,9131,138336,270.0896689998481,93.03257699991809,0.15451354061776207,0.3508652745995423,0.4316962900739054,1748,27968,0,0,0,0,33,1,1,37,12,0.09074758492168333,baselines,narrow-16-batch/pact-dock1,292.5622069999954
narrow,16,200,inf,9,pact,pp,20,5,1,2015,200,0,0,9.925558312655086,839.565,792.71,46.855,9371,14589,27,0,0,18,0,0,0,553,10140,133782,303.3036189997947,99.0022699998226,0.1505228878410892,0.2906637717121588,0.4882503084833106,2015,32240,0,0,0,0,44,1,2,50,5,0.09254526011982123,baselines,narrow-16-batch/pact-dock1,330.45117699999537
narrow,16,200,inf,10,pact,pp,20,5,1,1937,200,0,0,10.325245224574084,842.665,794.07,48.595,9719,15545,44,0,0,19,0,0,0,550,9893,147767,326.91030099982163,109.19790299993474,0.16877145121312423,0.313597057305111,0.5136999826095336,1937,30992,0,0,0,0,52,2,2,23,5,0.08845915388521283,baselines,narrow-16-batch/pact-dock1,353.2118879999907
narrow,16,200,inf,11,pact,pp,20,5,1,2008,200,0,0,9.9601593625498,843.625,796.685,46.94,9388,15018,31,0,0,18,0,0,0,556,10138,140718,327.1125089999696,108.37785000007716,0.16290463595616014,0.29220617529880477,0.5225153431739726,2008,32128,0,0,0,0,34,2,2,47,23,0.08517320411727106,baselines,narrow-16-batch/pact-dock1,354.0554819999961
narrow,16,200,inf,12,pact,pp,20,5,1,1784,200,0,0,11.210762331838565,839.19,791.955,47.235,9447,14751,27,0,0,17,0,0,0,505,9264,154240,299.39612100030354,112.10121300004539,0.1678229377804392,0.33096272421524664,0.46087594807072585,1784,28544,0,0,0,0,46,2,2,22,4,0.09661992927884047,baselines,narrow-16-batch/pact-dock1,322.51464799999667
narrow,16,200,inf,13,pact,pp,20,5,1,2020,200,0,0,9.900990099009901,831.805,784.77,47.035,9407,15002,20,0,0,20,0,0,0,548,9876,131217,298.5849070001277,99.49052299981122,0.14781431039610282,0.2910581683168317,0.5197984507257527,2020,32320,0,0,0,0,50,2,2,34,4,0.07778343185782904,baselines,narrow-16-batch/pact-dock1,324.8857970000099
narrow,16,200,inf,14,pact,pp,20,5,1,1897,200,0,0,10.542962572482868,835.89,788.35,47.54,9508,14939,25,0,0,19,0,0,0,532,9655,135264,310.03231800018693,100.40275099979772,0.16343295624680387,0.3132577754348972,0.43099386679922935,1897,30352,0,0,0,0,48,2,2,19,3,0.09234898664970145,baselines,narrow-16-batch/pact-dock1,335.3563220000069
narrow,16,200,inf,15,pact,pp,20,5,1,1974,200,0,0,10.131712259371835,860.905,812,48.905,9781,15239,35,0,0,17,1,0,0,552,10064,138140,317.0720690001326,104.60129300002882,0.16062414842965178,0.30968211752786223,0.3815991536888465,1974,31584,0,0,0,0,48,5,7,33,4,0.08436577405166035,baselines,narrow-16-batch/pact-dock1,342.3689679999952
narrow,16,200,inf,16,pact,pp,20,5,1,1816,200,0,0,11.013215859030836,819.8,772.23,47.57,9514,14528,24,0,0,17,0,0,0,512,9332,141235,293.5621760000213,99.77857199996652,0.1616531806167518,0.32743667400881055,0.4968632017642411,1816,29056,0,0,0,0,26,2,2,31,40,0.08456094457545563,baselines,narrow-16-batch/pact-dock1,317.4623830000055
narrow,16,200,inf,17,pact,pp,20,5,1,1909,200,0,0,10.476689366160294,846.005,798.72,47.285,9457,14735,33,0,0,17,0,0,0,548,9966,144358,316.20158300008916,100.35873699992953,0.16563728810900427,0.3096189104243059,0.43272280264829005,1909,30544,0,0,0,0,44,2,2,24,18,0.11387778827325246,baselines,narrow-16-batch/pact-dock1,341.55913399999554
narrow,16,200,inf,18,pact,pp,20,5,1,1868,200,0,0,10.70663811563169,792.605,746.08,46.525,9305,14481,32,0,0,18,0,0,0,525,9581,142764,334.7673349999677,117.10611800001061,0.17921163543895488,0.3113289614561028,0.4763201615281687,1868,29888,0,0,0,0,54,2,3,38,59,0.10403680852298797,baselines,narrow-16-batch/pact-dock1,361.41166800000065
narrow,16,200,inf,19,pact,pp,20,5,1,2217,200,0,0,9.021199819576003,867.77,819.515,48.255,9651,15234,31,0,0,20,0,0,0,601,10745,137135,315.12650400005805,101.72784000009415,0.14214095805144703,0.27207374830852504,0.5319391637009332,2217,35472,0,0,0,0,50,2,3,31,6,0.09987210961934467,baselines,narrow-16-batch/pact-dock1,341.8073979999899
narrow,16,200,inf,20,pact,pp,20,5,1,1881,200,0,0,10.63264221158958,841.42,792.65,48.77,9754,15265,37,0,0,17,0,0,0,531,9660,142450,297.8018350000784,102.14568300012616,0.15832101807553345,0.3240962254120149,0.4008120613740913,1881,30096,0,0,0,0,30,2,2,50,45,0.08901722660735328,baselines,narrow-16-batch/pact-dock1,322.05229999999574
narrow,16,200,inf,21,pact,pp,20,5,1,1913,200,0,0,10.454783063251437,858.185,809.225,48.96,9792,15308,28,0,0,17,1,0,0,534,9732,141311,293.9181590002263,96.44701100009843,0.15364252953488045,0.319916361735494,0.4713795439095859,1913,30608,0,0,0,0,38,2,4,37,147,0.05367410926596622,baselines,narrow-16-batch/pact-dock1,317.2827629999956
narrow,16,200,inf,22,pact,pp,20,5,1,2061,200,0,0,9.70402717127608,860.09,811.335,48.755,9751,15552,46,0,0,21,0,0,0,570,10152,147940,318.6322939998354,102.33773500012467,0.15460082193102154,0.2956999029597283,0.5298039204684393,2061,32976,0,0,0,0,50,2,2,43,56,0.06950393728856455,baselines,narrow-16-batch/pact-dock1,344.41410700000415
narrow,16,200,inf,23,pact,pp,20,5,1,2245,200,0,0,8.908685968819599,867.805,818.855,48.95,9790,15430,30,0,0,21,0,0,0,598,10671,151896,310.8868709998351,101.03740200000175,0.13847967527832297,0.2725501113585746,0.5469921400786588,2245,35920,0,0,0,0,52,2,2,81,5,0.08311697777696125,baselines,narrow-16-batch/pact-dock1,337.4250000000029
narrow,16,200,inf,24,pact,pp,20,5,1,2248,200,0,0,8.896797153024911,806.645,759.955,46.69,9338,14512,32,0,0,19,0,0,0,604,10807,145447,302.748736999798,103.40651299973251,0.1346747050710845,0.2596196619217082,0.4959246626110511,2248,35968,0,0,0,0,58,2,2,25,5,0.0918635571626994,baselines,narrow-16-batch/pact-dock1,327.98657999999705
narrow,16,200,inf,25,pact,pp,20,5,1,2208,200,0,0,9.057971014492754,850.92,802.235,48.685,9737,15230,26,0,0,19,0,0,0,603,10685,148681,331.02384600006917,103.29140300009749,0.149920220108727,0.2756170742753623,0.44741232758470356,2208,35328,0,0,0,0,58,1,2,46,5,0.08419208731391509,baselines,narrow-16-batch/pact-dock1,358.8410290000029
narrow,16,200,inf,26,pact,pp,20,5,1,1715,200,0,0,11.661807580174926,812.82,765.16,47.66,9532,14615,20,0,0,16,0,0,0,496,9109,135840,298.93140900018625,94.78813799985801,0.17430402857153718,0.3473760932944606,0.5171779459543547,1715,27440,0,0,0,0,27,2,2,33,39,0.10586982009393242,baselines,narrow-16-batch/pact-dock1,323.3999560000084
narrow,16,200,inf,27,pact,pp,20,5,1,1951,200,0,0,10.251153254741158,846.23,798.54,47.69,9538,15032,29,0,0,20,0,0,0,541,9739,133559,278.98917700017046,92.0734709998651,0.14299804049214274,0.3055484366991287,0.5147303846971997,1951,31216,0,0,0,0,38,2,2,26,5,0.07190533857066572,baselines,narrow-16-batch/pact-dock1,305.90169300000707
narrow,16,200,inf,28,pact,pp,20,5,1,1692,200,0,0,11.82033096926714,808.33,761.595,46.735,9347,14362,31,0,0,16,1,0,0,495,9033,138946,270.1732329999213,91.71514000002935,0.15967685165479983,0.34526447990543735,0.5330704702639265,1692,27072,0,0,0,0,40,5,5,41,3,0.07998743798826796,baselines,narrow-16-batch/pact-dock1,292.12528900000325
narrow,16,200,inf,29,pact,pp,20,5,1,2028,200,0,0,9.861932938856016,846.7,798.72,47.98,9596,15235,29,0,0,20,0,0,0,552,9902,140468,272.77385700029845,86.71765399993456,0.1345038742605022,0.2957347140039448,0.5023933044564862,2028,32448,0,0,0,0,36,2,2,33,25,0.09377776392661374,baselines,narrow-16-batch/pact-dock1,297.86386300000595
narrow,16,200,inf,30,pact,pp,20,5,1,1977,200,0,0,10.116337885685383,831.64,784.505,47.135,9427,14628,38,0,0,16,0,0,0,551,10166,148169,262.6112290001183,87.68214000025182,0.13283319625701484,0.2980209914011128,0.4799567453597853,1977,31632,0,0,0,0,48,2,2,38,52,0.09566874895729674,baselines,narrow-16-batch/pact-dock1,284.0240510000003
