layout,fleetSize,numTasks,arrivalRate,seed,alloc,mapf,window,period,wBattery,makespan,tasksCompleted,tasksUnfinished,deadlocked,throughput,meanServiceTime,meanWaitTime,meanExecTime,sumOfCosts,moveActions,waitActions,conflicts,depletionEvents,chargeSessions,holdEvents,cbsFallbacks,cbsBudgetExceeded,taskSwaps,tpSearchLimitHits,tpSwapVetoes,epochs,astarCalls,expansions,plannerMs,allocMs,plannerMsPerTick,utilization,finalMeanSoc,audit_ticks,audit_robotTicks,audit_vertexConflicts,audit_swapConflicts,audit_illegalMoves,audit_depletions,audit_maxNoProgress,audit_maxWaitStreak,audit_maxTripWaits,audit_maxTripDelay,audit_maxWorkTripDelay,audit_maxSlotWait,audit_minSoc,sweep,variant,wallMs
warehouse,32,200,inf,1,hungarian,pp,20,5,1,705,200,0,0,28.368794326241133,297.995,231.065,66.93,13386,15300,245,0,0,13,2,0,0,0,0,0,272,8129,473514,927.1753550000018,62.89601099999862,1.315142347517733,0.5933510638297872,0.4482985793333474,705,22560,0,0,0,0,38,8,13,56,56,92,0.12100701557509735,cascade,warehouse-32/cascade,1027.122109
warehouse,32,200,inf,2,hungarian,pp,20,5,1,630,200,0,0,31.746031746031747,294.28,225.21,69.07,13814,14840,188,0,0,9,0,0,0,0,0,0,258,7882,487522,904.6038239999993,47.379675000000816,1.4358790857142847,0.685218253968254,0.37725123962931906,630,20160,0,0,0,0,16,4,10,115,115,49,0.08681586185023266,cascade,warehouse-32/cascade,996.7163489999998
warehouse,32,200,inf,3,hungarian,pp,20,5,1,729,200,0,0,27.434842249657063,286.895,219.315,67.58,13516,15319,199,0,0,11,0,0,0,0,0,0,295,8840,483651,963.8221939999991,55.8694509999994,1.322115492455417,0.5793895747599451,0.4531404469496138,729,23328,0,0,0,0,33,8,18,49,49,28,0.09909013895895419,cascade,warehouse-32/cascade,1063.380209
warehouse,32,200,inf,4,hungarian,pp,20,5,1,617,200,0,0,32.414910858995135,265.445,202.665,62.78,12556,13985,270,0,0,8,6,0,0,0,0,0,249,7693,506790,947.1711230000028,54.7620110000002,1.5351233760129706,0.6359400324149108,0.40156401172505285,617,19744,0,0,0,0,40,12,18,59,59,5,0.08412050995677817,cascade,warehouse-32/cascade,1040.285686
warehouse,32,200,inf,5,hungarian,pp,20,5,1,610,200,0,0,32.78688524590164,271.73,207.02,64.71,12942,14179,265,0,0,8,1,0,0,0,0,0,262,7962,523489,1004.1489189999987,60.936809000000494,1.646145768852457,0.6630122950819672,0.4032282585848264,610,19520,0,0,0,0,20,11,18,79,79,72,0.09283096311502242,cascade,warehouse-32/cascade,1107.6740329999998
warehouse,32,200,inf,6,hungarian,pp,20,5,1,608,200,0,0,32.89473684210526,275.57,212.84,62.73,12546,14189,277,0,0,8,5,0,0,0,0,0,251,7556,518389,979.2837750000012,63.09334900000022,1.610664103618423,0.6448396381578947,0.4750913216077165,608,19456,0,0,0,0,19,10,18,58,58,4,0.10897024616766726,cascade,warehouse-32/cascade,1073.6291059999999
warehouse,32,200,inf,7,hungarian,pp,20,5,1,644,200,0,0,31.055900621118013,277.515,216.655,60.86,12172,13876,258,0,0,10,0,0,0,0,0,0,262,7930,492241,888.5638529999976,51.69395200000139,1.379757535714282,0.5906444099378882,0.425403348126737,644,20608,0,0,0,0,17,9,18,70,70,48,0.0846756065504628,cascade,warehouse-32/cascade,983.6926779999999
warehouse,32,200,inf,8,hungarian,pp,20,5,1,589,200,0,0,33.95585738539898,285.54,216.525,69.015,13803,14795,319,0,0,8,9,0,0,0,0,0,246,7524,562908,993.5403599999994,54.70051999999913,1.686825738539897,0.7323323429541596,0.34534136901761103,589,18848,0,0,0,0,13,14,19,64,64,98,0.09103571040909797,cascade,warehouse-32/cascade,1101.12796
warehouse,32,200,inf,9,hungarian,pp,20,5,1,623,200,0,0,32.102728731942214,286.83,221.535,65.295,13059,14617,282,0,0,9,3,0,0,0,0,0,249,7573,510087,940.414630999999,58.788615999999195,1.5094937897271252,0.6550461476725522,0.42604476263178753,623,19936,0,0,0,0,26,14,19,84,84,63,0.1022474517922852,cascade,warehouse-32/cascade,1035.457042
warehouse,32,200,inf,10,hungarian,pp,20,5,1,640,200,0,0,31.25,294.43,226.24,68.19,13638,14965,255,0,0,10,4,0,0,0,0,0,265,7859,525414,1058.2638369999997,65.48445699999945,1.6535372453124997,0.66591796875,0.4313688720202384,640,20480,0,0,0,0,23,11,16,76,76,138,0.10678669048435988,cascade,warehouse-32/cascade,1164.64678
warehouse,32,200,inf,11,hungarian,pp,20,5,1,606,200,0,0,33.00330033003301,278.82,213.255,65.565,13113,14528,295,0,0,6,7,0,0,0,0,0,252,7796,565326,938.9064450000021,53.48045100000172,1.5493505693069343,0.6762066831683168,0.3351420616613318,606,19392,0,0,0,0,15,13,23,54,54,16,0.09041308069564502,cascade,warehouse-32/cascade,1007.150801
warehouse,32,200,inf,12,hungarian,pp,20,5,1,695,200,0,0,28.776978417266186,292.275,224.74,67.535,13507,15438,292,0,0,13,2,0,0,0,0,0,282,8316,529856,851.175170999996,30.898585000002186,1.224712476258987,0.6073291366906475,0.45078041365381477,695,22240,0,0,0,0,24,12,22,42,42,185,0.07164390403330329,cascade,warehouse-32/cascade,913.9902060000002
warehouse,32,200,inf,13,hungarian,pp,20,5,1,618,200,0,0,32.362459546925564,272.375,209.25,63.125,12625,14092,291,0,0,12,7,0,0,0,0,0,256,7535,521280,841.8974379999993,45.666449000001194,1.3622935889967627,0.6384000809061489,0.4202691697957716,618,19776,0,0,0,0,22,14,20,86,86,135,0.04378543405756474,cascade,warehouse-32/cascade,898.2794840000001
warehouse,32,200,inf,14,hungarian,pp,20,5,1,695,200,0,0,28.776978417266186,283.775,218.24,65.535,13107,14941,293,0,0,14,3,0,0,0,0,0,269,7858,511222,859.3978610000056,40.91549199999986,1.2365436848920943,0.5893435251798561,0.4734273146021384,695,22240,0,0,0,0,27,11,17,62,62,198,0.0957489866497008,cascade,warehouse-32/cascade,924.1974300000002
warehouse,32,200,inf,15,hungarian,pp,20,5,1,656,200,0,0,30.48780487804878,289.705,222.07,67.635,13527,15304,264,0,0,11,4,0,0,0,0,0,258,7632,511964,872.065415000005,37.955997999999454,1.3293680106707393,0.6443883384146342,0.39163466851792966,656,20992,0,0,0,0,33,14,20,38,38,142,0.08032001284286466,cascade,warehouse-32/cascade,933.1951680000002
warehouse,32,200,inf,16,hungarian,pp,20,5,1,640,200,0,0,31.25,271.86,209.095,62.765,12553,13892,301,0,0,8,6,0,0,0,0,0,266,8077,571077,987.120629999999,51.75294400000439,1.5423759843749985,0.612939453125,0.43975496898624433,640,20480,0,0,0,0,17,13,22,62,62,28,0.0948431706428538,cascade,warehouse-32/cascade,1043.602775
warehouse,32,200,inf,17,hungarian,pp,20,5,1,620,200,0,0,32.25806451612903,276.115,210.595,65.52,13104,14614,281,0,0,9,4,0,0,0,0,0,256,7762,529227,906.5075439999998,42.71537599999965,1.4621089419354836,0.660483870967742,0.38936673246979125,620,19840,0,0,0,0,33,11,24,39,39,83,0.09317981490884056,cascade,warehouse-32/cascade,963.8402249999999
warehouse,32,200,inf,18,hungarian,pp,20,5,1,656,200,0,0,30.48780487804878,274.195,209.445,64.75,12950,14803,225,0,0,10,3,0,0,0,0,0,251,7602,459767,757.9456850000017,34.3124109999992,1.1554050076219538,0.6169016768292683,0.39589934749688543,656,20992,0,0,0,0,26,10,17,79,79,126,0.056088182970881695,cascade,warehouse-32/cascade,805.2950489999998
warehouse,32,200,inf,19,hungarian,pp,20,5,1,712,200,0,0,28.089887640449437,289.285,224.71,64.575,12915,14714,280,0,0,11,4,0,0,0,0,0,281,8557,543731,892.1603999999982,40.69567799999959,1.2530342696629189,0.566845154494382,0.4011262967280612,712,22784,0,0,0,0,27,8,18,47,47,56,0.06395443150270791,cascade,warehouse-32/cascade,945.0307109999999
warehouse,32,200,inf,20,hungarian,pp,20,5,1,785,200,0,0,25.477707006369428,302.795,232.78,70.015,14003,15927,289,0,0,16,2,0,0,0,0,0,287,8331,522807,877.8794009999988,48.87800099999913,1.1183177082802531,0.5574442675159236,0.47287441687026005,785,25120,0,0,0,0,35,12,18,72,72,220,0.05900540672671084,cascade,warehouse-32/cascade,942.844574
warehouse,32,200,inf,21,hungarian,pp,20,5,1,660,200,0,0,30.303030303030305,277.355,213.625,63.73,12746,14444,302,0,0,11,4,0,0,0,0,0,264,7973,529916,859.3142230000062,24.002779000000373,1.3019912469697064,0.6035037878787879,0.42232368322059904,660,21120,0,0,0,0,31,14,24,61,61,83,0.1054741092659548,cascade,warehouse-32/cascade,910.7695960000001
warehouse,32,200,inf,22,hungarian,pp,20,5,1,738,200,0,0,27.100271002710027,274.72,212.44,62.28,12456,14394,286,0,0,16,3,0,0,0,0,0,280,8149,522891,776.4033799999975,34.14751699999806,1.0520371002709992,0.5274390243902439,0.5218338711217084,738,23616,0,0,0,0,32,10,17,72,72,150,0.07735195644516737,cascade,warehouse-32/cascade,827.710219
warehouse,32,200,inf,23,hungarian,pp,20,5,1,658,200,0,0,30.3951367781155,288.205,223.57,64.635,12927,14556,240,0,0,12,2,0,0,0,0,0,276,8208,531247,787.1489989999991,23.33791899999278,1.1962750744680837,0.6139342705167173,0.47014007831670174,658,21056,0,0,0,0,17,8,18,44,44,140,0.09512326235231022,cascade,warehouse-32/cascade,831.163869
warehouse,32,200,inf,24,hungarian,pp,20,5,1,750,200,0,0,26.666666666666668,294.355,228.775,65.58,13116,15154,282,0,0,14,5,0,0,0,0,0,290,8629,519425,776.0731560000036,36.47044099999994,1.0347642080000048,0.5465,0.5129524730494053,750,24000,0,0,0,0,35,7,13,62,62,138,0.08036175646260516,cascade,warehouse-32/cascade,830.2532179999998
warehouse,32,200,inf,25,hungarian,pp,20,5,1,744,200,0,0,26.881720430107528,282.615,218,64.615,12923,14968,262,0,0,16,3,0,0,0,0,0,284,8279,533153,813.3800470000087,24.01367399999708,1.0932527513440977,0.5428007392473119,0.5148476796525621,744,23808,0,0,0,0,32,12,19,57,57,200,0.0806966307811447,cascade,warehouse-32/cascade,857.051132
warehouse,32,200,inf,26,hungarian,pp,20,5,1,625,200,0,0,32,283.64,216.77,66.87,13374,14718,240,0,0,7,1,0,0,0,0,0,257,7836,498629,731.656939,25.04386500000146,1.1706511024,0.6687,0.4141449193362288,625,20000,0,0,0,0,32,12,18,75,75,5,0.08649647872485347,cascade,warehouse-32/cascade,778.4430339999999
warehouse,32,200,inf,27,hungarian,pp,20,5,1,580,200,0,0,34.48275862068966,267.405,206.355,61.05,12210,13976,263,0,0,9,1,0,0,0,0,0,251,7599,507580,783.9789889999993,24.54019599999674,1.3516879120689642,0.6578663793103449,0.3752403805395897,580,18560,0,0,0,0,18,11,19,52,52,82,0.0933501027401551,cascade,warehouse-32/cascade,829.6736509999996
warehouse,32,200,inf,28,hungarian,pp,20,5,1,549,200,0,0,36.42987249544627,273.675,207.68,65.995,13199,13692,265,0,0,5,3,0,0,0,0,0,228,7123,530906,773.9942539999956,24.706201999999394,1.4098255992713946,0.7513091985428051,0.3508558878372851,549,17568,0,0,0,0,12,12,16,65,65,5,0.06902244053501655,cascade,warehouse-32/cascade,816.5224720000001
warehouse,32,200,inf,29,hungarian,pp,20,5,1,683,200,0,0,29.282576866764277,294.735,227.41,67.325,13465,15229,337,0,0,14,10,0,0,0,0,0,272,7975,596059,876.186921,26.883587999996962,1.282850543191801,0.6160779648609077,0.4347907797240445,683,21856,0,0,0,0,30,10,17,50,50,200,0.0736708040190868,cascade,warehouse-32/cascade,924.4086849999999
warehouse,32,200,inf,30,hungarian,pp,20,5,1,655,200,0,0,30.53435114503817,288.865,221.765,67.1,13420,14623,296,0,0,5,1,0,0,0,0,0,274,8463,537839,830.6110990000047,33.72052800000074,1.2681085480916103,0.6402671755725191,0.3875955362320267,655,20960,0,0,0,0,14,16,24,146,146,5,0.0735501124717303,cascade,warehouse-32/cascade,877.9465210000003
warehouse,32,200,inf,1,hungarian,pp,20,5,1,675,200,0,0,29.62962962962963,297.275,230.285,66.99,13398,15445,283,6,0,11,5,0,0,0,0,0,256,7734,457091,778.9742269999983,26.231355999996595,1.1540358918518494,0.6202777777777778,0.37543607933334655,675,21600,6,0,0,0,27,10,16,50,50,85,0.0675517514795077,cascade,warehouse-32/none,831.2977390000001
warehouse,32,200,inf,2,hungarian,pp,20,5,1,630,200,0,0,31.746031746031747,294.28,225.21,69.07,13814,14840,188,0,0,9,0,0,0,0,0,0,258,7882,487522,714.2784520000009,17.449349999998958,1.1337753206349221,0.685218253968254,0.37725123962931906,630,20160,0,0,0,0,16,4,10,115,115,49,0.08681586185023266,cascade,warehouse-32/none,752.738038
warehouse,32,200,inf,3,hungarian,pp,20,5,1,729,200,0,0,27.434842249657063,286.895,219.315,67.58,13516,15319,199,0,0,11,0,0,0,0,0,0,295,8840,483651,738.8173060000072,22.68195600000081,1.0134668120713404,0.5793895747599451,0.4531404469496138,729,23328,0,0,0,0,33,8,18,49,49,28,0.09909013895895419,cascade,warehouse-32/none,785.5518870000001
warehouse,32,200,inf,4,hungarian,pp,20,5,1,640,200,0,0,31.25,269.34,205.83,63.51,12702,14065,302,4,0,8,4,0,0,0,0,0,266,8157,514559,814.648039999996,17.462590999998156,1.2728875624999936,0.62021484375,0.4118640117250533,640,20480,4,0,0,0,40,14,23,59,59,5,0.08912050995677848,cascade,warehouse-32/none,874.6096729999999
warehouse,32,200,inf,5,hungarian,pp,20,5,1,619,200,0,0,32.31017770597738,274.15,209.125,65.025,13005,14154,262,7,0,8,7,0,0,0,0,0,258,7889,523532,755.9525460000036,24.34917499999665,1.221248054927308,0.6565529079159935,0.3952282585848266,619,19808,7,0,0,0,27,16,25,40,40,4,0.07636860062014375,cascade,warehouse-32/none,803.369138
warehouse,32,200,inf,6,hungarian,pp,20,5,1,582,200,0,0,34.36426116838488,278.115,214.14,63.975,12795,14098,301,4,0,7,4,0,0,0,0,0,250,7566,542943,839.9860270000027,27.5795559999965,1.4432749604811042,0.6870167525773195,0.43349132160771614,582,18624,4,0,0,0,11,13,23,61,61,3,0.09017177329957637,cascade,warehouse-32/none,900.924912
warehouse,32,200,inf,7,hungarian,pp,20,5,1,644,200,0,0,31.055900621118013,277.515,216.655,60.86,12172,13876,258,0,0,10,0,0,0,0,0,0,262,7930,492241,762.8077649999982,23.410055999995166,1.1844841071428542,0.5906444099378882,0.425403348126737,644,20608,0,0,0,0,17,9,18,70,70,48,0.0846756065504628,cascade,warehouse-32/none,811.1932200000001
warehouse,32,200,inf,8,hungarian,pp,20,5,1,597,200,0,0,33.50083752093802,284.115,216.38,67.735,13547,14901,271,13,0,9,8,0,0,0,0,0,251,7621,541031,869.6063220000019,20.927632999995694,1.4566270050251289,0.7091185092127303,0.3620538690176109,597,19104,13,0,0,0,26,9,17,61,61,103,0.09223571040909764,cascade,warehouse-32/none,937.7360040000003
warehouse,32,200,inf,9,hungarian,pp,20,5,1,615,200,0,0,32.520325203252035,282.28,217.845,64.435,12887,14317,279,6,0,9,6,0,0,0,0,0,255,7762,516201,814.6393210000051,22.779904999998053,1.3246167821138295,0.6548272357723577,0.42490726263178785,615,19680,6,0,0,0,32,14,19,56,56,20,0.10206819070521822,cascade,warehouse-32/none,874.7105449999999
warehouse,32,200,inf,10,hungarian,pp,20,5,1,620,200,0,0,32.25806451612903,291.835,224.11,67.725,13545,14838,232,1,0,8,2,0,0,0,0,0,257,7709,500045,813.3481780000043,36.19781099999727,1.3118519000000068,0.6827116935483871,0.41433137202023834,620,19840,1,0,0,0,13,11,16,76,76,131,0.0626450104514149,cascade,warehouse-32/none,878.527474
warehouse,32,200,inf,11,hungarian,pp,20,5,1,618,200,0,0,32.362459546925564,274.2,209.61,64.59,12918,14549,235,6,0,8,10,0,0,0,0,0,258,7895,527476,769.6653119999951,17.634973000003356,1.2454131262135844,0.6532160194174758,0.3827545616613318,618,19776,6,0,0,0,41,9,12,87,87,4,0.12591676845885913,cascade,warehouse-32/none,823.4858689999996
warehouse,32,200,inf,12,hungarian,pp,20,5,1,700,200,0,0,28.571428571428573,290.215,222.89,67.325,13465,15379,251,13,0,15,9,0,0,0,0,0,281,8268,486746,763.2025149999959,26.854024000000663,1.0902893071428512,0.6011160714285714,0.4624679136538149,700,22400,13,0,0,0,24,10,17,50,50,188,0.07242974121551962,cascade,warehouse-32/none,837.4081610000003
warehouse,32,200,inf,13,hungarian,pp,20,5,1,593,200,0,0,33.72681281618887,267.57,205.01,62.56,12512,13825,299,11,0,10,12,0,0,0,0,0,246,7278,515801,787.4221829999892,17.992176999999174,1.3278620286677727,0.6593591905564924,0.4061066697957713,593,18976,11,0,0,0,22,11,20,50,50,171,0.08578686280883904,cascade,warehouse-32/none,843.7403730000005
warehouse,32,200,inf,14,hungarian,pp,20,5,1,725,200,0,0,27.586206896551722,280.375,216.035,64.34,12868,14897,301,6,0,16,4,0,0,0,0,0,271,7968,509527,810.6629749999911,19.215696000000207,1.1181558275861947,0.5546551724137931,0.5065523146021387,725,23200,6,0,0,0,28,12,19,39,39,128,0.06298959939666138,cascade,warehouse-32/none,859.7632139999996
warehouse,32,200,inf,15,hungarian,pp,20,5,1,665,200,0,0,30.075187969924812,290.03,221.98,68.05,13610,15237,257,5,0,13,6,0,0,0,0,0,270,7984,529584,863.6396100000129,30.54867400000012,1.2987061804511473,0.6395676691729323,0.40987216851793007,665,21280,5,0,0,0,23,8,15,80,80,155,0.04557520242482447,cascade,warehouse-32/none,923.557969
warehouse,32,200,inf,16,hungarian,pp,20,5,1,665,200,0,0,30.075187969924812,269.495,206.38,63.115,12623,14052,320,5,0,9,6,0,0,0,0,0,260,7854,530841,767.0724680000062,18.32255600000144,1.153492433082716,0.5931860902255639,0.4448924689862445,665,21280,5,0,0,0,19,12,17,66,66,3,0.08664012589510578,cascade,warehouse-32/none,816.516979
warehouse,32,200,inf,17,hungarian,pp,20,5,1,609,200,0,0,32.84072249589491,276.88,211.345,65.535,13107,14719,251,3,0,9,3,0,0,0,0,0,260,7852,511797,835.9865499999914,25.737283999999818,1.3727201149425148,0.6725677339901478,0.38666673246979116,609,19488,3,0,0,0,27,9,16,44,44,94,0.07211452170722188,cascade,warehouse-32/none,887.62898
warehouse,32,200,inf,18,hungarian,pp,20,5,1,632,200,0,0,31.645569620253166,276.24,211.33,64.91,12982,14721,272,6,0,8,8,0,0,0,0,0,254,7662,495483,820.0234720000108,21.09770399998706,1.2975054936709032,0.6419106012658228,0.40112434749688475,632,20224,6,0,0,0,11,12,18,47,47,111,0.08887264181897209,cascade,warehouse-32/none,880.8418009999996
warehouse,32,200,inf,19,hungarian,pp,20,5,1,716,200,0,0,27.932960893854748,285.97,221.535,64.435,12887,14616,230,7,0,11,9,0,0,0,0,0,280,8477,492258,772.5123960000064,19.753747000000658,1.0789279273743106,0.5624563547486033,0.4443762967280619,716,22912,7,0,0,0,31,8,19,134,134,26,0.0999544315027085,cascade,warehouse-32/none,828.2759960000003
warehouse,32,200,inf,20,hungarian,pp,20,5,1,750,200,0,0,26.666666666666668,298.355,230.165,68.19,13638,15821,228,1,0,15,1,0,0,0,0,0,292,8585,495215,748.8631489999871,20.22109800000453,0.9984841986666494,0.56825,0.4535994168702601,750,24000,1,0,0,0,31,8,17,72,72,197,0.05760540672671091,cascade,warehouse-32/none,809.5114299999996
warehouse,32,200,inf,21,hungarian,pp,20,5,1,620,200,0,0,32.25806451612903,274.63,212.025,62.605,12521,14119,243,4,0,8,5,0,0,0,0,0,255,7795,505532,804.9584099999984,30.342500999999174,1.2983200161290296,0.6310987903225806,0.40351118322059876,620,19840,4,0,0,0,32,14,18,61,61,66,0.09571200072597763,cascade,warehouse-32/none,853.5636140000006
warehouse,32,200,inf,22,hungarian,pp,20,5,1,751,200,0,0,26.63115845539281,277.905,214.825,63.08,12616,14483,316,7,0,14,7,0,0,0,0,0,287,8492,560513,811.882936999994,19.588778000000275,1.081069157123827,0.5249667110519307,0.48922137112170844,751,24032,7,0,0,0,45,10,20,136,136,185,0.06704066099543371,cascade,warehouse-32/none,856.0740290000003
warehouse,32,200,inf,23,hungarian,pp,20,5,1,690,200,0,0,28.985507246376812,281.665,218.405,63.26,12652,14576,277,4,0,13,6,0,0,0,0,0,283,8384,516292,778.7221129999998,21.286942000001545,1.1285827724637678,0.5730072463768116,0.5004525783167022,690,22080,4,0,0,0,43,7,16,43,43,134,0.08186797383483563,cascade,warehouse-32/none,828.3228829999998
warehouse,32,200,inf,24,hungarian,pp,20,5,1,760,200,0,0,26.31578947368421,294.38,228.325,66.055,13211,15255,258,7,0,15,6,0,0,0,0,0,294,8662,510574,786.4069249999957,21.475724999991144,1.0347459539473627,0.5432154605263158,0.5316649730494055,760,24320,7,0,0,0,20,13,16,62,62,115,0.09376175646260515,cascade,warehouse-32/none,832.2584960000004
warehouse,32,200,inf,25,hungarian,pp,20,5,1,740,200,0,0,27.027027027027028,282.12,217.78,64.34,12868,15022,257,5,0,16,6,0,0,0,0,0,273,7963,507147,740.4048850000117,20.79321500000242,1.0005471418919079,0.5434121621621621,0.5110476796525623,740,23680,5,0,0,0,37,11,16,57,57,221,0.08628686999697166,cascade,warehouse-32/none,788.4048409999996
warehouse,32,200,inf,26,hungarian,pp,20,5,1,625,200,0,0,32,283.64,216.77,66.87,13374,14718,240,1,0,7,1,0,0,0,0,0,257,7835,498095,740.2618410000005,19.458515999994233,1.1844189456000007,0.6687,0.4141449193362288,625,20000,1,0,0,0,32,12,18,75,75,5,0.08649647872485347,cascade,warehouse-32/none,779.4093849999999
warehouse,32,200,inf,27,hungarian,pp,20,5,1,580,200,0,0,34.48275862068966,267.405,206.355,61.05,12210,13976,263,1,0,9,2,0,0,0,0,0,251,7596,506219,761.8247769999944,20.38423100000273,1.3134909948275766,0.6578663793103449,0.3752403805395897,580,18560,1,0,0,0,18,11,19,52,52,82,0.0933501027401551,cascade,warehouse-32/none,807.0936529999999
warehouse,32,200,inf,28,hungarian,pp,20,5,1,546,200,0,0,36.63003663003663,267.845,203.445,64.4,12880,13648,262,3,0,7,5,0,0,0,0,0,240,7419,494872,724.7477969999954,17.400446999999076,1.3273769175824093,0.7371794871794872,0.36766838783728484,546,17472,3,0,0,0,12,7,17,84,84,2,0.11558121938482033,cascade,warehouse-32/none,768.8051459999997
warehouse,32,200,inf,29,hungarian,pp,20,5,1,666,200,0,0,30.03003003003003,293.46,226.275,67.185,13437,14994,300,16,0,13,16,0,0,0,0,0,260,7634,538531,847.8631290000085,19.693810000001577,1.273067761261274,0.6304898648648649,0.42212827972404426,666,21312,16,0,0,0,13,9,17,61,61,159,0.05244308643527389,cascade,warehouse-32/none,895.21515
warehouse,32,200,inf,30,hungarian,pp,20,5,1,655,200,0,0,30.53435114503817,288.87,221.765,67.105,13421,14621,302,4,0,5,3,0,0,0,0,0,275,8486,537317,788.4416140000048,21.146901999994043,1.2037276549618394,0.6403148854961832,0.3873205362320267,655,20960,4,0,0,0,14,16,24,146,146,5,0.0735501124717303,cascade,warehouse-32/none,838.8870790000001
warehouse,32,200,inf,1,hungarian,pp,20,5,1,695,200,0,0,28.776978417266186,299.195,231.735,67.46,13492,15423,309,15,0,11,12,0,0,0,0,0,262,7963,483818,741.9363839999978,19.208772000002682,1.0675343654676228,0.6066546762589928,0.41602357933334677,695,22240,15,0,0,0,26,11,18,50,50,90,0.11313489332758012,cascade,warehouse-32/restart,782.3436240000001
warehouse,32,200,inf,2,hungarian,pp,20,5,1,630,200,0,0,31.746031746031747,294.28,225.21,69.07,13814,14840,188,0,0,9,0,0,0,0,0,0,258,7882,487522,767.1640639999941,18.767983000005188,1.2177207365079272,0.685218253968254,0.37725123962931906,630,20160,0,0,0,0,16,4,10,115,115,49,0.08681586185023266,cascade,warehouse-32/restart,809.4390819999999
warehouse,32,200,inf,3,hungarian,pp,20,5,1,729,200,0,0,27.434842249657063,286.895,219.315,67.58,13516,15319,199,0,0,11,0,0,0,0,0,0,295,8840,483651,777.5413929999977,18.472475999996277,1.0665862729766773,0.5793895747599451,0.4531404469496138,729,23328,0,0,0,0,33,8,18,49,49,28,0.09909013895895419,cascade,warehouse-32/restart,827.9945699999998
warehouse,32,200,inf,4,hungarian,pp,20,5,1,626,200,0,0,31.94888178913738,270.85,206.575,64.275,12855,13981,342,6,0,8,5,0,0,0,0,0,265,8165,591235,831.7897400000038,17.976601000005758,1.3287376038338718,0.6417232428115016,0.42570151172505316,626,20032,6,0,0,0,40,12,19,71,71,5,0.09312050995677812,cascade,warehouse-32/restart,879.0659050000004
warehouse,32,200,inf,5,hungarian,pp,20,5,1,619,200,0,0,32.31017770597738,272.01,207.59,64.42,12884,14305,253,1,0,9,2,0,0,0,0,0,256,7837,503880,730.5543689999968,16.940437999996902,1.1802170743134035,0.6504442649434572,0.39437825858482645,619,19808,1,0,0,0,29,11,18,58,58,111,0.06071071024630387,cascade,warehouse-32/restart,775.0160400000004
warehouse,32,200,inf,6,hungarian,pp,20,5,1,599,200,0,0,33.3889816360601,273.61,210.785,62.825,12565,13986,300,22,0,8,18,0,0,0,0,0,254,7917,524273,808.3225940000075,23.03076300000157,1.3494534123539357,0.6555196160267112,0.4434538216077165,599,19168,22,0,0,0,18,9,18,46,46,4,0.07254386634249277,cascade,warehouse-32/restart,857.3615030000001
warehouse,32,200,inf,7,hungarian,pp,20,5,1,644,200,0,0,31.055900621118013,277.515,216.655,60.86,12172,13876,258,0,0,10,0,0,0,0,0,0,262,7930,492241,743.7481800000105,20.690589999998338,1.154888478260886,0.5906444099378882,0.425403348126737,644,20608,0,0,0,0,17,9,18,70,70,48,0.0846756065504628,cascade,warehouse-32/restart,791.1402359999993
warehouse,32,200,inf,8,hungarian,pp,20,5,1,580,200,0,0,34.48275862068966,286.1,218.04,68.06,13612,14766,227,18,0,8,10,0,0,0,0,0,246,7559,515206,790.2826159999959,18.835364000008667,1.3625562344827515,0.7334051724137931,0.3621663690176109,580,18560,18,0,0,0,12,8,15,60,60,98,0.06871557321734839,cascade,warehouse-32/restart,835.9216669999996
warehouse,32,200,inf,9,hungarian,pp,20,5,1,620,200,0,0,32.25806451612903,285.975,220.415,65.56,13112,14423,293,1,0,8,2,0,0,0,0,0,251,7662,539432,783.6699690000132,20.019204000001082,1.2639838209677632,0.6608870967741935,0.41166976263178773,620,19840,1,0,0,0,14,14,19,88,88,75,0.07916445904895786,cascade,warehouse-32/restart,829.0911429999996
warehouse,32,200,inf,10,hungarian,pp,20,5,1,640,200,0,0,31.25,291.725,224.35,67.375,13475,14923,215,1,0,10,2,0,0,0,0,0,264,7934,500379,754.8400739999943,18.88806699998895,1.179437615624991,0.657958984375,0.4215313720202383,640,20480,1,0,0,0,21,11,16,76,76,131,0.07484501045141462,cascade,warehouse-32/restart,797.316315
warehouse,32,200,inf,11,hungarian,pp,20,5,1,622,200,0,0,32.154340836012864,278.36,212.615,65.745,13149,14625,261,10,0,7,11,0,0,0,0,0,269,8402,576285,846.6304519999894,26.482853000013165,1.3611422057877642,0.6606209807073955,0.36299206166133174,622,19904,10,0,0,0,21,13,22,56,56,33,0.10080543086677882,cascade,warehouse-32/restart,885.764185
warehouse,32,200,inf,12,hungarian,pp,20,5,1,725,200,0,0,27.586206896551722,291.13,224.06,67.07,13414,15337,285,13,0,15,7,0,0,0,0,0,272,8102,488555,724.6393340000068,18.551568999995652,0.9995025296551818,0.5781896551724138,0.4926429136538154,725,23200,13,0,0,0,32,13,19,60,60,144,0.0808060780007391,cascade,warehouse-32/restart,775.4930969999996
warehouse,32,200,inf,13,hungarian,pp,20,5,1,608,200,0,0,32.89473684210526,275.92,211.755,64.165,12833,14102,314,5,0,13,9,0,0,0,0,0,246,7385,529003,814.4721050000053,19.814058999995723,1.339592277960535,0.6595908717105263,0.4264066697957714,608,19456,5,0,0,0,22,10,19,45,45,145,0.08797019072510417,cascade,warehouse-32/restart,862.7146069999999
warehouse,32,200,inf,14,hungarian,pp,20,5,1,730,200,0,0,27.397260273972602,279.115,215.21,63.905,12781,14844,229,5,0,15,3,0,0,0,0,0,278,8168,477484,749.7882730000192,19.34959900001013,1.0271072232876977,0.5471318493150685,0.5232898146021387,730,23360,5,0,0,0,28,14,23,81,81,138,0.09774898664970064,cascade,warehouse-32/restart,802.923162
warehouse,32,200,inf,15,hungarian,pp,20,5,1,625,200,0,0,32,288.325,221.195,67.13,13426,14980,244,1,0,10,2,0,0,0,0,0,248,7426,490971,732.2355349999907,19.201131000001624,1.171576855999985,0.6713,0.3838346685179294,625,20000,1,0,0,0,18,15,19,42,42,96,0.07412001284286429,cascade,warehouse-32/restart,772.5068420000007
warehouse,32,200,inf,16,hungarian,pp,20,5,1,635,200,0,0,31.496062992125985,264.75,202.16,62.59,12518,13937,252,7,0,8,8,0,0,0,0,0,263,8029,538134,792.0873440000032,21.174081000001934,1.2473816440944931,0.6160433070866141,0.4436924689862441,635,20320,7,0,0,0,15,8,14,86,86,5,0.1091313961926863,cascade,warehouse-32/restart,838.9844300000004
warehouse,32,200,inf,17,hungarian,pp,20,5,1,614,200,0,0,32.57328990228013,276.115,210.69,65.425,13085,14626,269,5,0,9,4,0,0,0,0,0,256,7683,523970,827.747316,27.78283799999008,1.3481226644951139,0.6659710912052117,0.4148042324697911,614,19648,5,0,0,0,23,6,14,61,61,135,0.09113615734651792,cascade,warehouse-32/restart,874.4945429999998
warehouse,32,200,inf,18,hungarian,pp,20,5,1,620,200,0,0,32.25806451612903,270.8,206.49,64.31,12862,14680,286,1,0,9,2,0,0,0,0,0,244,7438,472305,721.1800009999961,17.90484100001231,1.1631935499999937,0.6482862903225807,0.40081184749688475,620,19840,1,0,0,0,18,11,17,41,41,116,0.09963607149757497,cascade,warehouse-32/restart,764.2482360000004
warehouse,32,200,inf,19,hungarian,pp,20,5,1,728,200,0,0,27.47252747252747,291.77,226.495,65.275,13055,14892,282,8,0,14,9,0,0,0,0,0,283,8621,561085,848.5638600000084,19.994335000003957,1.1656096978022092,0.5603966346153846,0.45571379672806206,728,23296,8,0,0,0,21,7,16,81,81,25,0.08524411415047989,cascade,warehouse-32/restart,896.5480099999995
warehouse,32,200,inf,20,hungarian,pp,20,5,1,780,200,0,0,25.641025641025642,301.725,232.31,69.415,13883,15883,255,0,0,16,0,0,0,0,0,0,287,8413,524803,803.5383709999978,18.166870999998537,1.030177398717946,0.556209935897436,0.4726994168702604,780,24960,0,0,0,0,23,8,17,72,72,252,0.06361955414954595,cascade,warehouse-32/restart,859.8283229999997
warehouse,32,200,inf,21,hungarian,pp,20,5,1,663,200,0,0,30.165912518853695,278.605,214.79,63.815,12763,14246,257,2,0,10,3,0,0,0,0,0,261,7978,520091,733.4345790000052,19.005216999997174,1.1062361674208223,0.6015742835595776,0.42001118322059927,663,21216,2,0,0,0,28,15,24,61,61,88,0.09415679320469636,cascade,warehouse-32/restart,776.1729860000005
warehouse,32,200,inf,22,hungarian,pp,20,5,1,775,200,0,0,25.806451612903224,279.285,216.25,63.035,12607,14513,311,1,0,17,2,0,0,0,0,0,282,8242,528773,765.2583640000094,18.32457000001341,0.9874301470967862,0.5083467741935483,0.5408713711217091,775,24800,1,0,0,0,34,10,18,136,136,139,0.027491857907362527,cascade,warehouse-32/restart,804.614106
warehouse,32,200,inf,23,hungarian,pp,20,5,1,678,200,0,0,29.49852507374631,289.275,223.92,65.355,13071,14787,283,8,0,12,7,0,0,0,0,0,275,8227,551182,816.7497950000025,22.182153999996444,1.2046457153392367,0.6024612831858407,0.481165078316702,678,21696,8,0,0,0,37,9,15,65,65,103,0.059123262352310024,cascade,warehouse-32/restart,866.8639739999999
warehouse,32,200,inf,24,hungarian,pp,20,5,1,761,200,0,0,26.281208935611037,299.02,232.79,66.23,13246,15187,280,6,0,13,6,0,0,0,0,0,295,8838,525279,769.1153900000081,20.263205999999627,1.010664113009209,0.5439388961892248,0.5133399730494053,761,24352,6,0,0,0,28,14,19,62,62,103,0.09192445259802048,cascade,warehouse-32/restart,818.63094
warehouse,32,200,inf,25,hungarian,pp,20,5,1,765,200,0,0,26.143790849673202,284.79,219.585,65.205,13041,15024,286,2,0,16,4,0,0,0,0,0,297,8780,541449,910.7554129999926,33.69835700000749,1.1905299516339773,0.5327205882352941,0.5237101796525623,765,24480,2,0,0,0,38,13,22,133,133,134,0.030296630781144418,cascade,warehouse-32/restart,970.143810999999
warehouse,32,200,inf,26,hungarian,pp,20,5,1,625,200,0,0,32,283.64,216.77,66.87,13374,14718,240,1,0,7,1,0,0,0,0,0,257,7840,498356,817.205221999996,25.471962000007807,1.3075283551999934,0.6687,0.4141449193362288,625,20000,1,0,0,0,32,12,18,75,75,5,0.08649647872485347,cascade,warehouse-32/restart,887.7846850000005
warehouse,32,200,inf,27,hungarian,pp,20,5,1,580,200,0,0,34.48275862068966,270.025,207.695,62.33,12466,14012,280,0,0,10,0,0,0,0,0,0,244,7243,515344,787.887691000009,24.22529000000759,1.3584270534482914,0.6716594827586206,0.40196538053958975,580,18560,0,0,0,0,16,11,18,52,52,90,0.09592197975143912,cascade,warehouse-32/restart,835.521080999999
warehouse,32,200,inf,28,hungarian,pp,20,5,1,537,200,0,0,37.243947858473,269.16,204.69,64.47,12894,13598,272,11,0,6,8,0,0,0,0,0,225,7096,500197,755.0490990000044,29.754057999994075,1.406050463687159,0.7503491620111732,0.3621058878372847,537,17184,11,0,0,0,8,9,17,55,55,7,0.08380058740973531,cascade,warehouse-32/restart,797.5482009999996
warehouse,32,200,inf,29,hungarian,pp,20,5,1,640,200,0,0,31.25,289.365,223.265,66.1,13220,14588,254,2,0,10,4,0,0,0,0,0,247,7515,516081,772.9212949999983,21.54072399999677,1.2076895234374974,0.6455078125,0.3867782797240442,640,20480,2,0,0,0,29,9,17,53,53,133,0.06386439996212775,cascade,warehouse-32/restart,820.6083700000008
warehouse,32,200,inf,30,hungarian,pp,20,5,1,648,200,0,0,30.864197530864196,288.355,221.415,66.94,13388,14643,268,0,0,5,0,0,0,0,0,0,274,8514,536882,815.0897160000195,22.84547899999052,1.25785450000003,0.6456404320987654,0.37452053623202664,648,20736,0,0,0,0,17,16,24,146,146,5,0.0735501124717303,cascade,warehouse-32/restart,872.433739000001
warehouse,32,200,inf,1,hungarian,pp,20,5,1,1118,14,186,1,1.2522361359570662,52.357142857142854,1.0714285714285714,51.285714285714285,718,9767,24964,0,5,0,2425,0,0,0,0,0,237,9911,2036773,2352.015182000003,4.919462000006206,2.1037702880143136,0.7086594364937389,0.26641447106560406,1118,35776,0,0,0,5,1001,1082,1082,1094,1094,0,0.000007015575102537342,cascade,warehouse-32/static,2404.675298000001
warehouse,32,200,inf,2,hungarian,pp,20,5,1,1114,17,183,1,1.5260323159784561,56.88235294117647,3.3529411764705883,53.529411764705884,910,9898,24685,0,5,0,1942,0,0,0,0,0,240,9546,2034293,2377.3220499999916,4.803319999995438,2.1340413375224343,0.7114284111310593,0.27589983022682313,1114,35648,0,0,0,5,1001,1063,1063,1071,1071,0,0.00009154442791247403,cascade,warehouse-32/static,2432.5248220000003
warehouse,32,200,inf,3,hungarian,pp,20,5,1,1102,18,182,1,1.633393829401089,54.44444444444444,5.055555555555555,49.388888888888886,889,7300,27076,0,3,0,2179,0,0,0,0,0,235,9805,2081322,2370.9017730000014,4.6634449999883145,2.1514535145190576,0.716084392014519,0.3429394169282393,1102,35264,0,0,0,3,1001,1054,1054,1075,1075,0,0.000002975501868330156,cascade,warehouse-32/static,2416.6762040000003
warehouse,32,200,inf,4,hungarian,pp,20,5,1,1687,30,170,1,1.7783046828689981,122.46666666666667,66.3,56.166666666666664,1685,11870,37837,0,8,1,3103,0,0,0,0,0,368,14570,3104511,3666.88714000002,6.615679000014097,2.173614190871381,0.6860736514522822,0.18369540899487777,1687,53984,0,0,0,8,1001,1635,1629,1639,1639,4,0.00002507877555592156,cascade,warehouse-32/static,3746.3048639999997
warehouse,32,200,inf,5,hungarian,pp,20,5,1,1151,20,180,1,1.737619461337967,60.5,11.45,49.05,981,10490,25349,0,5,0,1957,0,0,0,0,0,249,9823,2064706,2527.7143999999953,5.605558999997811,2.1961028670721072,0.7127497827975673,0.2540852536223036,1151,36832,0,0,0,5,1001,1109,1109,1120,1120,0,0.00003096311502691931,cascade,warehouse-32/static,2581.6844440000004
warehouse,32,200,inf,6,hungarian,pp,20,5,1,1127,16,184,1,1.419698314108252,59.625,6,53.625,858,7426,27754,0,3,0,2366,0,0,0,0,0,241,10216,2026760,2372.259108,4.969163000025219,2.104932660159716,0.7152839396628217,0.36923971764068636,1127,36064,0,0,0,3,1001,1077,1077,1094,1094,0,0.000006491741729943324,cascade,warehouse-32/static,2422.5129780000007
warehouse,32,200,inf,7,hungarian,pp,20,5,1,1118,18,182,1,1.6100178890876566,57,4.5,52.5,945,10583,24062,0,6,0,1946,0,0,0,0,0,242,9584,2136808,2529.2464250000285,5.152969000006124,2.262295550089471,0.7078488372093024,0.2411778656111053,1118,35776,0,0,0,6,1001,1080,1080,1092,1092,0,0.000028693035063969812,cascade,warehouse-32/static,2586.3808360000003
warehouse,32,200,inf,8,hungarian,pp,20,5,1,1153,17,183,1,1.4744145706851692,70.82352941176471,15.235294117647058,55.588235294117645,945,9943,25692,0,6,0,2160,0,0,0,0,0,248,9950,2278632,2627.638335000007,5.3574420000095415,2.2789577927146634,0.7058488725065047,0.23836028215615246,1153,36896,0,0,0,6,1001,1127,1127,1127,1124,0,0.00007380937711020413,cascade,warehouse-32/static,2675.6880439999986
warehouse,32,200,inf,9,hungarian,pp,20,5,1,1149,15,185,1,1.3054830287206267,56.333333333333336,2.6,53.733333333333334,806,8576,27138,0,5,0,2293,0,0,0,0,0,246,10460,2253908,2807.565969999987,6.3000840000040625,2.443486483899031,0.7387130113141862,0.3244760852807824,1149,36768,0,0,0,5,1001,1118,1118,1122,1122,0,0.00003082708958958039,cascade,warehouse-32/static,2857.5698410000005
warehouse,32,200,inf,10,hungarian,pp,20,5,1,1348,25,175,1,1.8545994065281899,91.48,35.28,56.2,1405,9439,31549,0,6,0,2841,0,0,0,0,0,293,12509,2596112,3127.023721999989,6.0414550000095915,2.3197505356083004,0.717405415430267,0.23653573231629466,1348,43136,0,0,0,6,1001,1304,1304,1317,1317,0,0.00013119742535393108,cascade,warehouse-32/static,3177.088584000001
warehouse,32,200,inf,11,hungarian,pp,20,5,1,1106,16,184,1,1.4466546112115732,53,4.6875,48.3125,773,8321,26286,0,3,0,2509,0,0,0,0,0,237,10081,2281607,2554.8450069999963,6.089542999994592,2.3099864439421305,0.7184391952983725,0.31861121366811995,1106,35392,0,0,0,3,1001,1054,1055,1073,1073,0,0.00011676845886314426,cascade,warehouse-32/static,2595.0158069999998
warehouse,32,200,inf,12,hungarian,pp,20,5,1,1185,18,182,1,1.518987341772152,58.77777777777778,7.055555555555555,51.72222222222222,931,8507,28293,0,3,0,2183,0,0,0,0,0,251,10494,2404145,2687.9188299999987,5.783020000017132,2.26828593248945,0.7363396624472573,0.27890252703167423,1185,37920,0,0,0,3,1001,1153,1153,1164,1164,0,0.0006285385968217284,cascade,warehouse-32/static,2728.333901
warehouse,32,200,inf,13,hungarian,pp,20,5,1,1092,13,187,1,1.1904761904761905,53.92307692307692,2.769230769230769,51.15384615384615,665,10190,23630,0,8,0,2091,0,0,0,0,0,234,9436,2123815,2330.2280430000064,5.259711999997307,2.13390846428572,0.7058150183150184,0.2206862149685041,1092,34944,0,0,0,8,1001,1062,1062,1072,1072,0,0.00018543405756829868,cascade,warehouse-32/static,2371.684212
warehouse,32,200,inf,14,hungarian,pp,20,5,1,1159,19,181,1,1.639344262295082,58.526315789473685,8.789473684210526,49.73684210526316,945,8121,28236,0,2,0,2222,0,0,0,0,0,249,10169,2240374,2550.646558000004,7.864465999997265,2.200730421052635,0.7209339948231234,0.287424116386665,1159,37088,0,0,0,2,1001,1115,1115,1135,1135,0,0.00014898664970545896,cascade,warehouse-32/static,2598.5437760000004
warehouse,32,200,inf,15,hungarian,pp,20,5,1,1112,12,188,1,1.079136690647482,53.166666666666664,0.4166666666666667,52.75,633,10106,24584,0,5,0,2197,0,0,0,0,0,237,9895,2234832,2600.631994000001,4.466236000012941,2.3386978363309363,0.7132700089928058,0.2365302219332151,1112,35584,0,0,0,5,1001,1076,1076,1076,1072,0,0.000032544261036352546,cascade,warehouse-32/static,2643.5404070000004
warehouse,32,200,inf,16,hungarian,pp,20,5,1,1093,9,191,1,0.8234217749313815,52.22222222222222,1.1111111111111112,51.111111111111114,460,9806,24218,0,4,0,1936,0,0,0,0,0,229,9222,2002486,2273.7028079999855,5.559059999983219,2.0802404464775712,0.7113735132662397,0.2801296162787726,1093,34976,0,0,0,4,1001,1061,1061,1073,1073,0,0.00004012589510926271,cascade,warehouse-32/static,2310.0373849999996
warehouse,32,200,inf,17,hungarian,pp,20,5,1,1101,16,184,1,1.4532243415077202,50.875,2.1875,48.6875,779,8240,26177,0,3,0,2144,0,0,0,0,0,234,10141,2392385,2796.7515420000127,7.730046000000584,2.5401921362397935,0.7159116712079927,0.301118704271082,1101,35232,0,0,0,3,1001,1065,1065,1073,1073,0,0.00009258893207218658,cascade,warehouse-32/static,2850.880518
warehouse,32,200,inf,18,hungarian,pp,20,5,1,2306,22,178,1,0.9540329575021682,165.13636363636363,81.4090909090909,83.72727272727273,1842,11029,50273,0,18,1,3291,0,0,0,0,0,490,16968,3126156,3540.6086730000025,8.953559000014138,1.5353897107545544,0.6063665437987857,0.09772111601686134,2306,73792,0,0,0,18,1001,2254,2251,2257,2257,4,0.00002114230655848138,cascade,warehouse-32/static,3614.4412360000006
warehouse,32,200,inf,19,hungarian,pp,20,5,1,1454,22,178,1,1.5130674002751032,161.1818181818182,102.4090909090909,58.77272727272727,1293,11542,31630,0,8,0,2666,0,0,0,0,0,319,12351,2556936,2954.5145959999973,8.850868000014088,2.031990781292983,0.6697472489683631,0.17765363656053873,1454,46528,0,0,0,8,1001,1428,1428,1433,1433,1,0.00003836982641815698,cascade,warehouse-32/static,3000.1889740000006
warehouse,32,200,inf,20,hungarian,pp,20,5,1,1152,22,178,1,1.9097222222222223,63.68181818181818,9.045454545454545,54.63636363636363,1202,9561,26555,0,4,0,2156,0,0,0,0,0,247,10039,2114539,2422.2682220000024,6.892118999990998,2.10266338715278,0.7228461371527778,0.26513338241164797,1152,36864,0,0,0,4,1001,1098,1098,1105,1105,0,0.000059394599690057724,cascade,warehouse-32/static,2462.941934999999
warehouse,32,200,inf,21,hungarian,pp,20,5,1,1104,13,187,1,1.1775362318840579,54.84615384615385,7.3076923076923075,47.53846153846154,618,8720,25797,0,3,0,1934,0,0,0,0,0,232,9518,2309621,2549.7175110000007,7.302591999983633,2.3095267309782614,0.7178442028985508,0.3045255315457101,1104,35328,0,0,0,3,1001,1059,1059,1079,1079,0,0.000029426360881537855,cascade,warehouse-32/static,2589.791295000001
warehouse,32,200,inf,22,hungarian,pp,20,5,1,1148,22,178,1,1.916376306620209,61.45454545454545,13.181818181818182,48.27272727272727,1062,8243,27157,0,7,0,2330,0,0,0,0,0,254,10514,2420513,2681.167987000026,9.6219720000081,2.335512183797932,0.7097669860627178,0.2688247661711976,1148,36736,0,0,0,7,1001,1106,1106,1120,1120,0,0.00003154806420685056,cascade,warehouse-32/static,2726.638379
warehouse,32,200,inf,23,hungarian,pp,20,5,1,1087,15,185,1,1.3799448022079117,50.6,2.2,48.4,726,9757,24335,0,4,0,1935,0,0,0,0,0,236,9655,2239494,2555.066245000002,7.2269800000067335,2.3505669227230928,0.718721251149954,0.28805877261486856,1087,34784,0,0,0,4,1001,1045,1045,1063,1063,0,0.00015594564285590414,cascade,warehouse-32/static,2588.4028959999996
warehouse,32,200,inf,24,hungarian,pp,20,5,1,1119,15,185,1,1.3404825737265416,55.2,3.933333333333333,51.266666666666666,769,7392,27868,0,2,0,2144,0,0,0,0,0,236,9926,2166824,2444.2162009999993,7.873624000012569,2.1842861492403927,0.724279490616622,0.3514539295160797,1119,35808,0,0,0,2,1001,1073,1073,1089,1089,0,0.0001679994354066679,cascade,warehouse-32/static,2481.9241140000013
warehouse,32,200,inf,25,hungarian,pp,20,5,1,2116,27,173,1,1.275992438563327,166.88888888888889,81.11111111111111,85.77777777777777,2316,9886,47026,0,13,0,3857,0,0,0,0,0,451,16469,2880541,3352.6569959999924,16.458780999993905,1.5844314725897886,0.6252806001890359,0.11744537671901747,2116,67712,0,0,0,13,1001,2070,2070,2092,2092,4,0.000022722261971065314,cascade,warehouse-32/static,3425.5764099999997
warehouse,32,200,inf,26,hungarian,pp,20,5,1,1162,19,181,1,1.6351118760757315,62.63157894736842,9.736842105263158,52.89473684210526,1005,9993,26235,0,3,0,2207,0,0,0,0,0,253,10239,2299847,2675.61053000002,5.235427000010532,2.3025908175559553,0.7143126075731497,0.30614325657131636,1162,37184,0,0,0,3,1001,1120,1120,1135,1135,4,0.00002753051538418897,cascade,warehouse-32/static,2722.6322299999993
warehouse,32,200,inf,27,hungarian,pp,20,5,1,1084,12,188,1,1.1070110701107012,49.916666666666664,3.25,46.666666666666664,560,9659,24244,0,4,0,2126,0,0,0,0,0,228,9407,2062308,2526.513447000003,13.881920000017999,2.3307319621771247,0.7143680811808119,0.24356787681650166,1084,34688,0,0,0,4,1001,1037,1037,1061,1061,0,0.00036238234080832694,cascade,warehouse-32/static,2568.1382680000006
warehouse,32,200,inf,28,hungarian,pp,20,5,1,1170,20,180,1,1.7094017094017093,60.65,5.75,54.9,1098,9710,26450,0,4,0,2294,0,0,0,0,0,251,10320,2421776,2701.9371649999885,8.82005900002332,2.3093480042734944,0.7344284188034188,0.2858889512002095,1170,37440,0,0,0,4,1001,1138,1138,1144,1144,0,0.00010103403367615782,cascade,warehouse-32/static,2745.5777309999976
warehouse,32,200,inf,29,hungarian,pp,20,5,1,1105,12,188,1,1.085972850678733,56.916666666666664,0,56.916666666666664,683,9060,25522,0,3,0,2088,0,0,0,0,0,231,9637,2030650,2319.636141000021,7.216541000005236,2.0992182271493403,0.7180712669683258,0.2485251535088496,1105,35360,0,0,0,3,1001,1051,1055,1069,1069,0,0.0001114216502804949,cascade,warehouse-32/static,2352.1355440000007
warehouse,32,200,inf,30,hungarian,pp,20,5,1,1113,12,188,1,1.0781671159029649,56.5,4.416666666666667,52.083333333333336,625,6926,28022,0,3,0,2341,0,0,0,0,0,236,10279,2019265,2231.71945100003,8.849683999982517,2.005138769991042,0.7198169362084457,0.3937878496821446,1113,35616,0,0,0,3,1001,1080,1080,1085,1085,0,0.0001501124717354394,cascade,warehouse-32/static,2274.347847000001
warehouse,32,200,inf,1,hungarian,pp,20,5,1,645,200,0,0,31.007751937984494,279.835,205.035,74.8,14960,15094,397,0,0,9,13,0,0,0,0,0,247,7436,648141,954.6645180000232,49.98845600000095,1.4801000279070127,0.7248062015503876,0.4030485793333464,645,20640,0,0,0,0,38,11,22,84,84,119,0.08336786059010887,cascade,warehouse-32-dock4/cascade,1005.933262999999
warehouse,32,200,inf,2,hungarian,pp,20,5,1,586,200,0,0,34.129692832764505,263.835,190.035,73.8,14760,14640,348,0,0,8,8,0,0,0,0,0,244,7483,620867,902.9108439999873,32.803425000029165,1.5408034880545858,0.7871160409556314,0.3540012396293184,586,18752,0,0,0,0,18,10,21,77,77,61,0.06681223700959238,cascade,warehouse-32-dock4/cascade,950.3430329999992
warehouse,32,200,inf,3,hungarian,pp,20,5,1,691,200,0,0,28.94356005788712,266.085,192.175,73.91,14782,15033,361,0,0,13,6,0,0,0,0,0,268,8083,604276,889.3405949999815,46.478836999984196,1.2870341461649515,0.6685057887120116,0.43067794694961314,691,22112,0,0,0,0,50,14,34,57,57,49,0.07653108025696123,cascade,warehouse-32-dock4/cascade,935.0033540000022
warehouse,32,200,inf,4,hungarian,pp,20,5,1,560,200,0,0,35.714285714285715,247.96,179.455,68.505,13701,13609,425,0,0,6,11,0,0,0,0,0,242,7539,636321,970.297515000002,52.76662000001488,1.732674133928575,0.7645647321428571,0.3768640117250523,560,17920,0,0,0,0,20,14,25,69,69,5,0.11112050995677791,cascade,warehouse-32-dock4/cascade,1013.7572650000002
warehouse,32,200,inf,5,hungarian,pp,20,5,1,590,200,0,0,33.898305084745765,255.875,184.345,71.53,14306,14095,431,0,0,9,10,0,0,0,0,0,252,7647,650767,954.6315529999738,36.319980999980544,1.6180195813558877,0.7577330508474577,0.41436575858482605,590,18880,0,0,0,0,21,15,31,89,89,69,0.10130918265152758,cascade,warehouse-32-dock4/cascade,1003.7373879999996
warehouse,32,200,inf,6,hungarian,pp,20,5,1,580,200,0,0,34.48275862068966,254.2,183.17,71.03,14206,13701,423,0,0,8,7,0,0,0,0,0,246,7491,679327,1035.1296969999512,43.67709500003002,1.7847063741378468,0.7654094827586206,0.4525913216077164,580,18560,0,0,0,0,20,13,35,79,79,2,0.05846892076898402,cascade,warehouse-32-dock4/cascade,1082.6829109999999
warehouse,32,200,inf,7,hungarian,pp,20,5,1,604,200,0,0,33.11258278145695,256.455,188.325,68.13,13626,13911,480,0,0,9,10,0,0,0,0,0,254,7695,663952,1016.2009560000297,46.82503299999371,1.682451913907334,0.7049875827814569,0.4135158481267363,604,19328,0,0,0,0,18,14,30,103,103,121,0.1059791287872944,cascade,warehouse-32-dock4/cascade,1059.8226130000003
warehouse,32,200,inf,8,hungarian,pp,20,5,1,585,200,0,0,34.18803418803419,267.65,191.51,76.14,15228,14619,371,0,0,8,6,0,0,0,0,0,250,7657,652683,961.8317019999995,31.39061100001345,1.6441567555555547,0.8134615384615385,0.34290386901761094,585,18720,0,0,0,0,39,13,37,77,77,99,0.04386903233472275,cascade,warehouse-32-dock4/cascade,1011.2046520000004
warehouse,32,200,inf,9,hungarian,pp,20,5,1,568,200,0,0,35.2112676056338,260.57,189.43,71.14,14228,13988,433,0,0,8,9,0,0,0,0,0,239,7384,628750,826.0383420000398,22.170872999984567,1.454292855633873,0.7827904929577465,0.3973572626317871,568,18176,0,0,0,0,22,13,26,49,49,5,0.10496815229058351,cascade,warehouse-32-dock4/cascade,867.3007369999978
warehouse,32,200,inf,10,hungarian,pp,20,5,1,588,200,0,0,34.01360544217687,268.785,193.71,75.075,15015,14450,406,0,0,9,7,0,0,0,0,0,244,7422,663481,1016.6639140000043,34.69332000002032,1.7290202619047692,0.7979910714285714,0.38054387202023815,588,18816,0,0,0,0,38,13,23,64,64,85,0.07606341595854615,cascade,warehouse-32-dock4/cascade,1059.3031640000008
warehouse,32,200,inf,11,hungarian,pp,20,5,1,571,200,0,0,35.02626970227671,262.815,190.325,72.49,14498,14246,393,0,0,6,12,0,0,0,0,0,236,7341,665876,1030.9174029999704,42.90164699999514,1.8054595499123824,0.7934544658493871,0.3316420616613313,571,18272,0,0,0,0,18,13,29,61,61,3,0.12811676845885944,cascade,warehouse-32-dock4/cascade,1073.109109000001
warehouse,32,200,inf,12,hungarian,pp,20,5,1,613,200,0,0,32.62642740619902,268.28,194.06,74.22,14844,14712,338,0,0,9,4,0,0,0,0,0,250,7512,587464,987.2783679999993,30.98218599997199,1.610568300163131,0.7567292006525286,0.39498041365381403,613,19616,0,0,0,0,22,16,25,60,60,123,0.07011181459017235,cascade,warehouse-32-dock4/cascade,1035.1395249999987
warehouse,32,200,inf,13,hungarian,pp,20,5,1,553,200,0,0,36.166365280289334,252.975,182.89,70.085,14017,13800,400,0,0,8,16,0,0,0,0,0,230,7014,652699,954.1276229999494,37.157627000015054,1.7253664068715178,0.7920999095840868,0.3529816697957707,553,17696,0,0,0,0,17,13,28,61,61,102,0.06540372547712173,cascade,warehouse-32-dock4/cascade,995.2306009999993
warehouse,32,200,inf,14,hungarian,pp,20,5,1,619,200,0,0,32.31017770597738,255.42,185.56,69.86,13972,14456,382,0,0,9,7,0,0,0,0,0,254,7650,603245,971.8995420000465,56.58299099996293,1.5701123457189765,0.7053715670436187,0.41673981460213755,619,19808,0,0,0,0,26,15,24,91,91,98,0.08529850202575365,cascade,warehouse-32-dock4/cascade,1018.071817
warehouse,32,200,inf,15,hungarian,pp,20,5,1,580,200,0,0,34.48275862068966,267.075,191.805,75.27,15054,14712,442,0,0,8,11,0,0,0,0,0,227,6979,620578,868.8528460000125,23.361284999991767,1.4980221482758835,0.8110991379310345,0.33778466851792893,580,18560,0,0,0,0,34,10,26,68,68,88,0.06692001284286386,cascade,warehouse-32-dock4/cascade,912.4020300000011
warehouse,32,200,inf,16,hungarian,pp,20,5,1,585,200,0,0,34.18803418803419,249.485,179.725,69.76,13952,13571,455,0,0,9,9,0,0,0,0,0,257,7848,732052,1146.6346410000224,53.6491610000121,1.9600592153846537,0.7452991452991453,0.4074299689862435,585,18720,0,0,0,0,15,15,27,63,63,3,0.10945639219824305,cascade,warehouse-32-dock4/cascade,1201.2267409999986
warehouse,32,200,inf,17,hungarian,pp,20,5,1,552,200,0,0,36.231884057971016,257.67,185.095,72.575,14515,14238,361,0,0,8,9,0,0,0,0,0,243,7484,642618,894.048905000047,22.81923699996696,1.6196538134058822,0.8217278079710145,0.34346673246979037,552,17664,0,0,0,0,25,11,19,72,72,68,0.08591452170722277,cascade,warehouse-32-dock4/cascade,937.7649190000011
warehouse,32,200,inf,18,hungarian,pp,20,5,1,612,200,0,0,32.6797385620915,268.42,193.805,74.615,14923,14596,384,0,0,8,10,0,0,0,0,0,254,7786,663254,977.9118389999421,24.995053999959055,1.5978951617646113,0.761999591503268,0.37493684749688455,612,19584,0,0,0,0,31,11,22,92,92,114,0.08348818297088217,cascade,warehouse-32-dock4/cascade,1028.3894549999968
warehouse,32,200,inf,19,hungarian,pp,20,5,1,657,200,0,0,30.441400304414003,268.22,198.155,70.065,14013,14683,387,0,0,11,10,0,0,0,0,0,263,7978,579834,837.4038060000094,27.432394000003114,1.2745872237443066,0.6665239726027398,0.4288262967280605,657,21024,0,0,0,0,21,13,26,75,75,50,0.0768441141504794,cascade,warehouse-32-dock4/cascade,874.8592759999992
warehouse,32,200,inf,20,hungarian,pp,20,5,1,690,200,0,0,28.985507246376812,267.17,192.625,74.545,14909,15285,380,0,0,13,6,0,0,0,0,0,266,7883,577030,974.3593950000213,32.01142500001515,1.4121150652174221,0.6752264492753624,0.4380494168702592,690,22080,0,0,0,0,43,12,56,116,116,189,0.06495811907444127,cascade,warehouse-32-dock4/cascade,1023.5708360000026
warehouse,32,200,inf,21,hungarian,pp,20,5,1,580,200,0,0,34.48275862068966,254.445,183.695,70.75,14150,13881,386,0,0,8,10,0,0,0,0,0,234,7232,633686,926.3853799999997,23.080431000056706,1.5972161724137925,0.7623922413793104,0.3531111832205984,580,18560,0,0,0,0,27,11,41,74,74,42,0.098042015660182,cascade,warehouse-32-dock4/cascade,965.2900440000012
warehouse,32,200,inf,22,hungarian,pp,20,5,1,676,200,0,0,29.585798816568047,258.56,188.555,70.005,14001,14406,403,0,0,14,8,0,0,0,0,0,272,8016,652006,979.7270370000078,53.7211810000299,1.4493003505917277,0.6472355769230769,0.4479713711217076,676,21632,0,0,0,0,35,12,36,95,95,164,0.06130166455730815,cascade,warehouse-32-dock4/cascade,1029.5252509999991
warehouse,32,200,inf,23,hungarian,pp,20,5,1,600,200,0,0,33.333333333333336,266.625,194.37,72.255,14451,14302,563,0,0,10,18,0,0,0,0,0,252,7654,747929,1074.8204020000267,36.90347500002463,1.791367336666711,0.75265625,0.4297525783167006,600,19200,0,0,0,0,13,14,35,55,55,102,0.07518729558698892,cascade,warehouse-32-dock4/cascade,1117.8150700000006
warehouse,32,200,inf,24,hungarian,pp,20,5,1,715,200,0,0,27.972027972027973,281.04,206.28,74.76,14952,15103,488,0,0,13,6,0,0,0,0,0,284,8499,701361,1010.8132050000277,26.201495999972394,1.4137247622378009,0.6534965034965035,0.4788149730494042,715,22880,0,0,0,0,25,15,23,55,55,106,0.07756175646260469,cascade,warehouse-32-dock4/cascade,1055.0010309999998
warehouse,32,200,inf,25,hungarian,pp,20,5,1,670,200,0,0,29.850746268656717,268.64,195.065,73.575,14715,14476,478,0,0,10,8,0,0,0,0,0,272,8138,724283,1060.3403800000015,24.417588000032993,1.5825975820895544,0.6863339552238806,0.4366476796525614,670,21440,0,0,0,0,33,14,30,81,81,189,0.05599759319592315,cascade,warehouse-32-dock4/cascade,1112.329468
warehouse,32,200,inf,26,hungarian,pp,20,5,1,569,200,0,0,35.1493848857645,262.6,189.36,73.24,14648,14371,393,0,0,7,9,0,0,0,0,0,248,7627,679198,925.7006240000046,18.67455599999812,1.6268903760984263,0.804481546572935,0.396969919336228,569,18208,0,0,0,0,19,13,23,57,57,1,0.07619172848612127,cascade,warehouse-32-dock4/cascade,970.6327679999995
warehouse,32,200,inf,27,hungarian,pp,20,5,1,565,200,0,0,35.39823008849557,261.325,189.32,72.005,14401,13778,408,0,0,8,5,0,0,0,0,0,234,7119,652586,920.4988449999946,24.644655999960378,1.6292014955752117,0.7965154867256637,0.3675903805395895,565,18080,0,0,0,0,21,10,20,63,63,85,0.09615010274015404,cascade,warehouse-32-dock4/cascade,963.991489
warehouse,32,200,inf,28,hungarian,pp,20,5,1,525,200,0,0,38.095238095238095,256.62,184.915,71.705,14341,13430,345,0,0,6,5,0,0,0,0,0,218,6801,635515,925.8018539999721,24.18428599998515,1.7634321028570896,0.8536309523809524,0.36009338783728456,525,16800,0,0,0,0,8,10,26,138,138,5,0.11702244053501665,cascade,warehouse-32-dock4/cascade,983.5235529999991
warehouse,32,200,inf,29,hungarian,pp,20,5,1,600,200,0,0,33.333333333333336,271.78,198.635,73.145,14629,14734,418,0,0,10,11,0,0,0,0,0,227,6835,606604,926.9848290000518,41.74735099998361,1.5449747150000863,0.7619270833333334,0.3912907797240434,600,19200,0,0,0,0,20,11,23,70,70,127,0.07346439996212986,cascade,warehouse-32-dock4/cascade,971.3110899999992
warehouse,32,200,inf,30,hungarian,pp,20,5,1,567,200,0,0,35.27336860670194,261.765,187.94,73.825,14765,14277,449,0,0,5,3,0,0,0,0,0,237,7385,655060,974.2171559999806,25.341864999965765,1.718196042328008,0.8137676366843033,0.3644455362320256,567,18144,0,0,0,0,11,15,53,108,108,5,0.12195011247173007,cascade,warehouse-32-dock4/cascade,1020.0293180000008
warehouse,32,200,inf,1,hungarian,pp,20,5,1,640,200,0,0,31.25,280.5,206.74,73.76,14752,14991,339,24,0,10,29,0,0,0,0,0,260,7799,610443,904.6651110000312,27.38156599998547,1.4135392359375487,0.7203125,0.4051610793333462,640,20480,24,0,0,0,26,11,19,89,89,122,0.09235175147950717,cascade,warehouse-32-dock4/none,951.2202340000003
warehouse,32,200,inf,2,hungarian,pp,20,5,1,600,200,0,0,33.333333333333336,266.575,192.85,73.725,14745,14741,359,7,0,9,8,0,0,0,0,0,251,7583,603246,925.86589000003,21.564006000007794,1.5431098166667168,0.76796875,0.3906012396293185,600,19200,7,0,0,0,19,14,23,59,59,93,0.08837267570886853,cascade,warehouse-32-dock4/none,970.7994769999968
warehouse,32,200,inf,3,hungarian,pp,20,5,1,664,200,0,0,30.120481927710845,264.45,189.84,74.61,14922,14887,307,7,0,10,11,0,0,0,0,0,265,7958,609803,925.3039230000104,26.4331090000087,1.393530004518088,0.7022778614457831,0.44297794694961296,664,21248,7,0,0,0,27,16,30,76,76,81,0.05696598035767722,cascade,warehouse-32-dock4/none,967.7963720000007
warehouse,32,200,inf,4,hungarian,pp,20,5,1,550,200,0,0,36.36363636363637,247.76,178.82,68.94,13788,13625,393,12,0,6,15,0,0,0,0,0,235,7266,650901,950.566774999992,24.614845999993122,1.7283032272727128,0.7834090909090909,0.38220151172505207,550,17600,12,0,0,0,20,15,23,83,83,5,0.09352050995677719,cascade,warehouse-32-dock4/none,987.6074049999988
warehouse,32,200,inf,5,hungarian,pp,20,5,1,592,200,0,0,33.78378378378378,255.365,184.015,71.35,14270,14043,337,14,0,8,12,0,0,0,0,0,252,7718,618116,880.7045449999932,25.46744199998284,1.4876765962837724,0.7532728040540541,0.39007825858482603,592,18944,14,0,0,0,26,10,20,101,101,73,0.0732724362306304,cascade,warehouse-32-dock4/none,923.2958389999985
warehouse,32,200,inf,6,hungarian,pp,20,5,1,575,200,0,0,34.78260869565217,254.825,184.035,70.79,14158,13699,371,10,0,8,13,0,0,0,0,0,256,7747,709444,951.1718890000157,17.913437999963207,1.6542119808695925,0.7694565217391305,0.4653413216077162,575,18400,10,0,0,0,18,14,21,72,72,2,0.08277024616766743,cascade,warehouse-32-dock4/none,997.1803509999991
warehouse,32,200,inf,7,hungarian,pp,20,5,1,585,200,0,0,34.18803418803419,258.13,189.305,68.825,13765,13958,502,26,0,8,27,0,0,0,0,0,251,7686,726734,983.297392000004,19.904764000002615,1.6808502427350496,0.7353098290598291,0.3643033481267359,585,18720,26,0,0,0,18,15,22,79,79,24,0.07377912878729517,cascade,warehouse-32-dock4/none,1027.855209999998
warehouse,32,200,inf,8,hungarian,pp,20,5,1,555,200,0,0,36.03603603603604,269.575,192.245,77.33,15466,14317,330,9,0,8,12,0,0,0,0,0,237,7320,630720,859.408806000054,20.124700999993365,1.5484843351352324,0.8708333333333333,0.3094913690176109,555,17760,9,0,0,0,12,16,22,123,123,66,0.07027380937710465,cascade,warehouse-32-dock4/none,904.3284510000012
warehouse,32,200,inf,9,hungarian,pp,20,5,1,552,200,0,0,36.231884057971016,259.055,188.335,70.72,14144,13968,454,15,0,8,15,0,0,0,0,0,239,7407,661201,1104.7833749999736,27.34244299999409,2.0014191576086477,0.8007246376811594,0.36709476263178686,552,17664,15,0,0,0,24,12,28,66,66,52,0.07423082708958595,cascade,warehouse-32-dock4/none,1149.819306999998
warehouse,32,200,inf,10,hungarian,pp,20,5,1,590,200,0,0,33.898305084745765,268.585,195.29,73.295,14659,14396,330,13,0,9,12,0,0,0,0,0,237,7135,577326,991.1322949999885,28.487711000001582,1.6798852457626925,0.7764300847457627,0.40846887202023824,590,18880,13,0,0,0,28,13,23,87,87,74,0.09294483348354779,cascade,warehouse-32-dock4/none,1043.9510169999994
warehouse,32,200,inf,11,hungarian,pp,20,5,1,590,200,0,0,33.898305084745765,266.635,192.835,73.8,14760,14295,543,29,0,5,27,0,0,0,0,0,251,7753,720394,1007.0018930000515,27.149808000049234,1.7067828694916127,0.7817796610169492,0.3431920616613315,590,18880,29,0,0,0,11,14,31,84,84,4,0.11800705719031518,cascade,warehouse-32-dock4/none,1049.1726250000029
warehouse,32,200,inf,12,hungarian,pp,20,5,1,620,200,0,0,32.25806451612903,274.605,199.675,74.93,14986,14816,394,10,0,9,9,0,0,0,0,0,261,7822,651122,973.3531950000033,20.777712000020983,1.5699245080645214,0.7553427419354839,0.3963429136538141,620,19840,10,0,0,0,15,10,27,70,70,118,0.06351181459017252,cascade,warehouse-32-dock4/none,1023.2705069999975
warehouse,32,200,inf,13,hungarian,pp,20,5,1,579,200,0,0,34.542314335060446,256.065,185.57,70.495,14099,13790,491,25,0,8,30,0,0,0,0,0,237,7112,661763,974.8716600000153,18.59005199997773,1.6837161658031352,0.760956390328152,0.3837816697957707,579,18528,25,0,0,0,34,15,34,60,60,135,0.052347682749666606,cascade,warehouse-32-dock4/none,1016.5878059999995
warehouse,32,200,inf,14,hungarian,pp,20,5,1,610,200,0,0,32.78688524590164,262.85,191.875,70.975,14195,14332,434,9,0,10,6,0,0,0,0,0,256,7710,683243,995.6787909999875,26.123584000004485,1.6322603131147337,0.727202868852459,0.4027898146021373,610,19520,9,0,0,0,26,10,22,73,73,75,0.08674178130421786,cascade,warehouse-32-dock4/none,1039.7285889999985
warehouse,32,200,inf,15,hungarian,pp,20,5,1,574,200,0,0,34.84320557491289,265.67,191.15,74.52,14904,14672,407,19,0,8,17,0,0,0,0,0,230,6974,597625,885.1318469999496,18.583294000050955,1.5420415452960794,0.811411149825784,0.35607216851792883,574,18368,19,0,0,0,18,8,27,48,48,120,0.09043254426103123,cascade,warehouse-32-dock4/none,929.0260869999984
warehouse,32,200,inf,16,hungarian,pp,20,5,1,580,200,0,0,34.48275862068966,249.295,180.755,68.54,13708,13621,478,25,0,7,24,0,0,0,0,0,254,7727,670272,941.507813000022,32.26125099995261,1.6232893327586586,0.7385775862068965,0.40506746898624335,580,18560,25,0,0,0,19,15,23,66,66,28,0.08336704552602175,cascade,warehouse-32-dock4/none,984.905751000002
warehouse,32,200,inf,17,hungarian,pp,20,5,1,527,200,0,0,37.95066413662239,260.71,187.15,73.56,14712,13982,349,7,0,8,9,0,0,0,0,0,220,6849,557937,825.708694999983,17.787164999961533,1.5668096679316565,0.8723908918406073,0.31359173246979044,527,16864,7,0,0,0,10,11,25,59,59,41,0.07349258893206723,cascade,warehouse-32-dock4/none,866.4153650000007
warehouse,32,200,inf,18,hungarian,pp,20,5,1,595,200,0,0,33.61344537815126,268.15,193.76,74.39,14878,14627,403,18,0,8,27,0,0,0,0,0,245,7514,636490,931.0416879999866,18.38879899996755,1.564775946218465,0.7814075630252101,0.36407434749688433,595,19040,18,0,0,0,14,12,35,78,78,113,0.10356799640692824,cascade,warehouse-32-dock4/none,973.1766229999994
warehouse,32,200,inf,19,hungarian,pp,20,5,1,661,200,0,0,30.257186081694403,273.08,200.68,72.4,14480,14766,451,13,0,10,9,0,0,0,0,0,272,8266,674976,1102.1448650000093,27.126226999956998,1.667390113464462,0.6845688350983359,0.40027629672806053,661,21152,13,0,0,0,28,12,38,71,71,100,0.0706814034340904,cascade,warehouse-32-dock4/none,1151.6663420000004
warehouse,32,200,inf,20,hungarian,pp,20,5,1,635,200,0,0,31.496062992125985,270.68,194.995,75.685,15137,15042,381,13,0,9,12,0,0,0,0,0,257,7699,621758,1091.6847940000735,44.63770700001987,1.7191886519686197,0.7449311023622047,0.38736191687025884,635,20320,13,0,0,0,42,10,20,65,65,136,0.0651623174896464,cascade,warehouse-32-dock4/none,1139.4286240000001
warehouse,32,200,inf,21,hungarian,pp,20,5,1,560,200,0,0,35.714285714285715,254.335,183.88,70.455,14091,13739,408,21,0,5,16,0,0,0,0,0,244,7585,649445,995.6015370000423,23.213517000003776,1.7778598875000755,0.786328125,0.3234486832205982,560,17920,21,0,0,0,31,13,24,103,103,8,0.09987410926595353,cascade,warehouse-32-dock4/none,1038.7625769999977
warehouse,32,200,inf,22,hungarian,pp,20,5,1,630,200,0,0,31.746031746031747,258.02,187.915,70.105,14021,14035,441,22,0,10,28,0,0,0,0,0,258,7651,668078,973.6237149999615,21.091179000013653,1.5454344682539072,0.6954861111111111,0.4089213711217068,630,20160,22,0,0,0,26,10,21,120,120,164,0.08144066099543129,cascade,warehouse-32-dock4/none,1022.6540580000001
warehouse,32,200,inf,23,hungarian,pp,20,5,1,585,200,0,0,34.18803418803419,264.9,192.81,72.09,14418,14131,388,8,0,9,11,0,0,0,0,0,253,7650,673049,943.0140399999182,17.253904000044713,1.6119898119656721,0.7701923076923077,0.4251650783167006,585,18720,8,0,0,0,19,11,33,94,94,99,0.09966132913529932,cascade,warehouse-32-dock4/none,989.0136870000024
warehouse,32,200,inf,24,hungarian,pp,20,5,1,660,200,0,0,30.303030303030305,273.845,200.4,73.445,14689,14795,364,6,0,9,10,0,0,0,0,0,263,7900,592260,862.0235960000027,17.53440099997897,1.3060963575757618,0.695501893939394,0.44795247304940405,660,21120,6,0,0,0,23,13,24,49,49,138,0.07058539363145933,cascade,warehouse-32-dock4/none,907.110776999998
warehouse,32,200,inf,25,hungarian,pp,20,5,1,640,200,0,0,31.25,264.45,192.3,72.15,14430,14271,367,9,0,9,10,0,0,0,0,0,261,7849,643686,982.2597759999553,24.12989600002038,1.5347808999999302,0.70458984375,0.40406017965256136,640,20480,9,0,0,0,26,12,20,75,75,129,0.05949663078114506,cascade,warehouse-32-dock4/none,1026.794761000001
warehouse,32,200,inf,26,hungarian,pp,20,5,1,565,200,0,0,35.39823008849557,265.29,191.55,73.74,14748,14421,422,15,0,6,19,0,0,0,0,0,233,7199,631078,893.6991050000761,17.551291999992827,1.581768327433763,0.8157079646017699,0.37506991933622813,565,18080,15,0,0,0,12,9,20,61,61,4,0.05922753051538049,cascade,warehouse-32-dock4/none,936.3743770000001
warehouse,32,200,inf,27,hungarian,pp,20,5,1,540,200,0,0,37.03703703703704,260.705,189.52,71.185,14237,13693,393,6,0,8,11,0,0,0,0,0,229,7017,631448,880.0318589999988,19.668008000015107,1.6296886277777756,0.8239004629629629,0.34432788053958935,540,17280,6,0,0,0,14,10,20,83,83,61,0.11335855289287955,cascade,warehouse-32-dock4/none,921.3605260000004
warehouse,32,200,inf,28,hungarian,pp,20,5,1,515,200,0,0,38.83495145631068,251.085,180.8,70.285,14057,13358,386,12,0,3,19,0,0,0,0,0,231,7179,653586,901.5149800000436,19.193081000034,1.7505145242719293,0.8529733009708738,0.3473183878372844,515,16480,12,0,0,0,10,9,18,48,48,4,0.10760058740973485,cascade,warehouse-32-dock4/none,937.6178470000013
warehouse,32,200,inf,29,hungarian,pp,20,5,1,603,200,0,0,33.16749585406302,276.34,203.135,73.205,14641,14746,433,41,0,9,32,0,0,0,0,0,243,7366,627704,872.6912860000048,18.151997999968444,1.447249230514104,0.7587582918739635,0.34212827972404347,603,19296,41,0,0,0,22,16,25,118,118,127,0.08386439996212738,cascade,warehouse-32-dock4/none,913.6496190000034
warehouse,32,200,inf,30,hungarian,pp,20,5,1,568,200,0,0,35.2112676056338,260.83,188.71,72.12,14424,14173,343,6,0,4,7,0,0,0,0,0,236,7333,600336,950.8416759999745,25.89439399996263,1.6740170352112227,0.7935739436619719,0.3694455362320256,568,18176,6,0,0,0,22,14,23,148,148,3,0.0930687489572912,cascade,warehouse-32-dock4/none,1000.7194100000015
warehouse,32,200,inf,1,hungarian,pp,20,5,1,660,200,0,0,30.303030303030305,279.83,205.24,74.59,14918,15072,439,39,0,10,31,0,0,0,0,0,261,8165,685480,985.3296120000414,20.97188799995274,1.4929236545455173,0.7063446969696969,0.42367357933334626,660,21120,39,0,0,0,37,11,18,59,59,149,0.10388494170717968,cascade,warehouse-32-dock4/restart,1036.7038759999996
warehouse,32,200,inf,2,hungarian,pp,20,5,1,571,200,0,0,35.02626970227671,267.225,192.355,74.87,14974,14484,464,20,0,8,16,0,0,0,0,0,234,7360,670202,922.5418620000164,17.638243000008515,1.6156600035026558,0.8195052539404554,0.36610123962931823,571,18272,20,0,0,0,13,15,34,59,59,64,0.11121586185023241,cascade,warehouse-32-dock4/restart,963.9889739999999
warehouse,32,200,inf,3,hungarian,pp,20,5,1,664,200,0,0,30.120481927710845,267.49,193.69,73.8,14760,14897,313,14,0,11,16,0,0,0,0,0,269,8252,627241,887.3277350000353,18.918471999964822,1.336336950301258,0.6946536144578314,0.449552946949613,664,21248,14,0,0,0,24,11,23,88,88,26,0.08140297550186726,cascade,warehouse-32-dock4/restart,939.2542409999987
warehouse,32,200,inf,4,hungarian,pp,20,5,1,540,200,0,0,37.03703703703704,247.12,177.725,69.395,13879,13736,379,15,0,7,16,0,0,0,0,0,234,7487,642942,880.822035000012,19.2683100000213,1.6311519166666888,0.8031828703703704,0.3763890117250516,540,17280,15,0,0,0,16,13,18,70,70,14,0.0956362857481475,cascade,warehouse-32-dock4/restart,919.9524620000011
warehouse,32,200,inf,5,hungarian,pp,20,5,1,578,200,0,0,34.602076124567475,251.01,180.715,70.295,14059,13936,292,3,0,8,4,0,0,0,0,0,252,7794,638388,969.1033299999981,24.89861200001542,1.6766493598615884,0.7601102941176471,0.3971782585848257,578,18496,3,0,0,0,26,10,18,75,75,58,0.10153625365924179,cascade,warehouse-32-dock4/restart,1011.4967830000023
warehouse,32,200,inf,6,hungarian,pp,20,5,1,580,200,0,0,34.48275862068966,255.225,184.17,71.055,14211,13774,452,18,0,8,16,0,0,0,0,0,248,7791,729955,1023.2685869999732,19.280475000006845,1.7642561844827125,0.7656788793103448,0.4354913216077162,580,18560,18,0,0,0,15,12,31,71,71,39,0.06426892076898374,cascade,warehouse-32-dock4/restart,1066.9151250000032
warehouse,32,200,inf,7,hungarian,pp,20,5,1,580,200,0,0,34.48275862068966,255.065,187.245,67.82,13564,13740,464,27,0,8,23,0,0,0,0,0,248,7929,689477,975.8428400000012,22.558840000016062,1.6824876551724157,0.7308189655172413,0.37432834812673615,580,18560,27,0,0,0,15,13,25,98,98,15,0.10365904505699919,cascade,warehouse-32-dock4/restart,1017.3339720000004
warehouse,32,200,inf,8,hungarian,pp,20,5,1,550,200,0,0,36.36363636363637,267.44,191.235,76.205,15241,14250,425,26,0,8,18,0,0,0,0,0,225,7145,605952,894.4268019999763,35.10748500000045,1.626230549090866,0.8659659090909091,0.32906636901761077,550,17600,26,0,0,0,13,14,30,70,70,67,0.06794758492168035,cascade,warehouse-32-dock4/restart,933.9953459999997
warehouse,32,200,inf,9,hungarian,pp,20,5,1,565,200,0,0,35.39823008849557,260.205,188.865,71.34,14268,14068,446,16,0,8,20,0,0,0,0,0,249,7921,698493,1026.9873500000613,29.928476000004594,1.8176767256638253,0.7891592920353983,0.3706072626317869,565,18080,16,0,0,0,16,12,20,47,47,45,0.06368305335491908,cascade,warehouse-32-dock4/restart,1074.7028460000001
warehouse,32,200,inf,10,hungarian,pp,20,5,1,578,200,0,0,34.602076124567475,273.305,198.715,74.59,14918,14333,396,25,0,8,24,0,0,0,0,0,245,7827,690509,1290.4807839999776,23.814406999968924,2.232665716262937,0.80655276816609,0.3659688720202382,578,18496,25,0,0,0,22,13,23,63,63,63,0.062063726137951414,cascade,warehouse-32-dock4/restart,1338.6219720000008
warehouse,32,200,inf,11,hungarian,pp,20,5,1,574,200,0,0,34.84320557491289,263.885,190.955,72.93,14586,14271,455,11,0,6,15,0,0,0,0,0,245,7798,671109,1149.5124660000438,25.52643700004046,2.0026349581882297,0.7940984320557491,0.31481706166133144,574,18368,11,0,0,0,13,18,41,76,76,3,0.08571676845885909,cascade,warehouse-32-dock4/restart,1195.9490000000005
warehouse,32,200,inf,12,hungarian,pp,20,5,1,598,200,0,0,33.44481605351171,266.87,193.635,73.235,14647,14690,325,3,0,8,4,0,0,0,0,0,251,7679,602163,860.6904819999472,17.938755999981367,1.439281742474828,0.7654159698996655,0.3895929136538137,598,19136,3,0,0,0,17,10,21,60,60,109,0.0963118145901716,cascade,warehouse-32-dock4/restart,904.359080000002
warehouse,32,200,inf,13,hungarian,pp,20,5,1,601,200,0,0,33.277870216306155,257.56,185.06,72.5,14500,13918,404,16,0,10,25,0,0,0,0,0,241,7429,692726,1174.1464640000413,17.3346199999869,1.9536546821964083,0.7539517470881864,0.4088441697957712,601,19232,16,0,0,0,49,13,22,61,61,123,0.08194768274966721,cascade,warehouse-32-dock4/restart,1222.4084980000007
warehouse,32,200,inf,14,hungarian,pp,20,5,1,619,200,0,0,32.31017770597738,252.63,183.745,68.885,13777,14339,357,2,0,10,4,0,0,0,0,0,249,7513,591949,889.0225239999818,21.629211000032228,1.4362237867527978,0.6955270597738288,0.41868981460213733,619,19808,2,0,0,0,26,16,24,54,54,141,0.11252467605229505,cascade,warehouse-32-dock4/restart,930.3796699999984
warehouse,32,200,inf,15,hungarian,pp,20,5,1,589,200,0,0,33.95585738539898,266.265,191.07,75.195,15039,14769,389,12,0,8,11,0,0,0,0,0,245,7685,625466,1118.9571669999532,25.122686000013346,1.899757499151024,0.7979095925297114,0.34739716851792896,589,18848,12,0,0,0,41,8,24,48,48,85,0.060032544261031134,cascade,warehouse-32-dock4/restart,1177.3575740000015
warehouse,32,200,inf,16,hungarian,pp,20,5,1,600,200,0,0,33.333333333333336,247.57,177.815,69.755,13951,13576,457,14,0,8,16,0,0,0,0,0,266,8231,736937,1199.7663500000126,27.095484999983455,1.9996105833333544,0.7266145833333333,0.4194174689862435,600,19200,14,0,0,0,33,15,28,76,76,35,0.07985639219824325,cascade,warehouse-32-dock4/restart,1248.8259429999998
warehouse,32,200,inf,17,hungarian,pp,20,5,1,538,200,0,0,37.174721189591075,261.5,187.28,74.22,14844,13981,406,32,0,7,24,0,0,0,0,0,229,7346,612865,1089.336699000065,18.444058000026416,2.024789403345846,0.8622211895910781,0.31206673246979044,538,17216,32,0,0,0,17,16,27,75,75,31,0.058514521707222655,cascade,warehouse-32-dock4/restart,1134.7520820000027
warehouse,32,200,inf,18,hungarian,pp,20,5,1,600,200,0,0,33.333333333333336,266.51,191.825,74.685,14937,14500,472,13,0,8,14,0,0,0,0,0,256,8038,716780,1225.6281010000166,25.66744400000607,2.0427135016666944,0.77796875,0.3551993474968844,600,19200,13,0,0,0,22,13,39,95,95,61,0.09293854537364202,cascade,warehouse-32-dock4/restart,1277.8193830000018
warehouse,32,200,inf,19,hungarian,pp,20,5,1,664,200,0,0,30.120481927710845,269.805,199.69,70.115,14023,14468,370,20,0,11,19,0,0,0,0,0,273,8519,643115,1066.7244480000045,25.805623000007472,1.606512722891573,0.6599679969879518,0.42922629672806045,664,21248,20,0,0,0,36,15,24,76,76,34,0.07995443150270803,cascade,warehouse-32-dock4/restart,1109.8947609999996
warehouse,32,200,inf,20,hungarian,pp,20,5,1,640,200,0,0,31.25,270.555,195.43,75.125,15025,15007,406,10,0,10,15,0,0,0,0,0,259,7899,675124,940.2551889999777,17.235914999961096,1.469148732812465,0.733642578125,0.4104744168702586,640,20480,10,0,0,0,47,13,26,54,54,130,0.09135811907444175,cascade,warehouse-32-dock4/restart,983.4869700000017
warehouse,32,200,inf,21,hungarian,pp,20,5,1,560,200,0,0,35.714285714285715,252.96,183.255,69.705,13941,13632,359,9,0,4,10,0,0,0,0,0,239,7555,629384,962.1445339999955,17.63338999996995,1.7181152392857062,0.7779575892857142,0.3394486832205983,560,17920,9,0,0,0,16,15,26,63,63,3,0.10555474360492167,cascade,warehouse-32-dock4/restart,999.0004139999983
warehouse,32,200,inf,22,hungarian,pp,20,5,1,652,200,0,0,30.67484662576687,258.605,187.84,70.765,14153,14124,489,35,0,11,32,0,0,0,0,0,273,8405,734822,1362.181693999959,39.90479600001345,2.089235726993802,0.6783454754601227,0.4263463711217069,652,20864,35,0,0,0,25,12,29,81,81,187,0.056240660995430486,cascade,warehouse-32-dock4/restart,1410.3351860000002
warehouse,32,200,inf,23,hungarian,pp,20,5,1,620,200,0,0,32.25806451612903,263.79,191.095,72.695,14539,14149,508,23,0,9,22,0,0,0,0,0,254,7999,702387,1180.3508150000307,23.804038000005676,1.9037916370968238,0.7328125,0.4299025783167013,620,19840,23,0,0,0,19,11,21,69,69,98,0.06606132913529889,cascade,warehouse-32-dock4/restart,1238.9269220000024
warehouse,32,200,inf,24,hungarian,pp,20,5,1,685,200,0,0,29.197080291970803,278.69,204.565,74.125,14825,14828,505,8,0,11,7,0,0,0,0,0,263,7988,646683,1006.5222590000194,20.376400999990437,1.46937556058397,0.6763229927007299,0.4809649730494042,685,21920,8,0,0,0,24,13,28,70,70,78,0.10332611392419888,cascade,warehouse-32-dock4/restart,1051.0577090000006
warehouse,32,200,inf,25,hungarian,pp,20,5,1,630,200,0,0,31.746031746031747,264.39,192.01,72.38,14476,14172,386,15,0,9,12,0,0,0,0,0,259,7821,663202,1104.917975999957,41.80649300001096,1.753838057142789,0.7180555555555556,0.42039767965256125,630,20160,15,0,0,0,26,14,23,69,69,142,0.07016731241364038,cascade,warehouse-32-dock4/restart,1161.745436000001
warehouse,32,200,inf,26,hungarian,pp,20,5,1,550,200,0,0,36.36363636363637,264.34,190.785,73.555,14711,14334,458,8,0,6,9,0,0,0,0,0,251,7920,751704,1140.2057809999787,47.21414500005267,2.0731014199999613,0.8358522727272727,0.3719574193362278,550,17600,8,0,0,0,8,11,24,78,78,5,0.06549647872485284,cascade,warehouse-32-dock4/restart,1196.5359690000005
warehouse,32,200,inf,27,hungarian,pp,20,5,1,535,200,0,0,37.38317757009346,260.09,188.5,71.59,14318,13530,409,6,0,7,5,0,0,0,0,0,219,6811,627444,906.715779000031,27.42859700002009,1.6947958485981889,0.8363317757009345,0.33234038053958936,535,17120,6,0,0,0,9,11,23,85,85,32,0.07558924372773629,cascade,warehouse-32-dock4/restart,963.2023420000005
warehouse,32,200,inf,28,hungarian,pp,20,5,1,513,200,0,0,38.98635477582846,250.365,180.325,70.04,14008,13377,329,5,0,4,10,0,0,0,0,0,222,7031,635599,1012.1530449999918,29.22904999999446,1.9730078849902375,0.8533138401559455,0.34789338783728446,513,16416,5,0,0,0,15,9,18,47,47,5,0.07842244053501699,cascade,warehouse-32-dock4/restart,1054.1751729999996
warehouse,32,200,inf,29,hungarian,pp,20,5,1,578,200,0,0,34.602076124567475,271.28,197.015,74.265,14853,14516,426,10,0,8,9,0,0,0,0,0,239,7447,719903,1054.2366430000366,19.8262310000282,1.8239388287197864,0.8030384948096886,0.32769077972404337,578,18496,10,0,0,0,20,11,33,77,77,79,0.08811142165027691,cascade,warehouse-32-dock4/restart,1104.256745999999
warehouse,32,200,inf,30,hungarian,pp,20,5,1,581,200,0,0,34.42340791738382,261.07,188.395,72.675,14535,14341,316,2,0,5,2,0,0,0,0,0,249,7744,618397,1021.0157149999759,59.511817999951745,1.7573420223751737,0.7817878657487092,0.3693080362320259,581,18592,2,0,0,0,30,11,20,86,86,4,0.0911501124717296,cascade,warehouse-32-dock4/restart,1072.3555390000001
warehouse,32,200,inf,1,hungarian,pp,20,5,1,1205,15,185,1,1.2448132780082988,65.93333333333334,13.333333333333334,52.6,789,9501,28037,0,6,0,2663,0,0,0,0,0,254,10669,2526892,3338.7939790000164,5.894456999969407,2.7707833850622543,0.7443205394190872,0.2561754174091017,1205,38560,0,0,0,6,1001,1161,1161,1180,1180,0,0.000007015575101850392,cascade,warehouse-32-dock4/static,3386.8682229999977
warehouse,32,200,inf,2,hungarian,pp,20,5,1,1118,16,184,1,1.4311270125223614,53.5625,3.125,50.4375,807,10835,24176,0,6,0,2165,0,0,0,0,0,240,9766,2293414,3192.703224000001,23.61712300000727,2.8557273917710204,0.720371198568873,0.2513842838424329,1118,35776,0,0,0,6,1001,1088,1065,1082,1082,0,0.000012237009597768501,cascade,warehouse-32-dock4/static,3234.7765930000023
warehouse,32,200,inf,3,hungarian,pp,20,5,1,1074,13,187,1,1.2104283054003724,52.07692307692308,0.7692307692307693,51.30769230769231,667,8391,25456,0,3,0,2294,0,0,0,0,0,227,9625,2133107,2865.8489800000025,3.3907259999941743,2.668388249534453,0.7260533054003724,0.32033957806227625,1074,34368,0,0,0,3,1001,1038,1038,1045,1045,0,0.0001310802569647741,cascade,warehouse-32-dock4/static,2901.368158000001
warehouse,32,200,inf,4,hungarian,pp,20,5,1,1128,18,182,1,1.5957446808510638,54.77777777777778,3.3333333333333335,51.44444444444444,926,8561,27228,0,0,0,2365,0,0,0,0,0,238,10216,2195660,3144.938084999969,6.156218000040099,2.7880656781914617,0.7619126773049646,0.3296640117250673,1128,36096,0,0,0,0,1001,1088,1088,1090,1090,0,0.015456076435937457,cascade,warehouse-32-dock4/static,3187.524501
warehouse,32,200,inf,5,hungarian,pp,20,5,1,1232,20,180,1,1.6233766233766234,72.2,12.75,59.45,1189,9895,28147,0,6,0,2237,0,0,0,0,0,267,10791,2313738,2994.5107809999936,27.948647000011988,2.4306094001623326,0.745408887987013,0.25583473804817547,1232,39424,0,0,0,6,1001,1177,1177,1195,1195,0,0.00010918265153102118,cascade,warehouse-32-dock4/static,3033.026438000001
warehouse,32,200,inf,6,hungarian,pp,20,5,1,1101,19,181,1,1.7257039055404177,55.36842105263158,4.631578947368421,50.73684210526316,964,10366,24152,0,3,0,2293,0,0,0,0,0,239,10076,2322253,3428.8663270000143,6.036485999989964,3.1143200063578695,0.7217302452316077,0.3009998186433948,1101,35232,0,0,0,3,1001,1045,1045,1068,1068,0,0.0003702461676710479,cascade,warehouse-32-dock4/static,3468.977286000001
warehouse,32,200,inf,7,hungarian,pp,20,5,1,1118,14,186,1,1.2522361359570662,53.785714285714285,0.7142857142857143,53.07142857142857,743,8973,25985,0,4,0,1978,0,0,0,0,0,238,9519,2096943,2597.313012999977,5.798778999989736,2.323178008050069,0.7446612254025045,0.2809308717687527,1118,35776,0,0,0,4,1001,1082,1082,1099,1099,0,0.0004286930350638592,cascade,warehouse-32-dock4/static,2643.885448000001
warehouse,32,200,inf,8,hungarian,pp,20,5,1,1172,18,182,1,1.5358361774744027,60.333333333333336,6.555555555555555,53.77777777777778,968,8387,27568,0,7,0,2621,0,0,0,0,0,250,10569,2213226,2698.405278000013,6.1879879999942204,2.3023935819112737,0.7265891638225256,0.2764845085842102,1172,37504,0,0,0,7,1001,1142,1142,1144,1144,0,0.0000690323347256504,cascade,warehouse-32-dock4/static,2740.92584
warehouse,32,200,inf,9,hungarian,pp,20,5,1,1118,14,186,1,1.2522361359570662,55.92857142857143,4.285714285714286,51.642857142857146,723,5988,29325,0,2,0,3009,0,0,0,0,0,234,10714,2207278,3033.239747999967,4.43274599999495,2.713094586762046,0.7562891323792487,0.3927883042396351,1118,35776,0,0,0,2,1001,1087,1087,1091,1091,0,0.0004474517922887052,cascade,warehouse-32-dock4/static,3077.644081999999
warehouse,32,200,inf,10,hungarian,pp,20,5,1,1090,12,188,1,1.1009174311926606,54.916666666666664,0.8333333333333334,54.083333333333336,649,7704,26517,0,4,0,2491,0,0,0,0,0,231,10246,2179428,3271.136552000018,3.899089999998978,3.0010427082568976,0.7206995412844037,0.32364636918854434,1090,34880,0,0,0,4,1001,1054,1054,1070,1070,0,0.00014483348355307565,cascade,warehouse-32-dock4/static,3319.3016480000006
warehouse,32,200,inf,11,hungarian,pp,20,5,1,1102,16,184,1,1.4519056261343013,60.75,4.3125,56.4375,903,8763,25812,0,4,0,1919,0,0,0,0,0,237,9675,2137711,3163.3279640000146,5.0276839999969525,2.870533542649741,0.7275975499092558,0.30870681605405725,1102,35264,0,0,0,4,1001,1048,1048,1074,1074,0,0.0002572866287137653,cascade,warehouse-32-dock4/static,3213.7788669999973
warehouse,32,200,inf,12,hungarian,pp,20,5,1,1097,17,183,1,1.5496809480401095,50.76470588235294,2.764705882352941,48,816,6991,27577,0,2,0,2410,0,0,0,0,0,235,9951,2112512,3325.23204000001,30.250023000025976,3.0312051412944485,0.7237067000911577,0.3318950466579231,1097,35104,0,0,0,2,1001,1065,1065,1075,1075,0,0.00011181459017492573,cascade,warehouse-32-dock4/static,3368.425768000001
warehouse,32,200,inf,13,hungarian,pp,20,5,1,1072,11,189,1,1.0261194029850746,52.09090909090909,0.9090909090909091,51.18181818181818,563,8300,25454,0,4,0,2050,0,0,0,0,0,226,9653,2311627,3315.2055640000326,4.854599999998754,3.092542503731374,0.7270580690298507,0.26925005899971344,1072,34304,0,0,0,4,1001,1042,1042,1051,1051,0,0.00009110016804602411,cascade,warehouse-32-dock4/static,3359.313943000001
warehouse,32,200,inf,14,hungarian,pp,20,5,1,1076,12,188,1,1.1152416356877324,49.583333333333336,0.4166666666666667,49.166666666666664,590,7944,26039,0,2,0,2100,0,0,0,0,0,226,9307,2110921,3228.4255559999838,5.625061000002461,3.000395498141249,0.7279565520446096,0.30782515143229816,1076,34432,0,0,0,2,1001,1050,1050,1052,1052,0,0.00007762884833399609,cascade,warehouse-32-dock4/static,3259.629223
warehouse,32,200,inf,15,hungarian,pp,20,5,1,1098,14,186,1,1.2750455373406193,55.357142857142854,3.357142857142857,52,728,8644,25874,0,3,0,2720,0,0,0,0,0,235,10603,2430308,3191.8840729999974,4.108182999985729,2.90699824499089,0.7526753187613844,0.2753374496411218,1098,35136,0,0,0,3,1001,1058,1058,1073,1073,0,0.00013098610956675553,cascade,warehouse-32-dock4/static,3239.4925140000014
warehouse,32,200,inf,16,hungarian,pp,20,5,1,1095,18,182,1,1.643835616438356,53.833333333333336,5.833333333333333,48,864,8322,26025,0,6,0,2145,0,0,0,0,0,236,9639,2290414,3478.754465999933,4.633256999997684,3.176944717808158,0.7232020547945206,0.31605463121962085,1095,35040,0,0,0,6,1001,1058,1058,1075,1075,0,0.00005639219824703093,cascade,warehouse-32-dock4/static,3539.9960500000016
warehouse,32,200,inf,17,hungarian,pp,20,5,1,1084,16,184,1,1.4760147601476015,52.75,2.5,50.25,804,8965,24929,0,4,0,2018,0,0,0,0,0,231,9333,2061858,3103.409253000009,8.8087990000422,2.8629236651291596,0.7248904520295203,0.28680262546773044,1084,34688,0,0,0,4,1001,1048,1048,1057,1057,0,0.00009258893207133057,cascade,warehouse-32-dock4/static,3160.4642989999993
warehouse,32,200,inf,18,hungarian,pp,20,5,1,1074,12,188,1,1.1173184357541899,53.333333333333336,1.25,52.083333333333336,625,9411,24668,0,2,0,2073,0,0,0,0,0,225,9500,2243244,3476.378502000025,9.625748999998905,3.236851491620135,0.7317853817504656,0.2840711193203664,1074,34368,0,0,0,2,1001,1034,1034,1045,1045,0,0.00006723015141306993,cascade,warehouse-32-dock4/static,3548.6950800000013
warehouse,32,200,inf,19,hungarian,pp,20,5,1,1081,11,189,1,1.0175763182238668,51.54545454545455,5.545454545454546,46,506,9878,24223,0,3,0,1912,0,0,0,0,0,227,9172,2044155,2889.0936949999923,4.011709000038536,2.6726121137835266,0.7256302035152636,0.27708020492919816,1081,34592,0,0,0,3,1001,1055,1055,1066,1066,0,0.00023836982641871254,cascade,warehouse-32-dock4/static,2926.1659770000006
warehouse,32,200,inf,20,hungarian,pp,20,5,1,1101,15,185,1,1.3623978201634876,54.53333333333333,3,51.53333333333333,773,8585,26303,0,4,0,2340,0,0,0,0,0,235,9846,2197834,2680.2555990000146,16.14339499999187,2.4343829237057353,0.7308980472297911,0.2990375162966118,1101,35232,0,0,0,4,1001,1069,1069,1082,1082,0,0.00015369954109762228,cascade,warehouse-32-dock4/static,2724.5484179999985
warehouse,32,200,inf,21,hungarian,pp,20,5,1,1106,16,184,1,1.4466546112115732,52.6875,2.1875,50.5,808,8442,26295,0,5,0,2312,0,0,0,0,0,236,10000,2220709,2886.192745999997,5.805007000009937,2.60957752802893,0.7220840867992767,0.3116197121842854,1106,35392,0,0,0,5,1001,1056,1056,1081,1081,0,0.000029426360880848844,cascade,warehouse-32-dock4/static,2925.927152999997
warehouse,32,200,inf,22,hungarian,pp,20,5,1,1082,17,183,1,1.5711645101663585,52.705882352941174,4.647058823529412,48.05882352941177,817,9806,24009,0,5,0,2304,0,0,0,0,0,236,9951,2339049,3338.349194000046,7.827518000045529,3.0853504565619647,0.7218692236598891,0.24089570184954326,1082,34624,0,0,0,5,1001,1026,1026,1055,1055,0,0.000061031936858236706,cascade,warehouse-32-dock4/static,3380.437681000003
warehouse,32,200,inf,23,hungarian,pp,20,5,1,1094,17,183,1,1.5539305301645339,53.529411764705884,0.5882352941176471,52.94117647058823,900,7398,27170,0,3,0,2283,0,0,0,0,0,234,9741,2125245,3307.286618000049,5.757425999981933,3.0231139104205202,0.7283763711151737,0.34528315036731,1094,35008,0,0,0,3,1001,1048,1048,1069,1069,0,0.00018729558699366556,cascade,warehouse-32-dock4/static,3361.5454830000017
warehouse,32,200,inf,24,hungarian,pp,20,5,1,1153,17,183,1,1.4744145706851692,59.23529411764706,9.470588235294118,49.76470588235294,846,9072,27352,0,3,0,2452,0,0,0,0,0,247,10545,2606210,3848.276500999931,5.990997000037169,3.3376205559409637,0.757263660017346,0.30342865260705454,1153,36896,0,0,0,3,1001,1109,1109,1124,1124,0,0.00021510406155767544,cascade,warehouse-32-dock4/static,3883.735665
warehouse,32,200,inf,25,hungarian,pp,20,5,1,1101,16,184,1,1.4532243415077202,55.3125,2.8125,52.5,840,7178,27500,0,3,0,1893,0,0,0,0,0,235,10026,2370573,3321.3695579999985,5.837631000045803,3.0166844305177096,0.7264134877384196,0.3252452987318037,1101,35232,0,0,0,3,1001,1071,1071,1078,1078,0,0.0002679373651790903,cascade,warehouse-32-dock4/static,3359.990631000004
warehouse,32,200,inf,26,hungarian,pp,20,5,1,1091,14,186,1,1.2832263978001832,54.57142857142857,0.35714285714285715,54.214285714285715,759,8324,25950,0,3,0,2125,0,0,0,0,0,231,9631,2068649,2902.7769690000387,21.083915000046545,2.660657166819467,0.7215857011915674,0.36152580859422334,1091,34912,0,0,0,3,1001,1042,1054,1069,1069,0,0.00009647872485641943,cascade,warehouse-32-dock4/static,2957.645859
warehouse,32,200,inf,27,hungarian,pp,20,5,1,1198,19,181,1,1.5859766277128549,69.6842105263158,19.36842105263158,50.31578947368421,956,10574,26958,0,4,0,2288,0,0,0,0,0,259,10569,2400826,3889.583644000002,5.808957000012015,3.246730921535895,0.7563126043405676,0.19847436285742043,1198,38336,0,0,0,4,1001,1150,1150,1177,1177,0,0.000050413906767877574,cascade,warehouse-32-dock4/static,3988.333496999996
warehouse,32,200,inf,28,hungarian,pp,20,5,1,1071,11,189,1,1.0270774976657329,52.45454545454545,0.9090909090909091,51.54545454545455,567,8411,25485,0,2,0,2265,0,0,0,0,0,224,9433,2098882,3375.823043999979,5.856943000035244,3.152028985994378,0.729079131652661,0.3338733768703163,1071,34272,0,0,0,2,1001,1039,1039,1050,1050,0,0.000059131558616628676,cascade,warehouse-32-dock4/static,3427.449970999998
warehouse,32,200,inf,29,hungarian,pp,20,5,1,1375,19,181,1,1.3818181818181818,108.10526315789474,57.1578947368421,50.94736842105263,968,10361,31005,0,8,0,2450,0,0,0,0,0,297,11820,2584186,3992.309769000003,5.926871000010578,2.9034980138181843,0.7197272727272728,0.17476369524828872,1375,44000,0,0,0,8,1001,1329,1327,1341,1341,3,0.000036513645768948306,cascade,warehouse-32-dock4/static,4037.675972000001
warehouse,32,200,inf,30,hungarian,pp,20,5,1,1071,10,190,1,0.9337068160597572,49.4,0,49.4,494,8582,25387,0,1,0,2266,0,0,0,0,0,221,9433,2112358,3439.279041999951,4.666482000007818,3.211278283846826,0.7277952847805789,0.36003132917574665,1071,34272,0,0,0,1,1001,1033,1033,1044,1044,0,0.0008546258013737785,cascade,warehouse-32-dock4/static,3485.2335109999985
small,8,100,inf,1,hungarian,pp,20,5,1,518,100,0,0,19.305019305019304,245.3,217.01,28.29,2829,2542,198,0,0,0,1,0,0,0,0,0,175,1389,217261,488.1168769999349,8.536984999998822,0.9423105733589476,0.6826737451737451,0.437285692006982,518,4144,0,0,0,0,16,12,25,81,81,0,0.2313678605901119,cascade,small-8/cascade,508.28457800000615
small,8,100,inf,2,hungarian,pp,20,5,1,530,100,0,0,18.867924528301888,244.93,216.63,28.3,2830,2649,172,0,0,0,0,0,0,0,0,0,172,1364,201280,406.01980499993806,3.9235869999756687,0.766075103773468,0.6674528301886793,0.3944167567332315,530,4240,0,0,0,0,11,8,15,58,58,5,0.18864802762773017,cascade,small-8/cascade,413.5271300000022
small,8,100,inf,3,hungarian,pp,20,5,1,475,100,0,0,21.05263157894737,235.9,208.86,27.04,2704,2441,199,0,0,1,0,0,0,0,0,0,162,1268,206298,392.53566499998124,3.7487139999793726,0.8263908736841711,0.7115789473684211,0.37607031846393685,475,3800,0,0,0,0,9,9,18,58,58,1,0.18453108025696363,cascade,small-8/cascade,406.5300120000029
small,8,100,inf,4,hungarian,pp,20,5,1,491,100,0,0,20.36659877800407,230.01,203.31,26.7,2670,2395,254,0,0,1,0,0,0,0,0,0,172,1343,226704,435.40325600004144,4.111412000071141,0.8867683421589438,0.679735234215886,0.38232115646398535,491,3928,0,0,0,0,14,12,27,61,61,1,0.16929574423879593,cascade,small-8/cascade,443.6869529999967
small,8,100,inf,5,hungarian,pp,20,5,1,553,100,0,0,18.083182640144667,254.42,227.64,26.78,2678,2482,245,0,0,1,0,0,0,0,0,0,175,1370,201864,358.28464499990514,3.752955000032671,0.6478926672692679,0.6053345388788427,0.461060538523253,553,4424,0,0,0,0,15,13,43,142,142,4,0.19596860062014484,cascade,small-8/cascade,372.0531740000006
small,8,100,inf,6,hungarian,pp,20,5,1,523,100,0,0,19.120458891013385,260.22,232.42,27.8,2780,2452,241,0,0,2,1,0,0,0,0,0,176,1353,208675,263.8003200000094,12.005650000020978,0.5043983173996355,0.6644359464627151,0.40948574891838163,523,4184,0,0,0,0,15,18,34,101,101,4,0.1566689207689848,cascade,small-8/cascade,272.8934239999944
small,8,100,inf,7,hungarian,pp,20,5,1,548,100,0,0,18.248175182481752,257.13,229.7,27.43,2743,2570,168,0,0,1,1,0,0,0,0,0,177,1370,191381,363.3501890000334,3.9132779999708873,0.6630477901460464,0.625684306569343,0.441020257764989,548,4384,0,0,0,0,14,8,17,87,87,1,0.16025237657651398,cascade,small-8/cascade,381.5034419999938
small,8,100,inf,8,hungarian,pp,20,5,1,528,100,0,0,18.939393939393938,265.18,235.56,29.62,2962,2655,244,0,0,1,0,0,0,0,0,0,179,1386,220468,459.334563999917,7.799816000035207,0.8699518257574186,0.7012310606060606,0.4208305320921857,528,4224,0,0,0,0,12,14,30,68,68,1,0.17914758492168115,cascade,small-8/cascade,471.96108499999536
small,8,100,inf,9,hungarian,pp,20,5,1,528,100,0,0,18.939393939393938,258.2,229.15,29.05,2905,2647,253,0,0,2,0,0,0,0,0,0,171,1344,225806,341.2144980000521,8.759065000042028,0.6462395795455532,0.6877367424242424,0.4736135147279399,528,4224,0,0,0,0,16,11,26,64,64,2,0.17928305335492176,cascade,small-8/cascade,350.56903800000146
small,8,100,inf,10,hungarian,pp,20,5,1,513,100,0,0,19.49317738791423,253.44,225.3,28.14,2814,2558,248,0,0,0,1,0,0,0,0,0,168,1335,218583,234.44315899995854,3.814280999984476,0.45700420857691726,0.685672514619883,0.3981319924469842,513,4104,0,0,0,0,15,10,33,116,116,0,0.20558064374719157,cascade,small-8/cascade,243.3395309999978
small,8,100,inf,11,hungarian,pp,20,5,1,508,100,0,0,19.68503937007874,242.22,213.26,28.96,2896,2598,258,0,0,1,2,0,0,0,0,0,180,1409,230665,379.28476100001717,16.313591000027373,0.7466235452756244,0.7125984251968503,0.4158962702247583,508,4064,0,0,0,0,14,16,35,101,101,1,0.15821308069564535,cascade,small-8/cascade,387.8950390000027
small,8,100,inf,12,hungarian,pp,20,5,1,578,100,0,0,17.301038062283737,276.37,247.81,28.56,2856,2618,263,0,0,2,1,0,0,0,0,0,193,1498,233478,416.97448400001304,8.576372000025003,0.7214091418685347,0.6176470588235294,0.3856958395951007,578,4624,0,0,0,0,15,18,25,74,74,20,0.17367545677386348,cascade,small-8/cascade,430.25202599999466
small,8,100,inf,13,hungarian,pp,20,5,1,523,100,0,0,19.120458891013385,253.73,224.5,29.23,2923,2632,194,0,0,2,0,0,0,0,0,0,173,1305,206332,455.2426199999827,4.3520770000322955,0.8704447801146897,0.6986137667304015,0.33793271391112656,523,4184,0,0,0,0,16,13,25,59,59,68,0.1562037254771234,cascade,small-8/cascade,468.33324300000095
small,8,100,inf,14,hungarian,pp,20,5,1,464,100,0,0,21.551724137931036,230.46,204.08,26.38,2638,2402,157,0,0,0,1,0,0,0,0,0,157,1250,197338,387.56218200004514,3.8398960000049556,0.8352633232759593,0.7106681034482759,0.35706640308362275,464,3712,0,0,0,0,9,9,13,40,40,0,0.21095335624590794,cascade,small-8/cascade,396.1367850000024
small,8,100,inf,15,hungarian,pp,20,5,1,543,100,0,0,18.41620626151013,246.06,219.68,26.38,2638,2361,220,0,0,0,0,0,0,0,0,0,171,1356,198137,249.96837800003414,3.7388970000320114,0.4603469208103759,0.6072744014732965,0.3815339616281731,543,4344,0,0,0,0,16,12,41,130,130,0,0.2343200128428677,cascade,small-8/cascade,258.2052399999957
small,8,100,inf,16,hungarian,pp,20,5,1,509,100,0,0,19.64636542239686,242.21,214.82,27.39,2739,2481,181,0,0,0,0,0,0,0,0,0,170,1344,203294,239.81802000002062,4.812367999962589,0.4711552455796083,0.6726424361493124,0.3830378399736053,509,4072,0,0,0,0,15,7,25,103,103,0,0.21444317064285656,cascade,small-8/cascade,247.83893499999976
small,8,100,inf,17,hungarian,pp,20,5,1,555,100,0,0,18.01801801801802,269.72,240.87,28.85,2885,2638,221,0,0,1,0,0,0,0,0,0,180,1409,226278,460.51806099989335,4.121011000039289,0.8297622720718799,0.6497747747747747,0.4000902294770625,555,4440,0,0,0,0,12,18,33,90,90,5,0.19109258893206907,cascade,small-8/cascade,472.6151069999978
small,8,100,inf,18,hungarian,pp,20,5,1,543,100,0,0,18.41620626151013,271.95,241.11,30.84,3084,2616,343,0,0,0,2,0,0,0,0,0,182,1439,248377,448.36497699999745,5.081536999983655,0.8257181896869198,0.7099447513812155,0.3789502454649934,543,4344,0,0,0,0,16,16,59,114,114,0,0.21768099411986883,cascade,small-8/cascade,457.11382700000104
small,8,100,inf,19,hungarian,pp,20,5,1,589,100,0,0,16.97792869269949,286.5,256.39,30.11,3011,2686,253,0,0,1,0,0,0,0,0,0,179,1395,208879,449.91177799999423,8.70587400005752,0.7638570084889545,0.6390067911714771,0.46275154483300196,589,4712,0,0,0,0,16,16,37,128,128,2,0.19407210961934246,cascade,small-8/cascade,466.73997999999847
small,8,100,inf,20,hungarian,pp,20,5,1,492,100,0,0,20.32520325203252,250.64,222.84,27.8,2780,2452,239,0,0,0,0,0,0,0,0,0,166,1308,211743,227.9509349998989,5.548460999983945,0.46331490853637985,0.7063008130081301,0.42057067526199765,492,3936,0,0,0,0,15,16,34,72,72,0,0.3262977226400807,cascade,small-8/cascade,235.6076150000008
small,8,100,inf,21,hungarian,pp,20,5,1,519,100,0,0,19.26782273603083,253.37,225.09,28.28,2828,2652,198,0,0,0,0,0,0,0,0,0,176,1386,210870,413.96043300000747,8.091420999960974,0.797611624277471,0.6811175337186898,0.3890982739455104,519,4152,0,0,0,0,13,28,35,82,82,0,0.20664201566018314,cascade,small-8/cascade,432.1832159999976
small,8,100,inf,22,hungarian,pp,20,5,1,584,100,0,0,17.123287671232877,263.16,235.14,28.02,2802,2615,206,0,0,1,2,0,0,0,0,0,180,1422,198749,231.65408899998147,4.114778999995906,0.39666796061640663,0.5997431506849316,0.3763888638063385,584,4672,0,0,0,0,16,14,27,63,63,4,0.18678996557444563,cascade,small-8/cascade,239.74713200000406
small,8,100,inf,23,hungarian,pp,20,5,1,563,100,0,0,17.761989342806395,264.08,234.74,29.34,2934,2708,237,0,0,1,0,0,0,0,0,0,182,1401,227275,299.3553309999479,3.6354389999905834,0.5317146198933356,0.6514209591474245,0.40149724233770223,563,4504,0,0,0,0,14,11,57,147,147,1,0.16736133252643115,cascade,small-8/cascade,312.3761169999998
small,8,100,inf,24,hungarian,pp,20,5,1,548,100,0,0,18.248175182481752,255.58,227.79,27.79,2779,2461,250,0,0,0,1,0,0,0,0,0,178,1421,215297,381.693389,14.233302000007825,0.6965207828467154,0.6338959854014599,0.3349114823359577,548,4384,0,0,0,0,16,15,30,61,61,0,0.21335529488381197,cascade,small-8/cascade,393.87962100000004
small,8,100,inf,25,hungarian,pp,20,5,1,538,100,0,0,18.587360594795538,254.69,229.44,25.25,2525,2400,165,0,0,0,0,0,0,0,0,0,177,1404,190591,343.4488260000071,3.798960000000079,0.6383807174721322,0.5866635687732342,0.4026850374439781,538,4304,0,0,0,0,12,8,15,40,40,0,0.26434741014000696,cascade,small-8/cascade,354.4805259999994
small,8,100,inf,26,hungarian,pp,20,5,1,484,100,0,0,20.66115702479339,245.65,217.95,27.7,2770,2466,196,0,0,0,0,0,0,0,0,0,163,1296,201026,407.7578340000546,3.9390589999820804,0.8424748636364764,0.7153925619834711,0.4606654163924082,484,3872,0,0,0,0,16,17,19,50,50,0,0.25042753051538647,cascade,small-8/cascade,427.8289399999994
small,8,100,inf,27,hungarian,pp,20,5,1,534,100,0,0,18.726591760299627,259.02,231.43,27.59,2759,2498,201,0,0,2,1,0,0,0,0,0,175,1342,206473,288.6697189999759,3.6687879999153665,0.5405799981272956,0.6458333333333334,0.38942042110914304,534,4272,0,0,0,0,13,8,30,90,90,2,0.1695695324089404,cascade,small-8/cascade,296.51937299999554
small,8,100,inf,28,hungarian,pp,20,5,1,514,100,0,0,19.455252918287936,250.3,221.86,28.44,2844,2532,251,0,0,0,0,0,0,0,0,0,173,1372,224273,252.5144280000677,4.202599999989616,0.49127320622581266,0.6916342412451362,0.3746793893512844,514,4112,0,0,0,0,16,12,34,118,118,0,0.24358743798826174,cascade,small-8/cascade,260.5625780000046
small,8,100,inf,29,hungarian,pp,20,5,1,513,100,0,0,19.49317738791423,247.39,220.39,27,2700,2487,228,0,0,0,0,0,0,0,0,0,177,1399,220619,395.8411629999173,10.325430000048073,0.7716202007795658,0.6578947368421053,0.2947585668828612,513,4104,0,0,0,0,15,15,38,117,117,4,0.1787060124395423,cascade,small-8/cascade,407.95945900000515
small,8,100,inf,30,hungarian,pp,20,5,1,568,100,0,0,17.6056338028169,242.52,214.66,27.86,2786,2657,193,0,0,1,0,0,0,0,0,0,184,1437,201641,328.28332699999737,3.7578579999753856,0.5779636038732348,0.6131161971830986,0.45520607003921637,568,4544,0,0,0,0,15,16,18,60,60,2,0.19735011247173112,cascade,small-8/cascade,338.8002669999987
small,8,100,inf,1,hungarian,pp,20,5,1,550,100,0,0,18.181818181818183,250.93,222.43,28.5,2850,2568,234,3,0,0,2,0,0,0,0,0,179,1422,207626,252.23438099998748,3.5821690000011586,0.4586079654545227,0.6477272727272727,0.4282856920069825,550,4400,3,0,0,0,16,12,27,80,80,0,0.21856786059011116,cascade,small-8/none,262.1474550000057
small,8,100,inf,2,hungarian,pp,20,5,1,530,100,0,0,18.867924528301888,244.93,216.63,28.3,2830,2649,172,0,0,0,0,0,0,0,0,0,172,1364,201280,374.9635480000579,6.89107499999227,0.7074783924529395,0.6674528301886793,0.3944167567332315,530,4240,0,0,0,0,11,8,15,58,58,5,0.18864802762773017,cascade,small-8/none,405.2066210000048
small,8,100,inf,3,hungarian,pp,20,5,1,475,100,0,0,21.05263157894737,235.9,208.86,27.04,2704,2441,199,0,0,1,0,0,0,0,0,0,162,1268,206298,343.4217430000499,3.6783329999962007,0.7229931431579998,0.7115789473684211,0.37607031846393685,475,3800,0,0,0,0,9,9,18,58,58,1,0.18453108025696363,cascade,small-8/none,350.51834300000337
small,8,100,inf,4,hungarian,pp,20,5,1,491,100,0,0,20.36659877800407,230.01,203.31,26.7,2670,2395,254,0,0,1,0,0,0,0,0,0,172,1343,226704,260.89001299996744,3.751470999995945,0.5313442219958604,0.679735234215886,0.38232115646398535,491,3928,0,0,0,0,14,12,27,61,61,1,0.16929574423879593,cascade,small-8/none,268.09669199999917
small,8,100,inf,5,hungarian,pp,20,5,1,553,100,0,0,18.083182640144667,254.42,227.64,26.78,2678,2482,245,0,0,1,0,0,0,0,0,0,175,1370,201864,390.67653600004996,3.9175230000109877,0.7064675153707956,0.6053345388788427,0.461060538523253,553,4424,0,0,0,0,15,13,43,142,142,4,0.19596860062014484,cascade,small-8/none,420.4315759999954
small,8,100,inf,6,hungarian,pp,20,5,1,548,100,0,0,18.248175182481752,261.64,232.66,28.98,2898,2451,292,9,0,2,6,0,0,0,0,0,181,1377,218552,285.71338300000207,3.320679999953427,0.5213747864963542,0.6610401459854015,0.4741357489183821,548,4384,9,0,0,0,15,21,31,118,118,1,0.18397177329957776,cascade,small-8/none,295.23253000000113
small,8,100,inf,7,hungarian,pp,20,5,1,563,100,0,0,17.761989342806395,258.66,230.67,27.99,2799,2578,206,6,0,1,6,0,0,0,0,0,181,1400,196780,353.81723900004727,23.792140000012296,0.6284498028420022,0.6214476021314387,0.4385202577649892,563,4504,6,0,0,0,16,18,19,91,91,1,0.16025237657651398,cascade,small-8/none,360.9645870000022
small,8,100,inf,8,hungarian,pp,20,5,1,528,100,0,0,18.939393939393938,265.18,235.56,29.62,2962,2655,244,0,0,1,0,0,0,0,0,0,179,1386,220468,316.1759220000822,3.4940809999679914,0.5988180340910648,0.7012310606060606,0.4208305320921857,528,4224,0,0,0,0,12,14,30,68,68,1,0.17914758492168115,cascade,small-8/none,333.7799629999936
small,8,100,inf,9,hungarian,pp,20,5,1,528,100,0,0,18.939393939393938,258.2,229.15,29.05,2905,2647,253,0,0,2,0,0,0,0,0,0,171,1344,225806,342.9610119999852,3.5732670000361395,0.6495473712120932,0.6877367424242424,0.4736135147279399,528,4224,0,0,0,0,16,11,26,64,64,2,0.17928305335492176,cascade,small-8/none,350.96021699999983
small,8,100,inf,10,hungarian,pp,20,5,1,526,100,0,0,19.011406844106464,259.79,231,28.79,2879,2509,278,4,0,0,4,0,0,0,0,0,176,1384,226071,415.9242279999453,8.466420000011567,0.7907304714827857,0.6841730038022814,0.40043199244698474,526,4208,4,0,0,0,15,16,31,112,112,0,0.23818064374719375,cascade,small-8/none,435.8574510000035
small,8,100,inf,11,hungarian,pp,20,5,1,522,100,0,0,19.157088122605366,242.82,214.6,28.22,2822,2612,246,5,0,1,6,0,0,0,0,0,181,1403,221703,447.6248229999983,6.074279000007664,0.8575188180076595,0.6757662835249042,0.4311962702247585,522,4176,5,0,0,0,13,10,28,101,101,1,0.1718130806956457,cascade,small-8/none,465.21991899999557
small,8,100,inf,12,hungarian,pp,20,5,1,612,100,0,0,16.33986928104575,276.39,247.69,28.7,2870,2612,262,4,0,2,3,0,0,0,0,0,196,1520,231955,375.31412100001035,3.872514000024239,0.6132583676470758,0.5861928104575164,0.40289583959510156,612,4896,4,0,0,0,15,16,29,89,89,1,0.16907545677386387,cascade,small-8/none,402.5989649999974
small,8,100,inf,13,hungarian,pp,20,5,1,523,100,0,0,19.120458891013385,253.73,224.5,29.23,2923,2632,194,0,0,2,0,0,0,0,0,0,173,1305,206332,227.51291300000594,4.12927400002809,0.43501513001913183,0.6986137667304015,0.33793271391112656,523,4184,0,0,0,0,16,13,25,59,59,68,0.1562037254771234,cascade,small-8/none,235.8984049999999
small,8,100,inf,14,hungarian,pp,20,5,1,464,100,0,0,21.551724137931036,230.46,204.08,26.38,2638,2398,161,3,0,0,2,0,0,0,0,0,157,1249,196208,208.94287600003736,3.3079650000072434,0.45030792241387363,0.7106681034482759,0.35746640308362276,464,3712,3,0,0,0,9,9,13,40,40,0,0.21095335624590794,cascade,small-8/none,215.8738650000014
small,8,100,inf,15,hungarian,pp,20,5,1,543,100,0,0,18.41620626151013,246.06,219.68,26.38,2638,2361,220,0,0,0,0,0,0,0,0,0,171,1356,198137,351.5051050000329,5.295804999972461,0.6473390515654381,0.6072744014732965,0.3815339616281731,543,4344,0,0,0,0,16,12,41,130,130,0,0.2343200128428677,cascade,small-8/none,363.2652820000003
small,8,100,inf,16,hungarian,pp,20,5,1,509,100,0,0,19.64636542239686,242.21,214.82,27.39,2739,2481,181,0,0,0,0,0,0,0,0,0,170,1344,203294,358.2086309999431,3.581105000062962,0.7037497662081398,0.6726424361493124,0.3830378399736053,509,4072,0,0,0,0,15,7,25,103,103,0,0.21444317064285656,cascade,small-8/none,372.96938200000295
small,8,100,inf,17,hungarian,pp,20,5,1,555,100,0,0,18.01801801801802,269.72,240.87,28.85,2885,2638,221,0,0,1,0,0,0,0,0,0,180,1409,226278,439.247909000027,11.857758999976795,0.7914376738739225,0.6497747747747747,0.4000902294770625,555,4440,0,0,0,0,12,18,33,90,90,5,0.19109258893206907,cascade,small-8/none,446.88622300000134
small,8,100,inf,18,hungarian,pp,20,5,1,525,100,0,0,19.047619047619047,253.34,225.28,28.06,2806,2524,235,4,0,0,2,0,0,0,0,0,174,1374,208587,385.3066690000487,7.662980999950378,0.7339174647619976,0.6680952380952381,0.3917502454649934,525,4200,4,0,0,0,16,17,20,57,57,0,0.28646701978333855,cascade,small-8/none,393.5501890000014
small,8,100,inf,19,hungarian,pp,20,5,1,589,100,0,0,16.97792869269949,286.5,256.39,30.11,3011,2686,253,0,0,1,0,0,0,0,0,0,179,1395,208879,321.8927990000375,3.456419999944046,0.5465072988116086,0.6390067911714771,0.46275154483300196,589,4712,0,0,0,0,16,16,37,128,128,2,0.19407210961934246,cascade,small-8/none,332.2567040000067
small,8,100,inf,20,hungarian,pp,20,5,1,492,100,0,0,20.32520325203252,250.64,222.84,27.8,2780,2452,239,0,0,0,0,0,0,0,0,0,166,1308,211743,226.82541399992624,4.000913000025321,0.46102726422749235,0.7063008130081301,0.42057067526199765,492,3936,0,0,0,0,15,16,34,72,72,0,0.3262977226400807,cascade,small-8/none,234.74364600000263
small,8,100,inf,21,hungarian,pp,20,5,1,519,100,0,0,19.26782273603083,253.37,225.09,28.28,2828,2652,198,0,0,0,0,0,0,0,0,0,176,1386,210870,241.49779499999568,3.2819800000070245,0.4653136705202229,0.6811175337186898,0.3890982739455104,519,4152,0,0,0,0,13,28,35,82,82,0,0.20664201566018314,cascade,small-8/none,251.64934000000358
small,8,100,inf,22,hungarian,pp,20,5,1,568,100,0,0,17.6056338028169,261.54,233.45,28.09,2809,2565,223,6,0,0,4,0,0,0,0,0,175,1384,191663,296.69793799995387,14.701705000006768,0.5223555246478061,0.6181778169014085,0.3592388638063384,568,4544,6,0,0,0,16,16,21,49,49,2,0.1765899655744459,cascade,small-8/none,307.6317259999996
small,8,100,inf,23,hungarian,pp,20,5,1,563,100,0,0,17.761989342806395,264.08,234.74,29.34,2934,2708,237,0,0,1,0,0,0,0,0,0,182,1401,227275,439.86680299997533,13.138827000038873,0.7812909467139881,0.6514209591474245,0.40149724233770223,563,4504,0,0,0,0,14,11,57,147,147,1,0.16736133252643115,cascade,small-8/none,447.60046700000385
small,8,100,inf,24,hungarian,pp,20,5,1,548,100,0,0,18.248175182481752,255.58,227.79,27.79,2779,2459,252,1,0,0,2,0,0,0,0,0,178,1420,214177,358.55630000003293,3.5091900000043097,0.6542998175183082,0.6338959854014599,0.33511148233595767,548,4384,1,0,0,0,16,15,30,61,61,0,0.21335529488381197,cascade,small-8/none,369.4391850000029
small,8,100,inf,25,hungarian,pp,20,5,1,538,100,0,0,18.587360594795538,254.69,229.44,25.25,2525,2400,165,0,0,0,0,0,0,0,0,0,177,1404,190591,484.69875800004957,3.656888999939838,0.900927059479646,0.5866635687732342,0.4026850374439781,538,4304,0,0,0,0,12,8,15,40,40,0,0.26434741014000696,cascade,small-8/none,492.71562899999844
small,8,100,inf,26,hungarian,pp,20,5,1,484,100,0,0,20.66115702479339,245.65,217.95,27.7,2770,2466,196,0,0,0,0,0,0,0,0,0,163,1296,201026,221.6491659999665,3.842424999937066,0.4579528223139804,0.7153925619834711,0.4606654163924082,484,3872,0,0,0,0,16,17,19,50,50,0,0.25042753051538647,cascade,small-8/none,228.4218699999983
small,8,100,inf,27,hungarian,pp,20,5,1,534,100,0,0,18.726591760299627,259.02,231.43,27.59,2759,2498,201,0,0,2,1,0,0,0,0,0,175,1341,205968,410.8044949999676,3.5079599999589846,0.7692968071160441,0.6458333333333334,0.38942042110914304,534,4272,0,0,0,0,13,8,30,90,90,2,0.1695695324089404,cascade,small-8/none,427.49845300000015
small,8,100,inf,28,hungarian,pp,20,5,1,514,100,0,0,19.455252918287936,250.3,221.86,28.44,2844,2532,251,0,0,0,0,0,0,0,0,0,173,1372,224273,266.3032780000285,3.4291749999465537,0.5180997626459699,0.6916342412451362,0.3746793893512844,514,4112,0,0,0,0,16,12,34,118,118,0,0.24358743798826174,cascade,small-8/none,274.0690409999952
small,8,100,inf,29,hungarian,pp,20,5,1,513,100,0,0,19.49317738791423,247.39,220.39,27,2700,2487,228,0,0,0,0,0,0,0,0,0,177,1399,220619,281.1198959999092,6.026079000053869,0.5479919999998231,0.6578947368421053,0.2947585668828612,513,4104,0,0,0,0,15,15,38,117,117,4,0.1787060124395423,cascade,small-8/none,289.65913799999544
small,8,100,inf,30,hungarian,pp,20,5,1,568,100,0,0,17.6056338028169,242.52,214.66,27.86,2786,2657,193,0,0,1,0,0,0,0,0,0,184,1437,201641,320.68128399998386,3.7717589999956544,0.5645797253520842,0.6131161971830986,0.45520607003921637,568,4544,0,0,0,0,15,16,18,60,60,2,0.19735011247173112,cascade,small-8/none,333.2108539999972
small,8,100,inf,1,hungarian,pp,20,5,1,548,100,0,0,18.248175182481752,251.46,222.73,28.73,2873,2544,253,0,0,0,0,0,0,0,0,0,178,1420,210187,399.0914009999906,5.530912000031094,0.7282689799269901,0.6553375912408759,0.43108569200698255,548,4384,0,0,0,0,15,16,31,89,89,0,0.2253678605901116,cascade,small-8/restart,406.26276599999983
small,8,100,inf,2,hungarian,pp,20,5,1,530,100,0,0,18.867924528301888,244.93,216.63,28.3,2830,2649,172,0,0,0,0,0,0,0,0,0,172,1364,201280,280.93322300008003,3.4990600000310224,0.5300626849058114,0.6674528301886793,0.3944167567332315,530,4240,0,0,0,0,11,8,15,58,58,5,0.18864802762773017,cascade,small-8/restart,288.48872099999426
small,8,100,inf,3,hungarian,pp,20,5,1,475,100,0,0,21.05263157894737,235.9,208.86,27.04,2704,2441,199,0,0,1,0,0,0,0,0,0,162,1268,206298,379.6216770000392,3.9289280000375584,0.7992035305263984,0.7115789473684211,0.37607031846393685,475,3800,0,0,0,0,9,9,18,58,58,1,0.18453108025696363,cascade,small-8/restart,390.6752659999984
small,8,100,inf,4,hungarian,pp,20,5,1,491,100,0,0,20.36659877800407,230.01,203.31,26.7,2670,2395,254,0,0,1,0,0,0,0,0,0,172,1343,226704,289.2733839999928,3.4200260000143317,0.5891514949083356,0.679735234215886,0.38232115646398535,491,3928,0,0,0,0,14,12,27,61,61,1,0.16929574423879593,cascade,small-8/restart,297.48804999999993
small,8,100,inf,5,hungarian,pp,20,5,1,553,100,0,0,18.083182640144667,254.42,227.64,26.78,2678,2482,245,0,0,1,0,0,0,0,0,0,175,1370,201864,349.3598429999256,3.3400389999806066,0.631753784809992,0.6053345388788427,0.461060538523253,553,4424,0,0,0,0,15,13,43,142,142,4,0.19596860062014484,cascade,small-8/restart,361.0056889999978
small,8,100,inf,6,hungarian,pp,20,5,1,528,100,0,0,18.939393939393938,258.09,230.08,28.01,2801,2442,253,0,0,2,0,0,0,0,0,0,173,1330,205536,335.637731000068,6.402803999997559,0.6356775208334622,0.6631155303030303,0.4614857489183817,528,4224,0,0,0,0,15,18,23,82,82,2,0.1791717732995776,cascade,small-8/restart,345.39457600000605
small,8,100,inf,7,hungarian,pp,20,5,1,548,100,0,0,18.248175182481752,257.13,229.7,27.43,2743,2570,168,0,0,1,0,0,0,0,0,0,177,1371,191382,289.8984730000375,3.2447460000112187,0.529011812043864,0.625684306569343,0.441020257764989,548,4384,0,0,0,0,14,8,17,87,87,1,0.16025237657651398,cascade,small-8/restart,296.67603200000303
small,8,100,inf,8,hungarian,pp,20,5,1,528,100,0,0,18.939393939393938,265.18,235.56,29.62,2962,2655,244,0,0,1,0,0,0,0,0,0,179,1386,220468,319.1890000000494,7.492094999972323,0.6045246212122148,0.7012310606060606,0.4208305320921857,528,4224,0,0,0,0,12,14,30,68,68,1,0.17914758492168115,cascade,small-8/restart,329.44200999999885
small,8,100,inf,9,hungarian,pp,20,5,1,528,100,0,0,18.939393939393938,258.2,229.15,29.05,2905,2647,253,0,0,2,0,0,0,0,0,0,171,1344,225806,409.0764640000052,3.6300309999860474,0.7747660303030401,0.6877367424242424,0.4736135147279399,528,4224,0,0,0,0,16,11,26,64,64,2,0.17928305335492176,cascade,small-8/restart,416.8765710000007
small,8,100,inf,10,hungarian,pp,20,5,1,513,100,0,0,19.49317738791423,253.44,225.3,28.14,2814,2558,248,0,0,0,0,0,0,0,0,0,168,1336,218584,371.90734999995766,3.478221000004851,0.7249655945418279,0.685672514619883,0.3981319924469842,513,4104,0,0,0,0,15,10,33,116,116,0,0.20558064374719157,cascade,small-8/restart,380.0181239999947
small,8,100,inf,11,hungarian,pp,20,5,1,493,100,0,0,20.28397565922921,239.06,210.95,28.11,2811,2569,195,0,0,1,0,0,0,0,0,0,170,1330,214452,250.39294200009317,3.77406100002554,0.5078964340772681,0.7127281947261663,0.4503962702247579,493,3944,0,0,0,0,11,10,28,101,101,2,0.18761308069564545,cascade,small-8/restart,261.50512299999536
small,8,100,inf,12,hungarian,pp,20,5,1,578,100,0,0,17.301038062283737,276.37,247.81,28.56,2856,2616,262,0,0,2,0,0,0,0,0,0,193,1500,233966,354.6601810000211,3.7683990000150516,0.6135989290657805,0.6176470588235294,0.3858958395951007,578,4624,0,0,0,0,15,18,25,74,74,19,0.17367545677386348,cascade,small-8/restart,363.63948900000105
small,8,100,inf,13,hungarian,pp,20,5,1,523,100,0,0,19.120458891013385,253.73,224.5,29.23,2923,2632,194,0,0,2,0,0,0,0,0,0,173,1305,206332,244.1400910000375,3.3341220000074827,0.4668070573614484,0.6986137667304015,0.33793271391112656,523,4184,0,0,0,0,16,13,25,59,59,68,0.1562037254771234,cascade,small-8/restart,250.7836559999996
small,8,100,inf,14,hungarian,pp,20,5,1,480,100,0,0,20.833333333333332,233.13,206.19,26.94,2694,2480,175,0,0,1,0,0,0,0,0,0,171,1350,216580,259.3310809999821,7.56061000002228,0.5402730854166293,0.7015625,0.35126640308362295,480,3840,0,0,0,0,15,11,17,62,62,1,0.1971489866497009,cascade,small-8/restart,266.5746500000023
small,8,100,inf,15,hungarian,pp,20,5,1,543,100,0,0,18.41620626151013,246.06,219.68,26.38,2638,2361,220,0,0,0,0,0,0,0,0,0,171,1356,198137,318.22499500003323,3.2479789999779314,0.5860497145488641,0.6072744014732965,0.3815339616281731,543,4344,0,0,0,0,16,12,41,130,130,0,0.2343200128428677,cascade,small-8/restart,330.46527400000195
small,8,100,inf,16,hungarian,pp,20,5,1,509,100,0,0,19.64636542239686,242.21,214.82,27.39,2739,2481,181,0,0,0,0,0,0,0,0,0,170,1344,203294,405.38840099998924,7.655593999988923,0.796440866404694,0.6726424361493124,0.3830378399736053,509,4072,0,0,0,0,15,7,25,103,103,0,0.21444317064285656,cascade,small-8/restart,418.10521600000357
small,8,100,inf,17,hungarian,pp,20,5,1,555,100,0,0,18.01801801801802,269.72,240.87,28.85,2885,2638,221,0,0,1,0,0,0,0,0,0,180,1409,226278,391.53446600002644,3.45208800004184,0.7054675063063539,0.6497747747747747,0.4000902294770625,555,4440,0,0,0,0,12,18,33,90,90,5,0.19109258893206907,cascade,small-8/restart,399.3670720000009
small,8,100,inf,18,hungarian,pp,20,5,1,530,100,0,0,18.867924528301888,250.97,222.74,28.23,2823,2608,215,0,0,0,0,0,0,0,0,0,173,1374,207504,421.259963999968,8.222044000009191,0.7948301207546566,0.6658018867924528,0.3823502454649931,530,4240,0,0,0,0,16,18,29,112,112,0,0.24588099411986922,cascade,small-8/restart,429.37096700000257
small,8,100,inf,19,hungarian,pp,20,5,1,589,100,0,0,16.97792869269949,286.5,256.39,30.11,3011,2686,253,0,0,1,0,0,0,0,0,0,179,1395,208879,255.56900999999198,3.4719899999690824,0.4339032427843667,0.6390067911714771,0.46275154483300196,589,4712,0,0,0,0,16,16,37,128,128,2,0.19407210961934246,cascade,small-8/restart,263.5227279999963
small,8,100,inf,20,hungarian,pp,20,5,1,492,100,0,0,20.32520325203252,250.64,222.84,27.8,2780,2452,239,0,0,0,0,0,0,0,0,0,166,1308,211743,379.78115599991725,10.69523499992647,0.7719129186990188,0.7063008130081301,0.42057067526199765,492,3936,0,0,0,0,15,16,34,72,72,0,0.3262977226400807,cascade,small-8/restart,386.7419979999977
small,8,100,inf,21,hungarian,pp,20,5,1,519,100,0,0,19.26782273603083,253.37,225.09,28.28,2828,2652,198,0,0,0,0,0,0,0,0,0,176,1386,210870,316.64912699999695,4.000590999989072,0.6101139248554854,0.6811175337186898,0.3890982739455104,519,4152,0,0,0,0,13,28,35,82,82,0,0.20664201566018314,cascade,small-8/restart,323.7987770000036
small,8,100,inf,22,hungarian,pp,20,5,1,553,100,0,0,18.083182640144667,257.96,229.87,28.09,2809,2583,216,0,0,1,0,0,0,0,0,0,179,1412,210118,254.172799999993,3.99566299997241,0.45962531645568355,0.6349457504520796,0.37343886380633795,553,4424,0,0,0,0,15,17,18,51,51,1,0.18438996557444484,cascade,small-8/restart,261.5540880000044
small,8,100,inf,23,hungarian,pp,20,5,1,563,100,0,0,17.761989342806395,264.08,234.74,29.34,2934,2708,237,0,0,1,0,0,0,0,0,0,182,1401,227275,249.1933289999797,3.5277890000943444,0.44261692539960873,0.6514209591474245,0.40149724233770223,563,4504,0,0,0,0,14,11,57,147,147,1,0.16736133252643115,cascade,small-8/restart,256.1436489999978
small,8,100,inf,24,hungarian,pp,20,5,1,548,100,0,0,18.248175182481752,255.64,227.85,27.79,2779,2461,250,0,0,0,0,0,0,0,0,0,179,1431,216259,286.69188000001304,4.890964999991411,0.5231603649635275,0.6338959854014599,0.33491148233595774,548,4384,0,0,0,0,16,15,30,61,61,0,0.21335529488381197,cascade,small-8/restart,293.69378800000413
small,8,100,inf,25,hungarian,pp,20,5,1,538,100,0,0,18.587360594795538,254.69,229.44,25.25,2525,2400,165,0,0,0,0,0,0,0,0,0,177,1404,190591,248.47581099998206,3.223466000010376,0.461850949814093,0.5866635687732342,0.4026850374439781,538,4304,0,0,0,0,12,8,15,40,40,0,0.26434741014000696,cascade,small-8/restart,257.1808730000048
small,8,100,inf,26,hungarian,pp,20,5,1,484,100,0,0,20.66115702479339,245.65,217.95,27.7,2770,2466,196,0,0,0,0,0,0,0,0,0,163,1296,201026,338.5031379999491,3.133525000041118,0.6993866487602254,0.7153925619834711,0.4606654163924082,484,3872,0,0,0,0,16,17,19,50,50,0,0.25042753051538647,cascade,small-8/restart,345.12417599999753
small,8,100,inf,27,hungarian,pp,20,5,1,561,100,0,0,17.825311942959,265.15,236.64,28.51,2851,2532,258,0,0,2,0,0,0,0,0,0,177,1357,212905,370.1959050000514,2.9440559999711695,0.6598857486631933,0.6352495543672014,0.367620421109143,561,4488,0,0,0,0,15,13,31,106,106,4,0.17698924372773758,cascade,small-8/restart,376.54938300000504
small,8,100,inf,28,hungarian,pp,20,5,1,514,100,0,0,19.455252918287936,250.3,221.86,28.44,2844,2532,251,0,0,0,0,0,0,0,0,0,173,1372,224273,412.1281730000337,3.2487900000123773,0.8018057840467582,0.6916342412451362,0.3746793893512844,514,4112,0,0,0,0,16,12,34,118,118,0,0.24358743798826174,cascade,small-8/restart,418.8055000000022
small,8,100,inf,29,hungarian,pp,20,5,1,513,100,0,0,19.49317738791423,247.39,220.39,27,2700,2487,228,0,0,0,0,0,0,0,0,0,177,1399,220619,453.502012000019,7.431681999929424,0.8840195165692378,0.6578947368421053,0.2947585668828612,513,4104,0,0,0,0,15,15,38,117,117,4,0.1787060124395423,cascade,small-8/restart,463.81388300000253
small,8,100,inf,30,hungarian,pp,20,5,1,568,100,0,0,17.6056338028169,242.52,214.66,27.86,2786,2657,193,0,0,1,0,0,0,0,0,0,184,1437,201641,463.0076280000576,11.210626999964006,0.8151542746479887,0.6131161971830986,0.45520607003921637,568,4544,0,0,0,0,15,16,18,60,60,2,0.19735011247173112,cascade,small-8/restart,469.22118800000317
small,8,100,inf,1,hungarian,pp,20,5,1,1065,5,95,1,0.4694835680751174,32.2,10.2,22,110,1696,6722,0,0,0,421,0,0,0,0,0,217,2369,781413,1233.287667999968,0.7302519999648212,1.1580165896713315,0.7488262910798122,0.4124856920069968,1065,8520,0,0,0,0,1001,1016,1016,1057,1057,0,0.25715175147952507,cascade,small-8/static,1251.7552369999976
small,8,100,inf,2,hungarian,pp,20,5,1,668,100,0,0,14.970059880239521,327.97,290.5,37.47,3747,2761,1364,0,0,1,94,0,0,0,0,0,199,1707,330549,569.5958429999519,2.8170520000639954,0.8526883877244789,0.7011601796407185,0.3718667567332341,668,5344,0,0,0,0,23,60,245,278,278,1,0.18604802762773337,cascade,small-8/static,580.6433899999975
small,8,100,inf,3,hungarian,pp,20,5,1,1148,19,81,1,1.6550522648083623,58.10526315789474,31.105263157894736,27,513,1822,7087,0,0,0,420,0,0,0,0,0,242,2564,824315,1652.718506000012,1.0059370000162744,1.439650266550533,0.748911149825784,0.2871203184639512,1148,9184,0,0,0,0,1001,1043,1043,1092,1092,0,0.08066400482487765,cascade,small-8/static,1689.0976609999998
small,8,100,inf,4,hungarian,pp,20,5,1,603,100,0,0,16.58374792703151,323.62,289.9,33.72,3372,2588,1081,0,0,1,76,0,0,0,0,0,183,1543,314219,662.2094559999823,6.972152999951504,1.098191469320037,0.6990049751243781,0.3562211564639869,603,4824,0,0,0,0,19,41,160,245,245,5,0.18063395045716704,cascade,small-8/static,669.1257990000013
small,8,100,inf,5,hungarian,pp,20,5,1,1177,30,70,1,2.548853016142736,83.6,57.266666666666666,26.333333333333332,790,1590,7462,0,0,0,423,0,0,0,0,0,259,2599,867406,1594.5612409999958,1.9459779999378952,1.3547674095157143,0.7486193712829227,0.36566053852326835,1177,9416,0,0,0,0,1001,1029,1029,1051,1051,0,0.05916860062015019,cascade,small-8/static,1609.6693879999948
small,8,100,inf,6,hungarian,pp,20,5,1,1298,45,55,1,3.4668721109399074,125.46666666666667,96.2,29.266666666666666,1317,1299,7536,0,0,0,229,0,0,0,0,0,293,2582,826036,1794.4539370000348,3.151215999874694,1.382476068567053,0.7490369799691834,0.29373574891839505,1298,10384,0,0,0,0,1001,1071,1072,1080,1080,0,0.08586892076898497,cascade,small-8/static,1824.8571630000006
small,8,100,inf,7,hungarian,pp,20,5,1,1394,67,33,1,4.806312769010043,183.62686567164178,152.7462686567164,30.880597014925375,2069,3110,6904,0,2,0,420,0,0,0,0,0,328,3090,903992,1715.841524999989,2.712707999991835,1.2308762733141958,0.7290172166427547,0.12811631959452008,1394,11152,0,0,0,2,1001,1011,1011,1103,1103,1,0.000052376576510812506,cascade,small-8/static,1737.4358690000008
small,8,100,inf,8,hungarian,pp,20,5,1,1325,29,71,1,2.188679245283019,128.6206896551724,98.37931034482759,30.24137931034483,877,2220,8029,0,0,0,483,0,0,0,0,0,283,2980,947079,1783.1669120000151,1.5130619999326882,1.3457863486792567,0.7490566037735849,0.25488053209220096,1325,10600,0,0,0,0,1001,1032,1036,1283,1283,0,0.009147584921686797,cascade,small-8/static,1794.5321619999959
small,8,100,inf,9,hungarian,pp,20,5,1,1366,37,63,1,2.7086383601756956,161.64864864864865,121.4054054054054,40.24324324324324,1489,2462,7968,0,1,0,484,0,0,0,0,0,303,3132,988135,2023.8782599999395,1.932883000044967,1.481609267935534,0.7449670571010248,0.2698031330585885,1366,10928,0,0,0,1,1001,1121,1121,1139,1139,3,0.0004830533549247477,cascade,small-8/static,2035.3265459999966
small,8,100,inf,10,hungarian,pp,20,5,1,1319,41,59,1,3.10841546626232,178.6829268292683,136.9268292682927,41.75609756097561,1712,2424,7632,0,0,0,460,0,0,0,0,0,293,3027,983654,2269.0081679998693,10.143327999932808,1.720248800606421,0.7490523123578469,0.2503319924469989,1319,10552,0,0,0,0,1001,1014,1014,1031,1031,0,0.02038064374719633,cascade,small-8/static,2290.135359
small,8,100,inf,11,hungarian,pp,20,5,1,1158,17,83,1,1.468048359240069,67,39.35294117647059,27.647058823529413,470,1792,7232,0,0,0,437,0,0,0,0,0,245,2620,847547,1483.6426480000155,1.2478760000740294,1.2812112677029495,0.7489205526770294,0.35414627022477396,1158,9264,0,0,0,0,1001,1022,1022,1151,1151,0,0.10681308069565498,cascade,small-8/static,1493.0592419999957
small,8,100,inf,12,hungarian,pp,20,5,1,745,100,0,0,13.422818791946309,358.98,320.42,38.56,3856,2843,1430,0,0,3,101,0,0,0,0,0,221,1790,362164,802.1159569999581,3.506214000066393,1.0766657140939035,0.6469798657718121,0.4513458395951027,745,5960,0,0,0,0,20,68,148,206,206,93,0.14438579467312032,cascade,small-8/static,818.3906370000041
small,8,100,inf,13,hungarian,pp,20,5,1,1175,19,81,1,1.6170212765957446,87.42105263157895,49.421052631578945,38,722,1850,7241,0,0,0,430,0,0,0,0,0,250,2543,856137,1661.8466850000914,13.530018000070413,1.414337604255397,0.7489361702127659,0.17588271391113752,1175,9400,0,0,0,0,1001,1011,1011,1167,1167,0,0.04978543405757053,cascade,small-8/static,1684.6663580000022
small,8,100,inf,14,hungarian,pp,20,5,1,1149,21,79,1,1.8276762402088773,71.9047619047619,39.285714285714285,32.61904761904762,685,1424,7440,0,0,0,416,0,0,0,0,0,246,2490,854747,1751.3717840001482,1.2735020000545774,1.5242574273282403,0.7483681462140992,0.3178664030836404,1149,9192,0,0,0,0,1001,1032,1033,1045,1045,0,0.22755335624592596,cascade,small-8/static,1765.7810459999964
small,8,100,inf,15,hungarian,pp,20,5,1,1326,45,55,1,3.3936651583710407,166.51111111111112,132.33333333333334,34.17777777777778,1538,2468,7623,0,0,0,465,0,0,0,0,0,298,3064,943156,1400.6391169999988,6.045403000047372,1.0562889268476612,0.7490573152337858,0.21423396162818514,1326,10608,0,0,0,0,1001,1025,1025,1089,1089,1,0.017720012842869774,cascade,small-8/static,1416.5572600000014
small,8,100,inf,16,hungarian,pp,20,5,1,1530,72,28,1,4.705882352941177,213.73611111111111,177.70833333333334,36.02777777777778,2594,3290,8096,0,1,0,502,0,0,0,0,0,356,3542,1048483,2189.8723780000146,3.5938650000680354,1.431289135947722,0.7424019607843138,0.09985754573541811,1530,12240,0,0,0,1,1001,1086,890,1124,1124,5,0.00004235390555778882,cascade,small-8/static,2231.0746110000036
small,8,100,inf,17,hungarian,pp,20,5,1,641,100,0,0,15.600624024960998,311.38,278.87,32.51,3251,2681,693,0,0,1,39,0,0,0,0,0,190,1545,258954,528.4892870000258,3.3900119999671006,0.8244762667707111,0.6339703588143526,0.3870402294770636,641,5128,0,0,0,0,15,24,72,142,142,1,0.1676925889320691,cascade,small-8/static,547.9268440000014
small,8,100,inf,18,hungarian,pp,20,5,1,1310,41,59,1,3.1297709923664123,145.21951219512195,114.17073170731707,31.048780487804876,1273,2356,7735,0,0,0,466,0,0,0,0,0,294,3033,932118,1555.8156759998164,1.9296679999752087,1.187645554198333,0.7490458015267175,0.2515502454650086,1310,10480,0,0,0,0,1001,1089,1089,1105,1105,0,0.09946032684781914,cascade,small-8/static,1576.9183849999972
small,8,100,inf,19,hungarian,pp,20,5,1,724,100,0,0,13.812154696132596,393.28,354.99,38.29,3829,2820,1286,0,0,2,83,0,0,0,0,0,215,1777,340990,565.2838169998868,3.2655469999663183,0.7807787527622745,0.6610842541436464,0.43015154483300416,724,5792,0,0,0,0,16,72,152,238,238,4,0.16327210961934446,cascade,small-8/static,581.3703219999952
small,8,100,inf,20,hungarian,pp,20,5,1,1419,65,35,1,4.580690627202255,214.13846153846154,181.90769230769232,32.23076923076923,2095,1905,7676,0,0,0,241,0,0,0,0,0,334,2932,906149,1825.1813909999546,4.03240700004244,1.2862448139534564,0.7491190979563073,0.2898706752620158,1419,11352,0,0,0,0,1001,1021,1083,1192,1192,0,0.17270167021529262,cascade,small-8/static,1840.8053740000032
small,8,100,inf,21,hungarian,pp,20,5,1,515,100,0,0,19.41747572815534,260.1,231.22,28.88,2888,2640,326,0,0,0,19,0,0,0,0,0,165,1337,219955,477.02161500002694,7.1607170000716,0.9262555631068484,0.7009708737864078,0.39109827394551033,515,4120,0,0,0,0,12,21,41,62,62,0,0.23304201566018368,cascade,small-8/static,487.15503300000273
small,8,100,inf,22,hungarian,pp,20,5,1,1070,5,95,1,0.4672897196261682,36,6,30,150,1412,7010,0,0,0,421,0,0,0,0,0,218,2371,793097,1816.2091770001061,0.8289800000566174,1.6973917542057066,0.7488317757009346,0.3741388638063522,1070,8560,0,0,0,0,1001,1024,1024,1063,1063,0,0.20018996557445812,cascade,small-8/static,1850.545994
small,8,100,inf,23,hungarian,pp,20,5,1,773,100,0,0,12.936610608020699,336.03,294.86,41.17,4117,2823,1622,0,0,2,106,0,0,0,0,0,226,1862,387102,662.5535470000686,3.495759000070393,0.8571197244502828,0.6657503234152652,0.45134724233770535,773,6184,0,0,0,0,87,143,238,295,295,1,0.14195594564285405,cascade,small-8/static,673.1626109999997
small,8,100,inf,24,hungarian,pp,20,5,1,1038,2,98,1,0.1926782273603083,23.5,2.5,21,42,1312,6893,0,0,0,408,0,0,0,0,0,209,2286,761922,1450.5985299999738,0.6927979999381932,1.3974937668593197,0.748795761078998,0.35181148233597104,1038,8304,0,0,0,0,1001,1018,1018,1032,1032,0,0.16586355716270745,cascade,small-8/static,1462.7855520000012
small,8,100,inf,25,hungarian,pp,20,5,1,1249,34,66,1,2.722177742193755,101.91176470588235,72.73529411764706,29.176470588235293,992,2198,7355,0,0,0,442,0,0,0,0,0,278,2868,898533,1303.3789749999778,1.6834680000611115,1.043538010408309,0.7488991192954364,0.2806850374439922,1249,9992,0,0,0,0,1001,1012,1012,1108,1108,0,0.14855760349725877,cascade,small-8/static,1323.5904310000042
small,8,100,inf,26,hungarian,pp,20,5,1,1393,30,70,1,2.1536252692031588,139.06666666666666,107.4,31.666666666666668,950,2400,8218,0,1,0,513,0,0,0,0,0,302,3143,991888,1968.8853349999627,2.2335530000491417,1.4134137365398152,0.7358219669777458,0.28918697507800273,1393,11144,0,0,0,1,1001,1073,1078,1325,1325,0,0.000027530515385902198,cascade,small-8/static,1990.2188339999993
small,8,100,inf,27,hungarian,pp,20,5,1,1442,75,25,1,5.201109570041609,215.94666666666666,184.57333333333332,31.373333333333335,2353,3146,6430,0,4,0,444,0,0,0,0,0,348,3145,827988,1609.5174030000853,7.250870000119903,1.1161701823856347,0.6520457697642164,0.05302506682596199,1442,11536,0,0,0,4,1001,1029,927,1031,1031,4,0.00005041390676714021,cascade,small-8/static,1626.7015049999973
small,8,100,inf,28,hungarian,pp,20,5,1,1256,33,67,1,2.627388535031847,121.87878787878788,92.36363636363636,29.515151515151516,974,998,7628,0,0,0,242,0,0,0,0,0,277,2473,816330,1486.9420070000488,2.8474699999860604,1.1838710246815676,0.7490047770700637,0.3796793893513047,1256,10048,0,0,0,0,1001,1065,1135,1249,1249,0,0.22102244053503803,cascade,small-8/static,1497.0746109999964
small,8,100,inf,29,hungarian,pp,20,5,1,1163,25,75,1,2.1496130696474633,81.56,52.28,29.28,732,1522,7411,0,0,0,416,0,0,0,0,0,250,2516,838699,1445.8619909999834,2.7128869999869494,1.243217533104027,0.7487102321582115,0.26125856688287663,1163,9304,0,0,0,0,1001,1034,1035,1044,1044,0,0.15042240771857412,cascade,small-8/static,1461.366071999997
small,8,100,inf,30,hungarian,pp,20,5,1,1116,12,88,1,1.075268817204301,45.75,18.583333333333332,27.166666666666668,326,1896,6860,0,0,0,428,0,0,0,0,0,232,2500,804398,1483.2900549999904,4.949736999871675,1.329112952508952,0.7488799283154122,0.3528060700392297,1116,8928,0,0,0,0,1001,1022,1022,1076,1076,0,0.12836687071845962,cascade,small-8/static,1505.5959500000026
narrow,16,200,inf,1,hungarian,pp,20,5,1,1235,200,0,0,16.194331983805668,555.505,484.445,71.06,14212,14631,214,0,0,16,4,0,0,0,0,0,394,5473,330881,793.2781530000357,12.621453000108886,0.6423304882591382,0.7192307692307692,0.6131858060718194,1235,19760,0,0,0,0,37,14,22,48,48,15,0.07099415871165807,cascade,narrow-16/cascade,835.5118329999968
narrow,16,200,inf,2,hungarian,pp,20,5,1,1275,200,0,0,15.686274509803921,533.455,467.235,66.22,13244,13953,194,0,0,16,4,0,0,0,0,0,397,5517,312882,754.2651660001065,19.570363999904657,0.5915805223530247,0.6492156862745098,0.6353766031580095,1275,20400,0,0,0,0,30,7,16,58,58,62,0.06330334941595814,cascade,narrow-16/cascade,820.427337000001
narrow,16,200,inf,3,hungarian,pp,20,5,1,1209,200,0,0,16.542597187758478,526.115,459.145,66.97,13394,14051,214,0,0,16,2,0,0,0,0,0,397,5481,341285,807.7821440000771,19.929367000047932,0.6681407311828594,0.6924110835401158,0.6160099542647051,1209,19344,0,0,0,0,33,9,18,48,48,1,0.0843640193147589,cascade,narrow-16/cascade,858.9803430000029
narrow,16,200,inf,4,hungarian,pp,20,5,1,1260,200,0,0,15.873015873015873,520.455,453.585,66.87,13374,13929,241,0,0,16,2,0,0,0,0,0,392,5481,308373,373.65542599989567,10.322920999991766,0.2965519253967426,0.6633928571428571,0.639017847294924,1260,20160,0,0,0,0,36,10,19,67,67,2,0.07909574423879409,cascade,narrow-16/cascade,395.4482560000033
narrow,16,200,inf,5,hungarian,pp,20,5,1,1227,200,0,0,16.299918500407497,545.77,475.655,70.115,14023,14637,165,0,0,16,2,0,0,0,0,0,393,5473,286448,740.0101989999239,10.851224000078219,0.6031052966584547,0.7142929910350448,0.6169979146697122,1227,19632,0,0,0,0,19,5,10,51,51,60,0.04557163664680019,cascade,narrow-16/cascade,776.4818280000036
narrow,16,200,inf,6,hungarian,pp,20,5,1,1278,200,0,0,15.64945226917058,547.035,479.395,67.64,13528,14484,213,0,0,16,1,0,0,0,0,0,395,5473,319250,374.34487300014735,9.838623999989068,0.2929146111112264,0.6615805946791862,0.5699824562555571,1278,20448,0,0,0,0,47,15,24,51,51,2,0.0691819342562931,cascade,narrow-16/cascade,396.0047909999994
narrow,16,200,inf,7,hungarian,pp,20,5,1,1165,200,0,0,17.167381974248926,522.325,455.705,66.62,13324,14034,193,0,0,16,1,0,0,0,0,0,381,5253,302178,777.4549479999769,32.445438000097056,0.667343303004272,0.7148068669527897,0.6105257509017388,1165,18640,0,0,0,0,18,12,18,87,87,4,0.06511631625983894,cascade,narrow-16/cascade,814.0150490000015
narrow,16,200,inf,8,hungarian,pp,20,5,1,1178,200,0,0,16.97792869269949,569.005,497.965,71.04,14208,14469,261,0,0,16,0,0,0,0,0,0,384,5300,337609,764.0221820001025,11.35033300001669,0.6485757062819206,0.7538200339558574,0.588196290073895,1178,18848,0,0,0,0,20,13,22,77,77,40,0.06816631997395453,cascade,narrow-16/cascade,848.3364930000025
narrow,16,200,inf,9,hungarian,pp,20,5,1,1265,200,0,0,15.810276679841897,514.615,448.49,66.125,13225,13873,188,0,0,16,2,0,0,0,0,0,397,5574,308502,788.6682280000532,30.252717999945162,0.6234531446640736,0.6534090909090909,0.6568253084832967,1265,20240,0,0,0,0,24,9,17,98,98,82,0.07130836232342028,cascade,narrow-16/cascade,835.995514000002
narrow,16,200,inf,10,hungarian,pp,20,5,1,1187,200,0,0,16.849199663016005,546.02,475.635,70.385,14077,14406,201,0,0,16,3,0,0,0,0,0,381,5266,296558,855.8309899999003,39.8244309999136,0.7210033614152488,0.7412068239258636,0.6338749826095208,1187,18992,0,0,0,0,16,7,12,82,82,4,0.05924736067354833,cascade,narrow-16/cascade,890.9342069999984
narrow,16,200,inf,11,hungarian,pp,20,5,1,1230,200,0,0,16.260162601626018,507.48,441.44,66.04,13208,13919,222,0,0,16,2,0,0,0,0,0,392,5374,318851,679.1141879999486,45.46010600009322,0.5521253560975192,0.6711382113821138,0.6648153431739574,1230,19680,0,0,0,0,21,6,12,65,65,185,0.058760336030275445,cascade,narrow-16/cascade,707.8618999999962
narrow,16,200,inf,12,hungarian,pp,20,5,1,1130,200,0,0,17.699115044247787,505.98,440.41,65.57,13114,13441,211,0,0,16,1,0,0,0,0,0,376,5177,322701,768.3809109999638,16.23085200008063,0.679983107079614,0.7253318584070797,0.6792759480707138,1130,18080,0,0,0,0,21,6,12,61,61,1,0.055860392184929636,cascade,narrow-16/cascade,801.7474970000039
narrow,16,200,inf,13,hungarian,pp,20,5,1,1152,200,0,0,17.36111111111111,523.91,457.765,66.145,13229,13850,161,0,0,16,1,0,0,0,0,0,370,5085,291495,608.5723460000081,23.09914600005868,0.5282746059027849,0.7177191840277778,0.5793984507257375,1152,18432,0,0,0,0,24,6,13,114,114,34,0.08067254512477712,cascade,narrow-16/cascade,669.7193249999982
narrow,16,200,inf,14,hungarian,pp,20,5,1,1170,200,0,0,17.094017094017094,535.62,469.505,66.115,13223,13890,220,0,0,16,1,0,0,0,0,0,382,5257,287290,771.4025750000947,23.749304999873857,0.659318440171021,0.7063568376068377,0.6054438667992158,1170,18720,0,0,0,0,16,8,18,45,45,70,0.06454597714431648,cascade,narrow-16/cascade,833.8001079999958
narrow,16,200,inf,15,hungarian,pp,20,5,1,1230,200,0,0,16.260162601626018,557.035,488.785,68.25,13650,14321,200,0,0,16,2,0,0,0,0,0,398,5508,306193,609.4534679999779,18.24301500000729,0.4954906243902259,0.6935975609756098,0.5629741536888323,1230,19680,0,0,0,0,17,11,17,56,56,148,0.05571701887529365,cascade,narrow-16/cascade,641.9020900000032
narrow,16,200,inf,16,hungarian,pp,20,5,1,1110,200,0,0,18.01801801801802,507.825,441.66,66.165,13233,13420,201,0,0,16,1,0,0,0,0,0,362,4961,300726,603.2198659999849,14.063044999966223,0.5434413207207072,0.7451013513513514,0.6638882017642279,1110,17760,0,0,0,0,23,8,17,62,62,10,0.08316704552602061,cascade,narrow-16/cascade,646.903327
narrow,16,200,inf,17,hungarian,pp,20,5,1,1220,200,0,0,16.39344262295082,564.215,496.06,68.155,13631,14305,192,0,0,16,4,0,0,0,0,0,384,5367,321253,561.7966990000277,13.543120999987877,0.4604890975410063,0.6983094262295082,0.5965728026482774,1220,19520,0,0,0,0,26,9,19,155,155,32,0.048274771753698736,cascade,narrow-16/cascade,598.161202999996
narrow,16,200,inf,18,hungarian,pp,20,5,1,1192,200,0,0,16.778523489932887,512.475,447.185,65.29,13058,13547,158,0,0,16,1,0,0,0,0,0,383,5301,303979,801.0759110001018,29.762294999993173,0.6720435494967296,0.6846686241610739,0.6380701615281553,1192,19072,0,0,0,0,19,6,13,143,143,104,0.07069933650177057,cascade,narrow-16/cascade,877.8369029999958
narrow,16,200,inf,19,hungarian,pp,20,5,1,1224,200,0,0,16.33986928104575,523.205,458.455,64.75,12950,13864,187,0,0,16,2,0,0,0,0,0,391,5416,285401,804.8950500000283,21.010295999964,0.6575939950980623,0.6612540849673203,0.6248391637009142,1224,19584,0,0,0,0,17,6,14,65,65,72,0.06527210961934202,cascade,narrow-16/cascade,848.9156120000043
narrow,16,200,inf,20,hungarian,pp,20,5,1,1210,200,0,0,16.52892561983471,536.15,468.58,67.57,13514,14211,173,0,0,16,0,0,0,0,0,0,385,5350,295457,865.1656240000812,25.288039000042772,0.7150129123967612,0.6980371900826446,0.6143620613740788,1210,19360,0,0,0,0,38,10,23,152,152,81,0.057185785207711115,cascade,narrow-16/cascade,909.1767230000041
narrow,16,200,inf,21,hungarian,pp,20,5,1,1205,200,0,0,16.597510373443985,537.915,468.015,69.9,13980,14253,221,0,0,16,1,0,0,0,0,0,387,5334,351131,763.9682849999663,23.71964899996965,0.6339985767634575,0.725103734439834,0.6397295439095727,1205,19280,0,0,0,0,27,7,19,56,56,135,0.04764201566018228,cascade,narrow-16/cascade,801.6585869999981
narrow,16,200,inf,22,hungarian,pp,20,5,1,1183,200,0,0,16.9061707523246,532.03,465.28,66.75,13350,13976,229,0,0,16,4,0,0,0,0,0,370,5101,271136,853.0467569999455,16.750543999914953,0.7210877066778913,0.7053043110735419,0.5853039204684232,1183,18928,0,0,0,0,22,11,20,36,36,44,0.0654918579073637,cascade,narrow-16/cascade,889.205532
narrow,16,200,inf,23,hungarian,pp,20,5,1,1344,200,0,0,14.880952380952381,545.12,476.775,68.345,13669,14442,194,0,0,16,3,0,0,0,0,0,418,5871,296986,666.3034950000001,19.150513999957184,0.49576152901785725,0.6356491815476191,0.5633921400786435,1344,21504,0,0,0,0,28,11,19,50,50,1,0.06445602032504985,cascade,narrow-16/cascade,706.9388309999995
narrow,16,200,inf,24,hungarian,pp,20,5,1,1344,200,0,0,14.880952380952381,533.545,465.795,67.75,13550,14286,285,0,0,16,9,0,0,0,0,0,426,5976,346738,794.7658509999601,12.742075000016484,0.591343639136875,0.6301153273809523,0.5736246626110342,1344,21504,0,0,0,0,48,11,18,71,71,58,0.08435529488381047,cascade,narrow-16/cascade,838.8945929999973
narrow,16,200,inf,25,hungarian,pp,20,5,1,1235,200,0,0,16.194331983805668,534.435,466.71,67.725,13545,14051,204,0,0,16,2,0,0,0,0,0,395,5527,297686,696.826757000068,15.805631000017456,0.5642321919028891,0.6854757085020243,0.5810373275846865,1235,19760,0,0,0,0,23,11,20,63,63,51,0.08313549488317376,cascade,narrow-16/cascade,732.1319409999996
narrow,16,200,inf,26,hungarian,pp,20,5,1,1160,200,0,0,17.24137931034483,509.7,441.435,68.265,13653,13839,257,0,0,16,3,0,0,0,0,0,382,5239,344726,881.5238809998846,27.31061400008184,0.7599343801723143,0.735614224137931,0.6981779459543435,1160,18560,0,0,0,0,41,13,22,97,97,93,0.05813515603039493,cascade,narrow-16/cascade,924.7520609999992
narrow,16,200,inf,27,hungarian,pp,20,5,1,1252,200,0,0,15.97444089456869,567.225,501.405,65.82,13164,14063,177,0,0,16,1,0,0,0,0,0,399,5538,287183,528.2119560000647,17.9551119999378,0.4218945335463775,0.6571485623003195,0.5385303846971872,1252,20032,0,0,0,0,18,6,14,80,80,70,0.05647652634978334,cascade,narrow-16/cascade,584.6535690000019
narrow,16,200,inf,28,hungarian,pp,20,5,1,1132,200,0,0,17.6678445229682,505.61,438.74,66.87,13374,13679,203,0,0,16,2,0,0,0,0,0,384,5276,310078,523.0301119998476,10.298746999898867,0.4620407349821975,0.7384054770318021,0.6928704702639159,1132,18112,0,0,0,0,21,6,14,65,65,1,0.07756121898498486,cascade,narrow-16/cascade,600.4697960000049
narrow,16,200,inf,29,hungarian,pp,20,5,1,1153,200,0,0,17.346053772766695,533.02,466.595,66.425,13285,13893,170,0,0,16,3,0,0,0,0,0,381,5206,303487,691.7281660000808,26.721117999950366,0.5999376981787344,0.7201322636600174,0.5985683044564698,1153,18448,0,0,0,0,22,12,21,45,45,125,0.06650601243954168,cascade,narrow-16/cascade,731.3621799999964
narrow,16,200,inf,30,hungarian,pp,20,5,1,1220,200,0,0,16.39344262295082,498.025,431.71,66.315,13263,13725,197,0,0,16,2,0,0,0,0,0,402,5536,299543,745.9963659999703,25.52853999999934,0.6114724311475166,0.6794569672131148,0.7103067453597712,1220,19520,0,0,0,0,42,11,20,55,55,77,0.058068748957291555,cascade,narrow-16/cascade,793.679161
narrow,16,200,inf,1,hungarian,pp,20,5,1,1265,200,0,0,15.810276679841897,563.48,492.42,71.06,14212,14767,253,8,0,16,7,0,0,0,0,0,396,5522,333806,566.7015880000035,19.663439000069047,0.44798544505929133,0.7021739130434783,0.5831608060718201,1265,20240,8,0,0,0,28,10,18,75,75,29,0.09212351997997614,cascade,narrow-16/none,598.9401890000008
narrow,16,200,inf,2,hungarian,pp,20,5,1,1245,200,0,0,16.06425702811245,539.7,472.97,66.73,13346,13894,195,3,0,16,5,0,0,0,0,0,400,5532,309480,711.8121950000714,11.620986000096309,0.5717367028113023,0.6699799196787148,0.6420516031580091,1245,19920,3,0,0,0,21,7,16,85,85,41,0.059725472170300775,cascade,narrow-16/none,769.6979310000024
narrow,16,200,inf,3,hungarian,pp,20,5,1,1213,200,0,0,16.488046166529266,525.97,459.045,66.925,13385,14035,213,5,0,16,4,0,0,0,0,0,401,5545,342650,758.954572999959,15.547360999968078,0.6256839018960916,0.689664056059357,0.6147099542647052,1213,19408,5,0,0,0,37,9,16,48,48,1,0.0843640193147589,cascade,narrow-16/none,806.5388259999963
narrow,16,200,inf,4,hungarian,pp,20,5,1,1260,200,0,0,15.873015873015873,520.455,453.585,66.87,13374,13929,241,0,0,16,1,0,0,0,0,0,392,5477,307349,756.4402020001362,15.336804000056873,0.6003493666667747,0.6633928571428571,0.639017847294924,1260,20160,0,0,0,0,36,10,19,67,67,2,0.07909574423879409,cascade,narrow-16/none,808.2302089999939
narrow,16,200,inf,5,hungarian,pp,20,5,1,1216,200,0,0,16.44736842105263,547.265,477.185,70.08,14016,14623,167,2,0,16,2,0,0,0,0,0,393,5453,290587,774.0009940001764,20.559407000000647,0.6365139753290925,0.7203947368421053,0.617947914669712,1216,19456,2,0,0,0,20,7,16,86,86,88,0.05650070401486107,cascade,narrow-16/none,841.956250999996
narrow,16,200,inf,6,hungarian,pp,20,5,1,1265,200,0,0,15.810276679841897,547.555,480.815,66.74,13348,14374,178,3,0,16,4,0,0,0,0,0,394,5485,309181,663.1374820000128,11.550201000041852,0.5242193533596939,0.6594861660079051,0.5787324562555569,1265,20240,3,0,0,0,30,6,17,84,84,1,0.0671819342562931,cascade,narrow-16/none,697.9266270000007
narrow,16,200,inf,7,hungarian,pp,20,5,1,1147,200,0,0,17.436791630340018,515.24,449.41,65.83,13166,13898,189,1,0,16,2,0,0,0,0,0,381,5214,286369,704.4254500000025,14.946583000077226,0.6141459895379272,0.7174149956408021,0.6326257509017386,1147,18352,1,0,0,0,18,12,22,74,74,37,0.045001272856445396,cascade,narrow-16/none,764.7060589999965
narrow,16,200,inf,8,hungarian,pp,20,5,1,1178,200,0,0,16.97792869269949,569.005,497.965,71.04,14208,14469,261,0,0,16,0,0,0,0,0,0,384,5300,337609,924.0778939999582,32.254051000010804,0.7844464295415604,0.7538200339558574,0.588196290073895,1178,18848,0,0,0,0,20,13,22,77,77,40,0.06816631997395453,cascade,narrow-16/none,956.6763379999975
narrow,16,200,inf,9,hungarian,pp,20,5,1,1260,200,0,0,15.873015873015873,511.05,444.6,66.45,13290,13839,204,3,0,16,2,0,0,0,0,0,399,5564,326179,770.9038649999202,24.909658000062336,0.611828464285651,0.6592261904761905,0.6715503084832964,1260,20160,3,0,0,0,39,6,13,98,98,64,0.06656445904895672,cascade,narrow-16/none,818.4672509999946
narrow,16,200,inf,10,hungarian,pp,20,5,1,1165,200,0,0,17.167381974248926,533.645,464.37,69.275,13855,14179,233,2,0,16,3,0,0,0,0,0,372,5131,303828,804.1918579998237,21.41233800003829,0.6902934403431963,0.743293991416309,0.6382499826095205,1165,18640,2,0,0,0,16,10,19,66,66,1,0.06698064374718851,cascade,narrow-16/none,852.6081860000049
narrow,16,200,inf,11,hungarian,pp,20,5,1,1210,200,0,0,16.52892561983471,510.795,443.925,66.87,13374,14043,247,3,0,16,6,0,0,0,0,0,390,5329,337994,843.7356129999316,11.37855400016997,0.6973021595040757,0.690805785123967,0.6671653431739568,1210,19360,3,0,0,0,24,8,14,66,66,172,0.036621234960295124,cascade,narrow-16/none,875.309921
narrow,16,200,inf,12,hungarian,pp,20,5,1,1127,200,0,0,17.74622892635315,519.155,452.545,66.61,13322,13522,283,6,0,16,4,0,0,0,0,0,380,5175,348125,681.1587940000973,19.137376000020595,0.6043999946762176,0.7387976929902396,0.6784259480707137,1127,18032,6,0,0,0,20,13,22,44,44,92,0.058065156905912574,cascade,narrow-16/none,708.9817270000058
narrow,16,200,inf,13,hungarian,pp,20,5,1,1134,200,0,0,17.63668430335097,526.405,458.965,67.44,13488,13743,177,3,0,16,3,0,0,0,0,0,368,5034,306122,722.0530480000016,32.1053939998892,0.6367310828924176,0.7433862433862434,0.5867234507257374,1134,18144,3,0,0,0,15,6,13,114,114,1,0.08422980750296372,cascade,narrow-16/none,766.4229290000003
narrow,16,200,inf,14,hungarian,pp,20,5,1,1213,200,0,0,16.488046166529266,535.935,469.8,66.135,13227,14167,231,5,0,16,3,0,0,0,0,0,393,5395,299221,740.3681010000582,14.364663000065775,0.6103611714757281,0.6815230832646332,0.586243866799216,1213,19408,5,0,0,0,31,8,18,41,41,12,0.05957907171398413,cascade,narrow-16/none,776.3686700000035
narrow,16,200,inf,15,hungarian,pp,20,5,1,1259,200,0,0,15.885623510722796,560.68,491.57,69.11,13822,14466,216,1,0,16,2,0,0,0,0,0,402,5601,328136,727.8070719998941,17.794964000058826,0.5780834567115918,0.6861596505162828,0.5492741536888328,1259,20144,1,0,0,0,20,11,17,56,56,143,0.05571701887529365,cascade,narrow-16/none,772.0942450000002
narrow,16,200,inf,16,hungarian,pp,20,5,1,1100,200,0,0,18.181818181818183,507.395,441.58,65.815,13163,13345,211,3,0,16,3,0,0,0,0,0,357,4896,296696,712.8599710000053,26.398003000002063,0.6480545190909139,0.7478977272727273,0.6702882017642279,1100,17600,3,0,0,0,17,8,17,62,62,14,0.08316704552602061,cascade,narrow-16/none,765.7334919999994
narrow,16,200,inf,17,hungarian,pp,20,5,1,1210,200,0,0,16.52892561983471,548.545,480.96,67.585,13517,14082,205,2,0,16,2,0,0,0,0,0,396,5470,315957,653.351923999995,14.284943000071507,0.539960267768591,0.6981921487603305,0.6022478026482776,1210,19360,2,0,0,0,22,7,12,112,112,18,0.08303766428157919,cascade,narrow-16/none,694.1657090000008
narrow,16,200,inf,18,hungarian,pp,20,5,1,1230,200,0,0,16.260162601626018,518.27,451.19,67.08,13416,13749,239,3,0,16,3,0,0,0,0,0,394,5478,336978,615.7210419999028,21.891725999958,0.5005862130080511,0.6817073170731708,0.6138701615281557,1230,19680,3,0,0,0,45,14,23,143,143,123,0.06806701978333357,cascade,narrow-16/none,659.2588469999973
narrow,16,200,inf,19,hungarian,pp,20,5,1,1221,200,0,0,16.38001638001638,521.945,456.085,65.86,13172,13915,232,1,0,16,1,0,0,0,0,0,389,5378,304216,570.8849719999998,21.820696999915526,0.4675552596232595,0.6742424242424242,0.628739163700914,1221,19536,1,0,0,0,20,7,17,65,65,113,0.06747210961934202,cascade,narrow-16/none,598.379581000001
narrow,16,200,inf,20,hungarian,pp,20,5,1,1210,200,0,0,16.52892561983471,536.15,468.58,67.57,13514,14211,173,0,0,16,0,0,0,0,0,0,385,5350,295457,724.2041579998986,9.960026999920956,0.5985158330577675,0.6980371900826446,0.6143620613740788,1210,19360,0,0,0,0,38,10,23,152,152,81,0.057185785207711115,cascade,narrow-16/none,768.4599020000023
narrow,16,200,inf,21,hungarian,pp,20,5,1,1163,200,0,0,17.196904557179707,538.15,468.785,69.365,13873,14155,204,2,0,16,3,0,0,0,0,0,376,5158,303749,789.4478410000156,14.820102999983646,0.6788029587274425,0.7455395528804815,0.6429545439095722,1163,18608,2,0,0,0,18,7,19,85,85,126,0.08067410926595417,cascade,narrow-16/none,827.7730620000002
narrow,16,200,inf,22,hungarian,pp,20,5,1,1164,200,0,0,17.18213058419244,543.61,475.855,67.755,13551,14051,168,5,0,16,4,0,0,0,0,0,385,5291,303123,584.8300259999451,20.574416000032215,0.5024312938143858,0.7276095360824743,0.5772289204684226,1164,18624,5,0,0,0,25,7,16,103,103,64,0.05149185790736302,cascade,narrow-16/none,617.9577900000004
narrow,16,200,inf,23,hungarian,pp,20,5,1,1297,200,0,0,15.420200462606013,541.665,473.945,67.72,13544,14415,153,1,0,16,1,0,0,0,0,0,401,5606,258760,660.2887159999154,15.586142000000109,0.5090892181957714,0.6526599845797996,0.5790171400786426,1297,20752,1,0,0,0,29,6,12,73,73,16,0.06032643497865764,cascade,narrow-16/none,716.6899679999988
narrow,16,200,inf,24,hungarian,pp,20,5,1,1316,200,0,0,15.19756838905775,528.075,460.8,67.275,13455,14177,231,14,0,16,12,0,0,0,0,0,406,5689,314233,769.3428090001253,25.67658899998787,0.58460699772046,0.6390102583586627,0.5775246626110337,1316,21056,14,0,0,0,46,7,13,93,93,15,0.06353879010789157,cascade,narrow-16/none,796.7002559999964
narrow,16,200,inf,25,hungarian,pp,20,5,1,1230,200,0,0,16.260162601626018,542.66,473.2,69.46,13892,14191,204,9,0,16,6,0,0,0,0,0,388,5429,315579,672.3488839999918,14.16949399997975,0.5466251089430828,0.7058943089430895,0.579587327584686,1230,19680,9,0,0,0,31,9,18,58,58,60,0.07208686999697317,cascade,narrow-16/none,699.5818889999937
narrow,16,200,inf,26,hungarian,pp,20,5,1,1217,200,0,0,16.433853738701725,511.905,443.94,67.965,13593,13990,263,1,0,16,3,0,0,0,0,0,390,5392,334161,804.2299310000162,32.8315380000422,0.6608298529170223,0.6980792933442892,0.6750029459543445,1217,19472,1,0,0,0,44,13,22,97,97,53,0.09246982009392252,cascade,narrow-16/none,831.5031820000004
narrow,16,200,inf,27,hungarian,pp,20,5,1,1205,200,0,0,16.597510373443985,557.15,489.72,67.43,13486,14033,164,1,0,16,1,0,0,0,0,0,391,5432,282853,654.1290330000047,14.821611999926972,0.542845670539423,0.6994813278008298,0.5507303846971864,1205,19280,1,0,0,0,22,11,17,80,80,45,0.05550533857066292,cascade,narrow-16/none,702.0855970000048
narrow,16,200,inf,28,hungarian,pp,20,5,1,1120,200,0,0,17.857142857142858,512.785,445.445,67.34,13468,13681,212,4,0,16,7,0,0,0,0,0,370,5083,310619,506.17251399993256,9.860077999954228,0.4519397446427969,0.7515625,0.6951704702639158,1120,17920,4,0,0,0,21,6,18,86,86,4,0.07500058740973478,cascade,narrow-16/none,532.0374930000035
narrow,16,200,inf,29,hungarian,pp,20,5,1,1145,200,0,0,17.467248908296945,534.23,468.84,65.39,13078,13748,149,2,0,16,4,0,0,0,0,0,372,5100,264626,479.0944689999378,13.98958700003277,0.4184231170305134,0.7138646288209607,0.6012433044564699,1145,18320,2,0,0,0,17,12,21,56,56,110,0.048622407718561966,cascade,narrow-16/none,511.729038999998
narrow,16,200,inf,30,hungarian,pp,20,5,1,1164,200,0,0,17.18213058419244,508.125,440.105,68.02,13604,13857,151,1,0,16,5,0,0,0,0,0,385,5299,306020,773.6259909998917,14.612288999982411,0.6646271400342711,0.7304553264604811,0.7194567453597699,1164,18624,1,0,0,0,30,11,17,62,62,76,0.055966870718449496,cascade,narrow-16/none,803.6907729999948
narrow,16,200,inf,1,hungarian,pp,20,5,1,1225,200,0,0,16.3265306122449,550.84,480.815,70.025,14005,14615,155,0,0,16,0,0,0,0,0,0,397,5525,310611,677.0613089999388,20.945866999958525,0.5527031093877052,0.7145408163265307,0.6166358060718193,1225,19600,0,0,0,0,26,13,22,62,62,46,0.07026679169777819,cascade,narrow-16/restart,737.5783910000027
narrow,16,200,inf,2,hungarian,pp,20,5,1,1213,200,0,0,16.488046166529266,528.66,462.735,65.925,13185,13661,225,0,0,16,0,0,0,0,0,0,390,5411,318053,805.2470580000445,14.855418000064674,0.6638475333883301,0.6793590272052762,0.6620516031580086,1213,19408,0,0,0,0,21,9,18,71,71,28,0.06390334941595865,cascade,narrow-16/restart,851.5905700000003
narrow,16,200,inf,3,hungarian,pp,20,5,1,1213,200,0,0,16.488046166529266,525.97,459.045,66.925,13385,14035,213,5,0,16,3,0,0,0,0,0,401,5569,343835,945.4801080000179,26.44818200005102,0.7794559835119687,0.689664056059357,0.6147099542647052,1213,19408,5,0,0,0,37,9,16,48,48,1,0.0843640193147589,cascade,narrow-16/restart,994.2847879999972
narrow,16,200,inf,4,hungarian,pp,20,5,1,1226,200,0,0,16.31321370309951,515.785,448.735,67.05,13410,14075,199,4,0,16,4,0,0,0,0,0,388,5418,302433,715.6010949999691,22.15775799999392,0.5836876794453255,0.6836256117455138,0.6511928472949229,1226,19616,4,0,0,0,28,7,17,114,114,48,0.06318438519835562,cascade,narrow-16/restart,758.9020479999963
narrow,16,200,inf,5,hungarian,pp,20,5,1,1227,200,0,0,16.299918500407497,545.715,475.655,70.06,14012,14637,160,5,0,16,3,0,0,0,0,0,393,5497,285536,624.3154419999628,30.053080999990925,0.5088145411572639,0.7137326813365933,0.6169979146697122,1227,19632,5,0,0,0,19,4,8,51,51,60,0.04557163664680019,cascade,narrow-16/restart,649.9594950000028
narrow,16,200,inf,6,hungarian,pp,20,5,1,1275,200,0,0,15.686274509803921,554.07,486.155,67.915,13583,14461,288,0,0,16,0,0,0,0,0,0,399,5583,340768,900.191201999929,18.926323000028788,0.706032315294062,0.6658333333333334,0.5704324562555569,1275,20400,0,0,0,0,48,13,24,84,84,5,0.041917052921095016,cascade,narrow-16/restart,955.865475999999
narrow,16,200,inf,7,hungarian,pp,20,5,1,1165,200,0,0,17.167381974248926,522.325,455.705,66.62,13324,14034,193,0,0,16,0,0,0,0,0,0,381,5261,302807,735.2677840000179,24.55236099990725,0.631131145064393,0.7148068669527897,0.6105257509017388,1165,18640,0,0,0,0,18,12,18,87,87,4,0.06511631625983894,cascade,narrow-16/restart,786.1607199999999
narrow,16,200,inf,8,hungarian,pp,20,5,1,1178,200,0,0,16.97792869269949,569.005,497.965,71.04,14208,14469,261,0,0,16,0,0,0,0,0,0,384,5300,337609,664.6914450000622,37.76820300001418,0.5642541977929221,0.7538200339558574,0.588196290073895,1178,18848,0,0,0,0,20,13,22,77,77,40,0.06816631997395453,cascade,narrow-16/restart,697.4083790000004
narrow,16,200,inf,9,hungarian,pp,20,5,1,1220,200,0,0,16.39344262295082,508.815,442.495,66.32,13264,13828,178,0,0,16,0,0,0,0,0,0,394,5505,332785,643.3919600001245,20.438491000015347,0.5273704590164955,0.6795081967213115,0.6791253084832957,1220,19520,0,0,0,0,20,6,11,98,98,10,0.05992712652292154,cascade,narrow-16/restart,671.0761420000053
narrow,16,200,inf,10,hungarian,pp,20,5,1,1150,200,0,0,17.391304347826086,519.465,451.01,68.455,13691,14060,152,1,0,16,2,0,0,0,0,0,367,5050,252719,444.915169999862,10.895561999954225,0.38688275652161913,0.7440760869565217,0.6582499826095204,1150,18400,1,0,0,0,20,7,12,65,65,8,0.051263726137951104,cascade,narrow-16/restart,473.6001710000055
narrow,16,200,inf,11,hungarian,pp,20,5,1,1187,200,0,0,16.849199663016005,510.36,444.52,65.84,13168,13898,205,2,0,16,4,0,0,0,0,0,377,5228,304372,761.5541130000638,16.36928900008934,0.6415788652064565,0.6933445661331087,0.6738153431739567,1187,18992,2,0,0,0,21,7,16,99,99,151,0.049613080695644324,cascade,narrow-16/restart,801.3245650000026
narrow,16,200,inf,12,hungarian,pp,20,5,1,1142,200,0,0,17.513134851138354,517.63,451.91,65.72,13144,13573,238,5,0,16,3,0,0,0,0,0,377,5187,320789,514.6818280000443,22.078574000035587,0.4506846129597586,0.7193520140105079,0.675150948070714,1142,18272,5,0,0,0,23,13,22,44,44,61,0.06207545677386231,cascade,narrow-16/restart,543.8140800000037
narrow,16,200,inf,13,hungarian,pp,20,5,1,1133,200,0,0,17.6522506619594,526.295,458.96,67.335,13467,13775,163,5,0,16,3,0,0,0,0,0,364,5005,301271,587.9652220001735,27.14255299996148,0.5189454739630834,0.7428839364518977,0.5866234507257374,1133,18128,5,0,0,0,24,6,13,114,114,26,0.08149907788615723,cascade,narrow-16/restart,619.2131520000039
narrow,16,200,inf,14,hungarian,pp,20,5,1,1220,200,0,0,16.39344262295082,540.215,473.545,66.67,13334,14207,210,5,0,16,3,0,0,0,0,0,388,5408,291229,608.6030750000355,26.041372999970918,0.49885497950822577,0.683094262295082,0.5847938667992164,1220,19520,5,0,0,0,27,8,18,48,48,30,0.05331148823220361,cascade,narrow-16/restart,640.3131270000013
narrow,16,200,inf,15,hungarian,pp,20,5,1,1180,200,0,0,16.949152542372882,557.46,488.285,69.175,13835,14262,210,0,0,16,0,0,0,0,0,0,388,5371,299023,666.4303700000019,20.203874000049836,0.5647715000000015,0.7327860169491526,0.5729991536888315,1180,18880,0,0,0,0,22,12,21,62,62,124,0.05778169105760761,cascade,narrow-16/restart,711.5893279999946
narrow,16,200,inf,16,hungarian,pp,20,5,1,1110,200,0,0,18.01801801801802,507.825,441.66,66.165,13233,13420,201,0,0,16,0,0,0,0,0,0,362,4965,300765,695.0580039999841,29.10348400008661,0.6261783819819676,0.7451013513513514,0.6638882017642279,1110,17760,0,0,0,0,23,8,17,62,62,10,0.08316704552602061,cascade,narrow-16/restart,725.2085490000027
narrow,16,200,inf,17,hungarian,pp,20,5,1,1185,200,0,0,16.877637130801688,539.56,473.045,66.515,13303,13961,199,3,0,16,4,0,0,0,0,0,376,5276,301864,747.35905799998,15.134870999972918,0.6306827493670717,0.7016350210970465,0.6259728026482771,1185,18960,3,0,0,0,20,8,17,50,50,16,0.06893615734651698,cascade,narrow-16/restart,785.8754279999994
narrow,16,200,inf,18,hungarian,pp,20,5,1,1197,200,0,0,16.70843776106934,515.74,449.7,66.04,13208,13663,178,0,0,16,0,0,0,0,0,0,391,5456,333156,841.2805390000794,29.774755999991612,0.7028241762740848,0.689640768588137,0.6293201615281553,1197,19152,0,0,0,0,20,12,22,143,143,104,0.07269933650177057,cascade,narrow-16/restart,908.5506160000004
narrow,16,200,inf,19,hungarian,pp,20,5,1,1264,200,0,0,15.822784810126583,521.025,455.645,65.38,13076,13943,169,0,0,16,0,0,0,0,0,0,402,5540,285265,727.6978840000738,24.93780400000105,0.5757103512658812,0.6465585443037974,0.6372641637009148,1264,20224,0,0,0,0,28,6,14,65,65,145,0.03886167913898972,cascade,narrow-16/restart,784.036159999996
narrow,16,200,inf,20,hungarian,pp,20,5,1,1210,200,0,0,16.52892561983471,536.15,468.58,67.57,13514,14211,173,0,0,16,0,0,0,0,0,0,385,5350,295457,566.4682480000047,25.094443999958457,0.468155576859508,0.6980371900826446,0.6143620613740788,1210,19360,0,0,0,0,38,10,23,152,152,81,0.057185785207711115,cascade,narrow-16/restart,618.5672730000006
narrow,16,200,inf,21,hungarian,pp,20,5,1,1191,200,0,0,16.79261125104954,535.62,466.77,68.85,13770,14317,211,1,0,16,2,0,0,0,0,0,380,5259,310123,366.9376570000022,10.52486500005034,0.3080920713685997,0.7226070528967254,0.6224295439095728,1191,19056,1,0,0,0,25,10,19,76,76,115,0.02629994773454994,cascade,narrow-16/restart,388.211884999997
narrow,16,200,inf,22,hungarian,pp,20,5,1,1187,200,0,0,16.849199663016005,540.82,472.72,68.1,13620,14164,228,8,0,16,5,0,0,0,0,0,384,5353,297113,575.5804779999235,19.907658999945852,0.4849035197977451,0.7171440606571188,0.583228920468423,1187,18992,8,0,0,0,27,14,24,113,113,39,0.05839346542377022,cascade,narrow-16/restart,609.3225870000024
narrow,16,200,inf,23,hungarian,pp,20,5,1,1235,200,0,0,16.194331983805668,538.76,470.275,68.485,13697,14437,185,1,0,16,1,0,0,0,0,0,381,5335,279620,681.574425000028,23.58151500006352,0.5518821255060955,0.693168016194332,0.5815421400786412,1235,19760,1,0,0,0,19,6,12,45,45,18,0.08051697777696004,cascade,narrow-16/restart,722.3061400000006
narrow,16,200,inf,24,hungarian,pp,20,5,1,1374,200,0,0,14.55604075691412,526.995,460.225,66.77,13354,14270,307,6,0,16,5,0,0,0,0,0,421,6059,351029,870.6690369999487,23.46032299997023,0.633674699417721,0.6074417758369723,0.5840246626110347,1374,21984,6,0,0,0,52,10,21,82,82,54,0.051538790107892196,cascade,narrow-16/restart,910.3819710000025
narrow,16,200,inf,25,hungarian,pp,20,5,1,1275,200,0,0,15.686274509803921,541.12,472.89,68.23,13646,14161,216,5,0,16,3,0,0,0,0,0,399,5588,306598,639.2025189999549,19.09701800000039,0.5013353090195725,0.668921568627451,0.5776123275846871,1275,20400,5,0,0,0,24,10,18,86,86,50,0.0691688998959975,cascade,narrow-16/restart,689.6772300000011
narrow,16,200,inf,26,hungarian,pp,20,5,1,1128,200,0,0,17.73049645390071,498.995,431.415,67.58,13516,13673,239,0,0,16,0,0,0,0,0,0,366,5070,342265,599.5161260000459,15.652981000013824,0.5314859273050052,0.7488918439716312,0.7138529459543429,1128,18048,0,0,0,0,23,13,22,90,90,61,0.06059105151221253,cascade,narrow-16/restart,636.6479729999992
narrow,16,200,inf,27,hungarian,pp,20,5,1,1225,200,0,0,16.3265306122449,565.8,498.28,67.52,13504,14185,204,0,0,16,0,0,0,0,0,0,390,5457,315847,479.31930999990436,9.77307400006248,0.39128106938767704,0.6889795918367347,0.5352303846971865,1225,19600,0,0,0,0,22,6,14,85,85,66,0.05482749996334427,cascade,narrow-16/restart,501.4008690000046
narrow,16,200,inf,28,hungarian,pp,20,5,1,1126,200,0,0,17.761989342806395,512.33,444.6,67.73,13546,13652,180,2,0,16,2,0,0,0,0,0,378,5205,320252,778.4397579999495,24.936654000062845,0.6913319342805946,0.7518872113676732,0.6866454702639159,1126,18016,2,0,0,0,18,6,14,72,72,1,0.07546827953476504,cascade,narrow-16/restart,822.0063660000014
narrow,16,200,inf,29,hungarian,pp,20,5,1,1160,200,0,0,17.24137931034483,541.195,474.1,67.095,13419,13943,199,6,0,16,2,0,0,0,0,0,378,5238,299770,503.28906900003494,13.113433999984409,0.43386988706899565,0.7230064655172413,0.58556830445647,1160,18560,6,0,0,0,31,12,21,57,57,105,0.06289291758518684,cascade,narrow-16/restart,530.5063410000002
narrow,16,200,inf,30,hungarian,pp,20,5,1,1200,200,0,0,16.666666666666668,494.105,427.38,66.725,13345,13829,176,0,0,16,0,0,0,0,0,0,390,5395,301521,656.1204410000792,14.343537000007927,0.5467670341667327,0.6950520833333333,0.7133317453597708,1200,19200,0,0,0,0,30,12,18,51,51,88,0.05474400478973998,cascade,narrow-16/restart,715.8834620000052
narrow,16,200,inf,1,hungarian,pp,20,5,1,1080,6,194,1,0.5555555555555556,55.166666666666664,0.8333333333333334,54.333333333333336,326,3962,13073,0,1,0,1219,0,0,0,0,0,223,4778,894913,1809.7165229999373,1.5657540000465815,1.675663447222164,0.6335069444444444,0.33907531478495045,1080,17280,0,0,0,1,1001,1046,1046,1050,1050,0,0.00036786059011096846,cascade,narrow-16/static,1834.4382289999994
narrow,16,200,inf,2,hungarian,pp,20,5,1,1117,11,189,1,0.9847806624888094,58.54545454545455,5.909090909090909,52.63636363636363,579,5475,12100,0,2,0,1064,0,0,0,0,0,234,4789,1071908,1592.4932059999192,2.257378999958746,1.4256877403759347,0.6940465532676813,0.25848165245388083,1117,17872,0,0,0,2,1001,1069,1069,1077,1077,0,0.0001033494159628349,cascade,narrow-16/static,1622.0698830000038
narrow,16,200,inf,3,hungarian,pp,20,5,1,1082,7,193,1,0.6469500924214417,63.714285714285715,0.7142857142857143,63,441,4144,12960,0,1,0,1222,0,0,0,0,0,224,4798,967222,1591.2062379999697,2.4292139999670326,1.4706157467652217,0.6437731053604436,0.3005726767121737,1082,17312,0,0,0,1,1001,1026,1026,1040,1040,0,0.0009964408407035327,cascade,narrow-16/static,1622.044280000002
narrow,16,200,inf,4,hungarian,pp,20,5,1,1094,9,191,1,0.8226691042047533,57.77777777777778,5,52.77777777777778,475,4795,12377,0,2,0,1083,0,0,0,0,0,226,4663,1023406,1907.2286350000213,1.9191330000467133,1.7433534140768019,0.6917847349177331,0.3155168314077112,1094,17504,0,0,0,2,1001,1044,1044,1062,1062,0,0.0004957442387985398,cascade,narrow-16/static,1940.8517439999996
narrow,16,200,inf,5,hungarian,pp,20,5,1,1108,9,191,1,0.8122743682310469,63.22222222222222,6.666666666666667,56.55555555555556,509,5027,12451,0,1,0,1040,0,0,0,0,0,229,4683,1066715,1922.9845539999878,1.9308469999668887,1.7355456263537796,0.6960740072202166,0.2869909952793303,1108,17728,0,0,0,1,1001,1068,1068,1070,1070,0,0.0005107102463067083,cascade,narrow-16/static,1951.1960929999987
narrow,16,200,inf,6,hungarian,pp,20,5,1,1139,10,190,1,0.8779631255487269,71.7,14.4,57.3,573,4735,12538,0,4,0,1059,0,0,0,0,0,239,4722,1037783,2080.7202630000247,2.0053769999431097,1.8267956654960709,0.661215978928885,0.2563082778386322,1139,18224,0,0,0,4,1001,1079,1079,1094,1094,0,0.00006892076898766907,cascade,narrow-16/static,2142.195206999997
narrow,16,200,inf,7,hungarian,pp,20,5,1,1111,12,188,1,1.08010801080108,66.41666666666667,6.916666666666667,59.5,714,4278,13259,0,2,0,1261,0,0,0,0,0,232,4956,975721,1434.9930959999256,3.029973999968206,1.2916229486948025,0.6432830783078308,0.2815668251500619,1111,17776,0,0,0,2,1001,1055,1055,1078,1078,0,0.0007686300555298851,cascade,narrow-16/static,1476.2305330000017
narrow,16,200,inf,8,hungarian,pp,20,5,1,1664,16,184,1,0.9615384615384616,177.6875,124.375,53.3125,853,6075,17108,0,7,1,1395,0,0,0,0,0,354,6390,1350455,2835.5116509999352,7.274635999972816,1.704033444110538,0.5876277043269231,0.16997568843646632,1664,26624,0,0,0,7,1001,1616,1616,1632,1632,5,0.000007278718432693077,cascade,narrow-16/static,2879.102605
narrow,16,200,inf,9,hungarian,pp,20,5,1,1295,18,182,1,1.38996138996139,100.05555555555556,48.388888888888886,51.666666666666664,930,6285,13765,0,4,0,1256,0,0,0,0,0,277,5589,1235247,2494.3100609999965,2.870444999971369,1.9261081552123525,0.6814671814671814,0.2111085333499146,1295,20720,0,0,0,4,1001,1234,1234,1257,1257,0,0.00015921675712466014,cascade,narrow-16/static,2550.733647000001
narrow,16,200,inf,10,hungarian,pp,20,5,1,1071,7,193,1,0.6535947712418301,56.714285714285715,0,56.714285714285715,397,4064,12929,0,1,0,1237,0,0,0,0,0,220,4754,924568,1901.4398109999966,9.676370000066527,1.7753873118580734,0.6435574229691877,0.3435459997259127,1071,17136,0,0,0,1,1001,1021,1021,1041,1041,0,0.00046372613795624086,cascade,narrow-16/static,1924.3492570000017
narrow,16,200,inf,11,hungarian,pp,20,5,1,1094,10,190,1,0.9140767824497258,58.9,8,50.9,509,5487,11907,0,1,0,1052,0,0,0,0,0,228,4700,1055618,1682.899112999905,2.1852380000418634,1.5382990063984505,0.7039533820840951,0.27443990209957353,1094,17504,0,0,0,1,1001,1043,1043,1064,1064,0,0.0008070571903195206,cascade,narrow-16/static,1767.5752310000025
narrow,16,200,inf,12,hungarian,pp,20,5,1,1082,9,191,1,0.8317929759704251,56.666666666666664,0,56.666666666666664,510,3792,13428,0,0,0,1241,0,0,0,0,0,224,4830,966531,1294.7449359999446,1.698636000008264,1.1966219371533684,0.646199168207024,0.34030094807072936,1082,17312,0,0,0,0,1001,1038,1038,1055,1055,0,0.07802045796551588,cascade,narrow-16/static,1316.3959820000018
narrow,16,200,inf,13,hungarian,pp,20,5,1,1223,16,184,1,1.3082583810302535,82.25,30.5625,51.6875,827,4831,13502,0,5,0,1081,0,0,0,0,0,262,5047,1059087,1756.0981950000132,2.9934480000520125,1.4358938634505423,0.6493765331152903,0.2075698678169406,1223,19568,0,0,0,5,1001,1175,1175,1189,1189,0,0.00008342598937848659,cascade,narrow-16/static,1776.387324999996
narrow,16,200,inf,14,hungarian,pp,20,5,1,1135,10,190,1,0.8810572687224669,62.9,9,53.9,539,3819,13970,0,2,0,1058,0,0,0,0,0,236,4990,1119064,1726.9985009999655,6.7487939999991795,1.521584582378824,0.6902533039647577,0.28970042070234703,1135,18160,0,0,0,2,1001,1084,1084,1099,1099,0,0.00015335624590918665,cascade,narrow-16/static,1756.1715089999998
narrow,16,200,inf,15,hungarian,pp,20,5,1,1072,7,193,1,0.6529850746268657,56.714285714285715,2.142857142857143,54.57142857142857,382,3986,12958,0,1,0,1242,0,0,0,0,0,222,4786,885996,1172.4563019999696,1.5283970000018599,1.0937092369402701,0.6380013992537313,0.27477529799774464,1072,17152,0,0,0,1,1001,1038,1038,1040,1040,0,0.0001816910576117178,cascade,narrow-16/static,1201.5500239999965
narrow,16,200,inf,16,hungarian,pp,20,5,1,1104,10,190,1,0.9057971014492754,59.9,7.5,52.4,524,4987,12385,0,2,0,1034,0,0,0,0,0,229,4660,1036184,1293.651864000014,2.761501999979373,1.171786108695665,0.6928215579710145,0.26418979582109214,1104,17664,0,0,0,2,1001,1058,1058,1079,1079,0,0.000007449564343800941,cascade,narrow-16/static,1307.8842379999987
narrow,16,200,inf,17,hungarian,pp,20,5,1,1075,7,193,1,0.6511627906976745,54.714285714285715,1.4285714285714286,53.285714285714285,373,4062,13018,0,0,0,1235,0,0,0,0,0,221,4777,951038,1545.317374999955,1.5794620000306168,1.437504534883679,0.6440697674418605,0.30344780264829063,1075,17200,0,0,0,0,1001,1031,1031,1047,1047,0,0.026184101292683185,cascade,narrow-16/static,1570.984881000004
narrow,16,200,inf,18,hungarian,pp,20,5,1,1183,17,183,1,1.4370245139475908,84.82352941176471,37.76470588235294,47.05882352941177,800,5707,12609,0,4,0,1152,0,0,0,0,0,253,5115,1135340,2072.511652000001,6.960523999980069,1.7519117937447177,0.6835376162299239,0.20150426154214712,1183,18928,0,0,0,4,1001,1133,1133,1154,1154,0,0.00003607149758075545,cascade,narrow-16/static,2115.9486099999995
narrow,16,200,inf,19,hungarian,pp,20,5,1,1103,9,191,1,0.8159564823209429,64.44444444444444,8.222222222222221,56.22222222222222,506,4164,13169,0,2,0,1255,0,0,0,0,0,230,4903,955242,1371.6699319999825,2.09850999993796,1.243581080689014,0.6371826835902086,0.31335667787214433,1103,17648,0,0,0,2,1001,1051,1051,1069,1069,0,0.00043836982641868823,cascade,narrow-16/static,1394.9549600000028
narrow,16,200,inf,20,hungarian,pp,20,5,1,1093,11,189,1,1.0064043915827996,57.27272727272727,5,52.27272727272727,575,4284,13084,0,1,0,1253,0,0,0,0,0,227,4887,911900,1680.9449759999843,1.9134889999550069,1.5379185507776618,0.6461573650503202,0.29473941653098773,1093,17488,0,0,0,1,1001,1037,1037,1048,1048,0,0.0005623174896523388,cascade,narrow-16/static,1704.403188999997
narrow,16,200,inf,21,hungarian,pp,20,5,1,1068,6,194,1,0.5617977528089888,54.5,0.8333333333333334,53.666666666666664,322,3986,12962,0,1,0,1233,0,0,0,0,0,220,4754,908937,1790.1503639999428,1.6700469999850611,1.6761707528089351,0.6414442883895131,0.33274991208046373,1068,17088,0,0,0,1,1001,1028,1028,1044,1044,0,0.000874109265958586,cascade,narrow-16/static,1811.9354179999937
narrow,16,200,inf,22,hungarian,pp,20,5,1,1117,10,190,1,0.8952551477170994,62.9,13,49.9,499,4337,13066,0,5,0,1076,0,0,0,0,0,237,4786,1047415,1463.9268530000918,2.1732099999280763,1.3105880510296255,0.6834713518352731,0.25379740377253807,1117,17872,0,0,0,5,1001,1070,1067,1084,1084,0,0.00004066099543711222,cascade,narrow-16/static,1488.2092770000017
narrow,16,200,inf,23,hungarian,pp,20,5,1,1103,9,191,1,0.8159564823209429,62.44444444444444,7.777777777777778,54.666666666666664,492,4166,13222,0,2,0,1256,0,0,0,0,0,225,4837,958734,1510.1100519999964,1.8833440000162227,1.369093428830459,0.6393925657298277,0.2989871895789553,1103,17648,0,0,0,2,1001,1057,1050,1069,1069,0,0.0001232623523154207,cascade,narrow-16/static,1543.832789
narrow,16,200,inf,24,hungarian,pp,20,5,1,2054,28,172,1,1.3631937682570594,295.4642857142857,243.28571428571428,52.17857142857143,1461,6517,20236,0,9,1,1432,0,0,0,0,0,440,7287,1426369,2100.8379299999724,4.949426000042877,1.0228032765335795,0.5969145569620253,0.11269218822197308,2054,32864,0,0,0,9,1001,2008,2008,2013,2013,5,0.00001007827558097878,cascade,narrow-16/static,2141.6353460000028
narrow,16,200,inf,25,hungarian,pp,20,5,1,2449,25,175,1,1.0208248264597795,409.24,337.84,71.4,1785,5413,25721,0,8,1,1456,0,0,0,0,0,514,8674,1555277,1848.0744929999419,5.2209380000131205,0.7546241294405642,0.5966210698244181,0.09435561152216447,2449,39184,0,0,0,8,1001,2399,2387,2415,2415,2,0.00004506019839188024,cascade,narrow-16/static,1888.822564999995
narrow,16,200,inf,26,hungarian,pp,20,5,1,1144,10,190,1,0.8741258741258742,69.4,19.4,50,500,5197,12322,0,3,0,1127,0,0,0,0,0,237,4796,1041944,1748.645643999931,6.629917000005662,1.5285364020978418,0.6687609265734266,0.3145738024524673,1144,18304,0,0,0,3,1001,1093,1093,1112,1112,0,0.0000275305153836637,cascade,narrow-16/static,1780.882915000002
narrow,16,200,inf,27,hungarian,pp,20,5,1,1074,6,194,1,0.5586592178770949,55,0.8333333333333334,54.166666666666664,325,3138,13700,0,2,0,1230,0,0,0,0,0,222,4742,851977,1341.9927670000325,5.859236000098463,1.2495277160149278,0.6353584729981379,0.2865223793658358,1074,17184,0,0,0,2,1001,1037,1037,1046,1046,0,0.00015855289288315655,cascade,narrow-16/static,1357.4675379999971
narrow,16,200,inf,28,hungarian,pp,20,5,1,1082,10,190,1,0.9242144177449169,57.6,0.5,57.1,571,3390,13567,0,2,0,1218,0,0,0,0,0,228,4823,832622,1230.5330460001132,5.954230999901483,1.1372763826248735,0.6349930683918669,0.39956903101738295,1082,17312,0,0,0,2,1001,1020,1020,1038,1038,0,0.0002224405350210795,cascade,narrow-16/static,1254.3283559999982
narrow,16,200,inf,29,hungarian,pp,20,5,1,1074,7,193,1,0.6517690875232774,55.714285714285715,0.7142857142857143,55,385,3248,13661,0,1,0,1415,0,0,0,0,0,223,4961,965946,1349.7184289999495,1.4878060000482947,1.2567210698323552,0.6363477653631285,0.31448749710741064,1074,17184,0,0,0,1,1001,1028,1028,1044,1044,0,0.00009291758519049562,cascade,narrow-16/static,1381.4164380000002
narrow,16,200,inf,30,hungarian,pp,20,5,1,2011,36,164,1,1.790154152163103,273.77777777777777,229.13888888888889,44.638888888888886,1607,7325,20136,0,7,1,1556,0,0,0,0,0,435,7618,1476475,1674.8743040000045,5.796530000094208,0.8328564415713597,0.6153654898060666,0.14840205404775247,2011,32176,0,0,0,7,1001,1973,1973,1983,1983,1,0.00006874895729070988,cascade,narrow-16/static,1715.216938999998
