layout,fleetSize,numTasks,arrivalRate,seed,alloc,mapf,window,period,wBattery,makespan,tasksCompleted,tasksUnfinished,deadlocked,throughput,meanServiceTime,meanWaitTime,meanExecTime,sumOfCosts,moveActions,waitActions,conflicts,depletionEvents,chargeSessions,holdEvents,cbsFallbacks,cbsBudgetExceeded,taskSwaps,tpSearchLimitHits,tpSwapVetoes,epochs,astarCalls,expansions,plannerMs,allocMs,plannerMsPerTick,utilization,finalMeanSoc,audit_ticks,audit_robotTicks,audit_vertexConflicts,audit_swapConflicts,audit_illegalMoves,audit_depletions,audit_maxNoProgress,audit_maxWaitStreak,audit_maxTripWaits,audit_maxTripDelay,audit_maxWorkTripDelay,audit_maxSlotWait,audit_minSoc,sweep,variant,wallMs
narrow,16,200,inf,1,greedy,pp,20,5,1,1210,200,0,0,16.52892561983471,552.545,481.55,70.995,14199,14515,218,0,0,16,2,0,0,0,0,0,388,5373,292147,666.5449050000022,39.83650299999897,0.5508635578512415,0.7334194214876033,0.6070858060718192,1210,19360,0,0,0,0,25,13,23,50,50,31,0.06157157056853185,coupling,narrow-aisles/greedy,763.090496
narrow,16,200,inf,2,greedy,pp,20,5,1,1185,200,0,0,16.877637130801688,518.865,453.145,65.72,13144,13653,185,0,0,16,1,0,0,0,0,0,376,5185,301914,602.3950980000003,42.21032400000047,0.5083502936708864,0.6932489451476793,0.6609016031580078,1185,18960,0,0,0,0,30,12,18,71,71,34,0.06926020471509617,coupling,narrow-aisles/greedy,679.338233
narrow,16,200,inf,3,greedy,pp,20,5,1,1184,200,0,0,16.89189189189189,521.255,454.56,66.695,13339,13920,237,0,0,16,3,0,0,0,0,0,385,5299,324944,706.9848650000005,63.00905500000067,0.5971155954391896,0.704127956081081,0.6278849542647047,1184,18944,0,0,0,0,18,12,21,47,47,1,0.056286663458311514,coupling,narrow-aisles/greedy,796.8085669999999
narrow,16,200,inf,4,greedy,pp,20,5,1,1195,200,0,0,16.736401673640167,517.455,450.31,67.145,13429,13887,186,0,0,16,3,0,0,0,0,0,390,5405,301377,650.8339960000008,50.22512699999794,0.5446309589958165,0.7023535564853557,0.6687428472949225,1195,19120,0,0,0,0,19,6,15,55,55,1,0.07173753278441897,coupling,narrow-aisles/greedy,742.4496180000001
narrow,16,200,inf,5,greedy,pp,20,5,1,1255,200,0,0,15.936254980079681,550.925,479.645,71.28,14256,14757,238,0,0,16,3,0,0,0,0,0,407,5672,308812,664.1626889999989,36.90141999999901,0.5292132980079672,0.7099601593625497,0.6151479146697126,1255,20080,0,0,0,0,22,13,17,40,40,43,0.043087455459684176,coupling,narrow-aisles/greedy,748.57161
narrow,16,200,inf,6,greedy,pp,20,5,1,1261,200,0,0,15.860428231562253,553.08,485.22,67.86,13572,14491,223,0,0,16,2,0,0,0,0,0,405,5635,328065,681.6064159999997,44.94398300000182,0.540528482157018,0.6726804123711341,0.5639324562555568,1261,20176,0,0,0,0,25,9,16,86,86,1,0.08162642905339623,coupling,narrow-aisles/greedy,769.942861
narrow,16,200,inf,7,greedy,pp,20,5,1,1195,200,0,0,16.736401673640167,519.28,451.74,67.54,13508,14055,186,0,0,16,3,0,0,0,0,0,384,5299,313592,656.4087530000003,42.55774800000131,0.549296027615063,0.7064853556485355,0.6060757509017394,1195,19120,0,0,0,0,39,8,13,63,63,1,0.042316316259839115,coupling,narrow-aisles/greedy,745.972215
narrow,16,200,inf,8,greedy,pp,20,5,1,1175,200,0,0,17.02127659574468,555.87,486.665,69.205,13841,14531,130,0,0,16,2,0,0,0,0,0,373,5157,262077,619.245780000001,62.12299599999983,0.5270176851063838,0.7362234042553192,0.575296290073895,1175,18800,0,0,0,0,22,6,8,65,65,11,0.048366319973954436,coupling,narrow-aisles/greedy,717.1050009999999
narrow,16,200,inf,9,greedy,pp,20,5,1,1265,200,0,0,15.810276679841897,520.65,453.14,67.51,13502,13995,226,0,0,16,1,0,0,0,0,0,400,5558,302574,606.3679290000007,43.40477299999992,0.47934223636363693,0.667094861660079,0.6582003084832964,1265,20240,0,0,0,0,39,16,25,133,133,80,0.03373565410859933,coupling,narrow-aisles/greedy,677.517828
narrow,16,200,inf,10,greedy,pp,20,5,1,1125,200,0,0,17.77777777777778,517.405,449.37,68.035,13607,13973,153,0,0,16,0,0,0,0,0,0,375,5135,284670,603.8289869999996,47.08320899999825,0.536736877333333,0.7559444444444444,0.6438749826095201,1125,18000,0,0,0,0,13,6,14,50,50,1,0.04423557417336979,coupling,narrow-aisles/greedy,695.30467
narrow,16,200,inf,11,greedy,pp,20,5,1,1256,200,0,0,15.92356687898089,520.6,453.35,67.25,13450,14177,296,0,0,16,10,0,0,0,0,0,401,5545,367923,636.2113990000018,35.51300299999832,0.5065377380573263,0.6692874203821656,0.6619903431739577,1256,20096,0,0,0,0,28,10,19,46,46,169,0.007052755838446647,coupling,narrow-aisles/greedy,687.1439889999999
narrow,16,200,inf,12,greedy,pp,20,5,1,1228,200,0,0,16.286644951140065,529.82,463.865,65.955,13191,13850,226,0,0,16,2,0,0,0,0,0,390,5378,319234,548.2035970000014,19.975257999996643,0.4464198672638448,0.6713660423452769,0.6470259480707155,1228,19648,0,0,0,0,32,9,17,101,101,44,0.05862045796550863,coupling,narrow-aisles/greedy,586.434801
narrow,16,200,inf,13,greedy,pp,20,5,1,1133,200,0,0,17.6522506619594,528.49,460.995,67.495,13499,13786,236,0,0,16,3,0,0,0,0,0,359,4907,282784,513.5472709999983,27.584556000002294,0.4532632577228582,0.7446491615180936,0.5997234507257373,1133,18128,0,0,0,0,16,14,23,95,95,17,0.06628342598937534,coupling,narrow-aisles/greedy,556.5421059999999
narrow,16,200,inf,14,greedy,pp,20,5,1,1215,200,0,0,16.46090534979424,552.29,485.485,66.805,13361,14202,186,0,0,16,2,0,0,0,0,0,393,5421,298950,534.6797640000032,28.18639300000177,0.44006564938271864,0.6872942386831276,0.5805188667992163,1215,19440,0,0,0,0,28,6,18,70,70,49,0.036353356245905105,coupling,narrow-aisles/greedy,584.518215
narrow,16,200,inf,15,greedy,pp,20,5,1,1195,200,0,0,16.736401673640167,565.335,496.34,68.995,13799,14281,197,0,0,16,2,0,0,0,0,0,375,5144,300618,578.5454129999971,20.922687999996697,0.4841384209204997,0.721705020920502,0.5830241536888316,1195,19120,0,0,0,0,15,11,16,63,63,121,0.034181691057607544,coupling,narrow-aisles/greedy,612.9897060000001
narrow,16,200,inf,16,greedy,pp,20,5,1,1090,200,0,0,18.34862385321101,502.37,437.575,64.795,12959,13369,127,0,0,16,2,0,0,0,0,0,359,4867,262195,494.7428090000012,21.806420999997954,0.45389248532110205,0.7430619266055046,0.6746632017642278,1090,17440,0,0,0,0,19,7,10,46,46,1,0.06887956325896155,coupling,narrow-aisles/greedy,535.100416
narrow,16,200,inf,17,greedy,pp,20,5,1,1185,200,0,0,16.877637130801688,538.255,472.675,65.58,13116,14020,176,0,0,16,3,0,0,0,0,0,385,5317,281493,592.9547109999951,31.381822999998803,0.5003837223628651,0.6917721518987342,0.608722802648277,1185,18960,0,0,0,0,22,14,20,68,68,15,0.06449502743668997,coupling,narrow-aisles/greedy,635.4459459999998
narrow,16,200,inf,18,greedy,pp,20,5,1,1165,200,0,0,17.167381974248926,498.61,433.74,64.87,12974,13700,220,0,0,16,0,0,0,0,0,0,378,5232,290617,497.50404000000026,20.84053299999823,0.4270420944206011,0.6960300429184549,0.6335451615281549,1165,18640,0,0,0,0,25,9,18,47,47,44,0.05526312552448448,coupling,narrow-aisles/greedy,534.069561
narrow,16,200,inf,19,greedy,pp,20,5,1,1285,200,0,0,15.56420233463035,534.96,469.31,65.65,13130,14128,227,0,0,16,2,0,0,0,0,0,395,5485,328539,667.2779070000029,25.089227999996183,0.5192824178988349,0.6386186770428015,0.604964163700915,1285,20560,0,0,0,0,49,10,16,43,43,126,0.0687071617688994,coupling,narrow-aisles/greedy,707.341095
narrow,16,200,inf,20,greedy,pp,20,5,1,1170,200,0,0,17.094017094017094,551.125,482.28,68.845,13769,14249,198,0,0,16,3,0,0,0,0,0,373,5161,296018,567.6227670000017,28.6219970000011,0.48514766410256555,0.7355235042735043,0.6051870613740777,1170,18720,0,0,0,0,19,11,17,65,65,107,0.08276231748964669,coupling,narrow-aisles/greedy,611.227104
narrow,16,200,inf,21,greedy,pp,20,5,1,1184,200,0,0,16.89189189189189,536.355,467.195,69.16,13832,14266,164,0,0,16,1,0,0,0,0,0,380,5219,298120,463.8974159999948,17.74263699999733,0.3918052499999956,0.730152027027027,0.6367795439095724,1184,18944,0,0,0,0,23,6,10,69,69,132,0.025239475662634438,coupling,narrow-aisles/greedy,501.5438869999998
narrow,16,200,inf,22,greedy,pp,20,5,1,1198,200,0,0,16.69449081803005,547.755,481,66.755,13351,14230,231,0,0,16,3,0,0,0,0,0,368,5072,288146,521.1433830000001,14.49449799999934,0.43501117111853094,0.6965254590984975,0.579353920468423,1198,19168,0,0,0,0,47,12,17,57,57,90,0.06830393728856074,coupling,narrow-aisles/greedy,564.410756
narrow,16,200,inf,23,greedy,pp,20,5,1,1330,200,0,0,15.037593984962406,542.995,475.905,67.09,13418,14337,181,0,0,16,0,0,0,0,0,0,410,5751,296802,517.7264849999929,16.606432999997878,0.3892680338345811,0.6305451127819549,0.5665671400786434,1330,21280,0,0,0,0,27,7,10,68,68,19,0.035267973834834904,coupling,narrow-aisles/greedy,561.4955990000001
narrow,16,200,inf,24,greedy,pp,20,5,1,1292,200,0,0,15.479876160990711,526.88,460.115,66.765,13353,14254,250,0,0,16,5,0,0,0,0,0,402,5586,316790,456.0756209999961,18.57598199999711,0.3529997066563437,0.6459462074303406,0.597649662611033,1292,20672,0,0,0,0,56,13,16,155,155,29,0.038738790107892496,coupling,narrow-aisles/greedy,492.36191900000017
narrow,16,200,inf,25,greedy,pp,20,5,1,1259,200,0,0,15.885623510722796,527.405,461.36,66.045,13209,14026,204,0,0,16,2,0,0,0,0,0,396,5537,264400,452.5790820000018,17.266841999999542,0.3594750452740284,0.6557287529785544,0.580087327584687,1259,20144,0,0,0,0,19,11,21,58,58,34,0.06464942799676257,coupling,narrow-aisles/greedy,496.10808799999995
narrow,16,200,inf,26,greedy,pp,20,5,1,1154,200,0,0,17.33102253032929,512.94,443.57,69.37,13874,14138,219,0,0,16,2,0,0,0,0,0,383,5273,341126,535.1918629999991,14.616092999999637,0.46377111178509456,0.7514081455805892,0.6922279459543429,1154,18464,0,0,0,0,26,8,17,119,119,1,0.055164755402879295,coupling,narrow-aisles/greedy,567.3888030000003
narrow,16,200,inf,27,greedy,pp,20,5,1,1242,200,0,0,16.10305958132045,560.805,493.63,67.175,13435,14230,212,0,0,16,2,0,0,0,0,0,400,5542,294831,474.25921899999844,15.767279000001508,0.38185122302737395,0.6760768921095008,0.5377053846971869,1242,19872,0,0,0,0,22,11,20,63,63,34,0.052427499963343394,coupling,narrow-aisles/greedy,509.87217299999975
narrow,16,200,inf,28,greedy,pp,20,5,1,1132,200,0,0,17.6678445229682,516.775,448.46,68.315,13663,13734,217,0,0,16,4,0,0,0,0,0,365,5013,310785,475.72280400000295,14.48506599999655,0.4202498268551263,0.7543617491166078,0.7034454702639159,1132,18112,0,0,0,0,16,6,14,75,75,1,0.0706506107920783,coupling,narrow-aisles/greedy,517.8390210000002
narrow,16,200,inf,29,greedy,pp,20,5,1,1166,200,0,0,17.152658662092623,544.555,476.59,67.965,13593,14038,224,0,0,16,3,0,0,0,0,0,384,5272,305203,524.5105799999997,21.266600999996854,0.44983754716981106,0.7286127787307033,0.59846830445647,1166,18656,0,0,0,0,23,7,20,84,84,69,0.03767080401908626,coupling,narrow-aisles/greedy,557.20468
narrow,16,200,inf,30,greedy,pp,20,5,1,1194,200,0,0,16.75041876046901,502.79,435.955,66.835,13367,13769,185,0,0,16,3,0,0,0,0,0,377,5154,285083,417.0132699999933,12.348651999996036,0.3492573450586209,0.6996963986599665,0.7370317453597703,1194,19104,0,0,0,0,25,6,15,56,56,123,0.04289079449009206,coupling,narrow-aisles/greedy,446.27165500000024
narrow,16,200,inf,1,hungarian,pp,20,5,1,1235,200,0,0,16.194331983805668,555.505,484.445,71.06,14212,14631,214,0,0,16,4,0,0,0,0,0,394,5473,330881,515.9725150000077,26.40419099999781,0.4177915101214637,0.7192307692307692,0.6131858060718194,1235,19760,0,0,0,0,37,14,22,48,48,15,0.07099415871165807,coupling,narrow-aisles/hungarian,545.6554730000003
narrow,16,200,inf,2,hungarian,pp,20,5,1,1275,200,0,0,15.686274509803921,533.455,467.235,66.22,13244,13953,194,0,0,16,4,0,0,0,0,0,397,5517,312882,493.0392030000071,19.958557999997538,0.3866974141176526,0.6492156862745098,0.6353766031580095,1275,20400,0,0,0,0,30,7,16,58,58,62,0.06330334941595814,coupling,narrow-aisles/hungarian,521.0491710000001
narrow,16,200,inf,3,hungarian,pp,20,5,1,1209,200,0,0,16.542597187758478,526.115,459.145,66.97,13394,14051,214,0,0,16,2,0,0,0,0,0,397,5481,341285,524.7501829999997,30.994469999998728,0.43403654507857703,0.6924110835401158,0.6160099542647051,1209,19344,0,0,0,0,33,9,18,48,48,1,0.0843640193147589,coupling,narrow-aisles/hungarian,554.8138749999998
narrow,16,200,inf,4,hungarian,pp,20,5,1,1260,200,0,0,15.873015873015873,520.455,453.585,66.87,13374,13929,241,0,0,16,2,0,0,0,0,0,392,5481,308373,464.41901999999845,24.588169999998627,0.36858652380952256,0.6633928571428571,0.639017847294924,1260,20160,0,0,0,0,36,10,19,67,67,2,0.07909574423879409,coupling,narrow-aisles/hungarian,499.24445000000014
narrow,16,200,inf,5,hungarian,pp,20,5,1,1227,200,0,0,16.299918500407497,545.77,475.655,70.115,14023,14637,165,0,0,16,2,0,0,0,0,0,393,5473,286448,486.0093800000086,22.841758999998092,0.3960956642216859,0.7142929910350448,0.6169979146697122,1227,19632,0,0,0,0,19,5,10,51,51,60,0.04557163664680019,coupling,narrow-aisles/hungarian,515.5926800000002
narrow,16,200,inf,6,hungarian,pp,20,5,1,1278,200,0,0,15.64945226917058,547.035,479.395,67.64,13528,14484,213,0,0,16,1,0,0,0,0,0,395,5473,319250,457.36232200000586,19.99562899999637,0.35787349139280583,0.6615805946791862,0.5699824562555571,1278,20448,0,0,0,0,47,15,24,51,51,2,0.0691819342562931,coupling,narrow-aisles/hungarian,485.21078999999963
narrow,16,200,inf,7,hungarian,pp,20,5,1,1165,200,0,0,17.167381974248926,522.325,455.705,66.62,13324,14034,193,0,0,16,1,0,0,0,0,0,381,5253,302178,494.05309700000316,27.002602999999453,0.4240799115879855,0.7148068669527897,0.6105257509017388,1165,18640,0,0,0,0,18,12,18,87,87,4,0.06511631625983894,coupling,narrow-aisles/hungarian,526.4466699999998
narrow,16,200,inf,8,hungarian,pp,20,5,1,1178,200,0,0,16.97792869269949,569.005,497.965,71.04,14208,14469,261,0,0,16,0,0,0,0,0,0,384,5300,337609,572.6087129999951,29.34725599999547,0.48608549490661723,0.7538200339558574,0.588196290073895,1178,18848,0,0,0,0,20,13,22,77,77,40,0.06816631997395453,coupling,narrow-aisles/hungarian,602.8376440000002
narrow,16,200,inf,9,hungarian,pp,20,5,1,1265,200,0,0,15.810276679841897,514.615,448.49,66.125,13225,13873,188,0,0,16,2,0,0,0,0,0,397,5574,308502,519.832077,31.451625000003332,0.4109344482213439,0.6534090909090909,0.6568253084832967,1265,20240,0,0,0,0,24,9,17,98,98,82,0.07130836232342028,coupling,narrow-aisles/hungarian,561.8744390000002
narrow,16,200,inf,10,hungarian,pp,20,5,1,1187,200,0,0,16.849199663016005,546.02,475.635,70.385,14077,14406,201,0,0,16,3,0,0,0,0,0,381,5266,296558,487.7085670000033,24.550292999997964,0.41087495113732375,0.7412068239258636,0.6338749826095208,1187,18992,0,0,0,0,16,7,12,82,82,4,0.05924736067354833,coupling,narrow-aisles/hungarian,517.7736760000003
narrow,16,200,inf,11,hungarian,pp,20,5,1,1230,200,0,0,16.260162601626018,507.48,441.44,66.04,13208,13919,222,0,0,16,2,0,0,0,0,0,392,5374,318851,516.4203279999992,14.400568000005023,0.41985392520325143,0.6711382113821138,0.6648153431739574,1230,19680,0,0,0,0,21,6,12,65,65,185,0.058760336030275445,coupling,narrow-aisles/hungarian,555.929322
narrow,16,200,inf,12,hungarian,pp,20,5,1,1130,200,0,0,17.699115044247787,505.98,440.41,65.57,13114,13441,211,0,0,16,1,0,0,0,0,0,376,5177,322701,479.370183000005,18.205623000003015,0.4242214008849602,0.7253318584070797,0.6792759480707138,1130,18080,0,0,0,0,21,6,12,61,61,1,0.055860392184929636,coupling,narrow-aisles/hungarian,508.38334299999997
narrow,16,200,inf,13,hungarian,pp,20,5,1,1152,200,0,0,17.36111111111111,523.91,457.765,66.145,13229,13850,161,0,0,16,1,0,0,0,0,0,370,5085,291495,425.5097050000045,14.431539000000612,0.36936606336805944,0.7177191840277778,0.5793984507257375,1152,18432,0,0,0,0,24,6,13,114,114,34,0.08067254512477712,coupling,narrow-aisles/hungarian,452.86374099999966
narrow,16,200,inf,14,hungarian,pp,20,5,1,1170,200,0,0,17.094017094017094,535.62,469.505,66.115,13223,13890,220,0,0,16,1,0,0,0,0,0,382,5257,287290,426.1482720000072,18.619791999998597,0.36422929230769846,0.7063568376068377,0.6054438667992158,1170,18720,0,0,0,0,16,8,18,45,45,70,0.06454597714431648,coupling,narrow-aisles/hungarian,460.0024790000002
narrow,16,200,inf,15,hungarian,pp,20,5,1,1230,200,0,0,16.260162601626018,557.035,488.785,68.25,13650,14321,200,0,0,16,2,0,0,0,0,0,398,5508,306193,496.31405700000505,18.029558999999608,0.4035073634146383,0.6935975609756098,0.5629741536888323,1230,19680,0,0,0,0,17,11,17,56,56,148,0.05571701887529365,coupling,narrow-aisles/hungarian,526.4611420000001
narrow,16,200,inf,16,hungarian,pp,20,5,1,1110,200,0,0,18.01801801801802,507.825,441.66,66.165,13233,13420,201,0,0,16,1,0,0,0,0,0,362,4961,300726,475.66077799999084,14.031948000005286,0.42852322342341514,0.7451013513513514,0.6638882017642279,1110,17760,0,0,0,0,23,8,17,62,62,10,0.08316704552602061,coupling,narrow-aisles/hungarian,506.4837699999998
narrow,16,200,inf,17,hungarian,pp,20,5,1,1220,200,0,0,16.39344262295082,564.215,496.06,68.155,13631,14305,192,0,0,16,4,0,0,0,0,0,384,5367,321253,474.4229879999948,16.484806999999364,0.38887130163934003,0.6983094262295082,0.5965728026482774,1220,19520,0,0,0,0,26,9,19,155,155,32,0.048274771753698736,coupling,narrow-aisles/hungarian,501.77016600000024
narrow,16,200,inf,18,hungarian,pp,20,5,1,1192,200,0,0,16.778523489932887,512.475,447.185,65.29,13058,13547,158,0,0,16,1,0,0,0,0,0,383,5301,303979,492.91287399999464,15.6717939999985,0.41351751174496193,0.6846686241610739,0.6380701615281553,1192,19072,0,0,0,0,19,6,13,143,143,104,0.07069933650177057,coupling,narrow-aisles/hungarian,521.2975779999997
narrow,16,200,inf,19,hungarian,pp,20,5,1,1224,200,0,0,16.33986928104575,523.205,458.455,64.75,12950,13864,187,0,0,16,2,0,0,0,0,0,391,5416,285401,468.74185099999886,16.151198999999906,0.3829590285947703,0.6612540849673203,0.6248391637009142,1224,19584,0,0,0,0,17,6,14,65,65,72,0.06527210961934202,coupling,narrow-aisles/hungarian,510.05936999999994
narrow,16,200,inf,20,hungarian,pp,20,5,1,1210,200,0,0,16.52892561983471,536.15,468.58,67.57,13514,14211,173,0,0,16,0,0,0,0,0,0,385,5350,295457,435.297029999997,16.948262999998406,0.35974961157024543,0.6980371900826446,0.6143620613740788,1210,19360,0,0,0,0,38,10,23,152,152,81,0.057185785207711115,coupling,narrow-aisles/hungarian,463.1130619999999
narrow,16,200,inf,21,hungarian,pp,20,5,1,1205,200,0,0,16.597510373443985,537.915,468.015,69.9,13980,14253,221,0,0,16,1,0,0,0,0,0,387,5334,351131,496.29840500000273,17.75992000000133,0.4118658962655624,0.725103734439834,0.6397295439095727,1205,19280,0,0,0,0,27,7,19,56,56,135,0.04764201566018228,coupling,narrow-aisles/hungarian,523.4911829999996
narrow,16,200,inf,22,hungarian,pp,20,5,1,1183,200,0,0,16.9061707523246,532.03,465.28,66.75,13350,13976,229,0,0,16,4,0,0,0,0,0,370,5101,271136,402.93431699999473,15.240153999996892,0.34060381825866,0.7053043110735419,0.5853039204684232,1183,18928,0,0,0,0,22,11,20,36,36,44,0.0654918579073637,coupling,narrow-aisles/hungarian,429.2568269999997
narrow,16,200,inf,23,hungarian,pp,20,5,1,1344,200,0,0,14.880952380952381,545.12,476.775,68.345,13669,14442,194,0,0,16,3,0,0,0,0,0,418,5871,296986,487.1834089999984,15.162090999999691,0.3624876555059512,0.6356491815476191,0.5633921400786435,1344,21504,0,0,0,0,28,11,19,50,50,1,0.06445602032504985,coupling,narrow-aisles/hungarian,525.0204689999996
narrow,16,200,inf,24,hungarian,pp,20,5,1,1344,200,0,0,14.880952380952381,533.545,465.795,67.75,13550,14286,285,0,0,16,9,0,0,0,0,0,426,5976,346738,500.06040399999574,15.9373780000019,0.3720687529761873,0.6301153273809523,0.5736246626110342,1344,21504,0,0,0,0,48,11,18,71,71,58,0.08435529488381047,coupling,narrow-aisles/hungarian,527.0918240000001
narrow,16,200,inf,25,hungarian,pp,20,5,1,1235,200,0,0,16.194331983805668,534.435,466.71,67.725,13545,14051,204,0,0,16,2,0,0,0,0,0,395,5527,297686,447.4312049999967,14.550122999996802,0.36229247368420786,0.6854757085020243,0.5810373275846865,1235,19760,0,0,0,0,23,11,20,63,63,51,0.08313549488317376,coupling,narrow-aisles/hungarian,479.714027
narrow,16,200,inf,26,hungarian,pp,20,5,1,1160,200,0,0,17.24137931034483,509.7,441.435,68.265,13653,13839,257,0,0,16,3,0,0,0,0,0,382,5239,344726,499.48140499999863,15.160247999996955,0.4305874181034471,0.735614224137931,0.6981779459543435,1160,18560,0,0,0,0,41,13,22,97,97,93,0.05813515603039493,coupling,narrow-aisles/hungarian,526.5929219999998
narrow,16,200,inf,27,hungarian,pp,20,5,1,1252,200,0,0,15.97444089456869,567.225,501.405,65.82,13164,14063,177,0,0,16,1,0,0,0,0,0,399,5538,287183,411.36610500000097,14.12828900000477,0.32856717651757267,0.6571485623003195,0.5385303846971872,1252,20032,0,0,0,0,18,6,14,80,80,70,0.05647652634978334,coupling,narrow-aisles/hungarian,441.3103080000001
narrow,16,200,inf,28,hungarian,pp,20,5,1,1132,200,0,0,17.6678445229682,505.61,438.74,66.87,13374,13679,203,0,0,16,2,0,0,0,0,0,384,5276,310078,453.39908100000594,22.080596000002515,0.40052922349823844,0.7384054770318021,0.6928704702639159,1132,18112,0,0,0,0,21,6,14,65,65,1,0.07756121898498486,coupling,narrow-aisles/hungarian,483.5252049999999
narrow,16,200,inf,29,hungarian,pp,20,5,1,1153,200,0,0,17.346053772766695,533.02,466.595,66.425,13285,13893,170,0,0,16,3,0,0,0,0,0,381,5206,303487,492.8266789999934,16.84189700000843,0.4274299037293959,0.7201322636600174,0.5985683044564698,1153,18448,0,0,0,0,22,12,21,45,45,125,0.06650601243954168,coupling,narrow-aisles/hungarian,525.1924749999998
narrow,16,200,inf,30,hungarian,pp,20,5,1,1220,200,0,0,16.39344262295082,498.025,431.71,66.315,13263,13725,197,0,0,16,2,0,0,0,0,0,402,5536,299543,459.89217299999746,14.344833999996354,0.3769607975409815,0.6794569672131148,0.7103067453597712,1220,19520,0,0,0,0,42,11,20,55,55,77,0.058068748957291555,coupling,narrow-aisles/hungarian,487.1810949999999
narrow,16,200,inf,1,pact-proxy,pp,20,5,1,1215,200,0,0,16.46090534979424,551.88,481.825,70.055,14011,14591,217,0,0,16,3,0,0,0,0,0,387,5371,311223,488.98904699999594,34.517733999996835,0.402460120987651,0.7207304526748971,0.6052108060718191,1215,19440,0,0,0,0,19,11,17,58,58,39,0.07221147283930432,coupling,narrow-aisles/pact-proxy,515.4887229999999
narrow,16,200,inf,2,pact-proxy,pp,20,5,1,1141,200,0,0,17.5284837861525,523.34,457.555,65.785,13157,13621,197,0,0,16,4,0,0,0,0,0,372,5105,270924,428.89830200000415,38.92679100000578,0.3758968466257705,0.7206945661700263,0.6703266031580071,1141,18256,0,0,0,0,20,7,16,76,76,22,0.054448027627729156,coupling,narrow-aisles/pact-proxy,455.9896679999997
narrow,16,200,inf,3,pact-proxy,pp,20,5,1,1160,200,0,0,17.24137931034483,517.74,451.75,65.99,13198,13833,230,0,0,16,3,0,0,0,0,0,379,5216,315615,468.8891019999942,37.05779599999414,0.40421474310344324,0.7110991379310345,0.6334599542647044,1160,18560,0,0,0,0,21,12,19,60,60,39,0.06990361227784342,coupling,narrow-aisles/pact-proxy,498.3474650000003
narrow,16,200,inf,4,pact-proxy,pp,20,5,1,1156,200,0,0,17.301038062283737,511.935,444.375,67.56,13512,13815,264,0,0,16,4,0,0,0,0,0,376,5173,327395,517.2133799999942,29.888838000003034,0.4474164186851161,0.7305363321799307,0.6833928472949217,1156,18496,0,0,0,0,18,13,23,48,48,1,0.05193753278441804,coupling,narrow-aisles/pact-proxy,543.8504450000005
narrow,16,200,inf,5,pact-proxy,pp,20,5,1,1232,200,0,0,16.233766233766232,552.615,482.21,70.405,14081,14751,171,0,0,16,1,0,0,0,0,0,391,5464,282734,447.0785940000119,33.9426989999929,0.3628884691558538,0.7143364448051948,0.6089979146697121,1232,19712,0,0,0,0,19,6,10,39,39,42,0.048010750110075134,coupling,narrow-aisles/pact-proxy,475.6756260000002
narrow,16,200,inf,6,pact-proxy,pp,20,5,1,1240,200,0,0,16.129032258064516,557.095,489.195,67.9,13580,14451,253,0,0,16,1,0,0,0,0,0,387,5375,340547,530.0495130000013,34.32840999999917,0.4274592846774204,0.6844758064516129,0.5717574562555563,1240,19840,0,0,0,0,35,12,25,73,73,1,0.05791705292109605,coupling,narrow-aisles/pact-proxy,557.5177039999999
narrow,16,200,inf,7,pact-proxy,pp,20,5,1,1260,200,0,0,15.873015873015873,530.495,463.08,67.415,13483,14359,208,0,0,16,0,0,0,0,0,0,395,5510,309116,532.8122260000077,38.96315700000196,0.4228668460317522,0.6687996031746032,0.5765757509017403,1260,20160,0,0,0,0,45,6,14,69,69,13,0.07156259295847323,coupling,narrow-aisles/pact-proxy,561.2589889999999
narrow,16,200,inf,8,pact-proxy,pp,20,5,1,1215,200,0,0,16.46090534979424,555.22,486.67,68.55,13710,14469,180,0,0,16,1,0,0,0,0,0,388,5340,278805,469.27229499999794,38.01291099999935,0.38623234156378433,0.7052469135802469,0.5915212900738959,1215,19440,0,0,0,0,44,11,18,47,47,1,0.06357714359592709,coupling,narrow-aisles/pact-proxy,509.1841959999997
narrow,16,200,inf,9,pact-proxy,pp,20,5,1,1260,200,0,0,15.873015873015873,512.44,445.04,67.4,13480,13951,252,0,0,16,3,0,0,0,0,0,398,5545,348525,516.8577070000065,26.640048000003844,0.4102045293650845,0.6686507936507936,0.6604253084832963,1260,20160,0,0,0,0,27,9,17,77,77,136,0.0649644590489567,coupling,narrow-aisles/pact-proxy,544.606155
narrow,16,200,inf,10,pact-proxy,pp,20,5,1,1146,200,0,0,17.452006980802793,534.475,464.655,69.82,13964,14141,175,0,0,16,2,0,0,0,0,0,378,5183,293242,466.1945319999886,33.06305200001498,0.4068015113437946,0.7615619546247818,0.6455749826095202,1146,18336,0,0,0,0,18,7,14,80,80,1,0.062143479114398714,coupling,narrow-aisles/pact-proxy,493.33104799999956
narrow,16,200,inf,11,pact-proxy,pp,20,5,1,1179,200,0,0,16.963528413910094,508.52,441.95,66.57,13314,13940,248,0,0,16,3,0,0,0,0,0,369,5104,320978,475.16605299999446,14.48619800000597,0.40302464206954575,0.7057888040712468,0.6755903431739565,1179,18864,0,0,0,0,16,12,21,70,70,144,0.03776429356355235,coupling,narrow-aisles/pact-proxy,499.8726280000001
narrow,16,200,inf,12,pact-proxy,pp,20,5,1,1096,200,0,0,18.248175182481752,511.07,446.19,64.88,12976,13343,182,0,0,16,2,0,0,0,0,0,372,5080,307241,455.28978699999425,15.87339300000167,0.4154103895985349,0.739963503649635,0.6747259480707134,1096,17536,0,0,0,0,20,9,18,43,43,9,0.05723135868925677,coupling,narrow-aisles/pact-proxy,483.99310600000035
narrow,16,200,inf,13,pact-proxy,pp,20,5,1,1120,200,0,0,17.857142857142858,523.87,456.615,67.255,13451,13676,142,0,0,16,1,0,0,0,0,0,367,5000,286798,480.08022500000607,16.890689000000748,0.4286430580357197,0.7506138392857142,0.5974234507257372,1120,17920,0,0,0,0,12,6,13,56,56,13,0.06447254512477726,coupling,narrow-aisles/pact-proxy,509.7529420000001
narrow,16,200,inf,14,pact-proxy,pp,20,5,1,1225,200,0,0,16.3265306122449,545.095,477.885,67.21,13442,14230,188,0,0,16,0,0,0,0,0,0,388,5364,292011,441.2858939999869,26.887527999993836,0.3602333828571322,0.6858163265306122,0.5839438667992164,1225,19600,0,0,0,0,26,8,18,59,59,37,0.0641246760522948,coupling,narrow-aisles/pact-proxy,469.8573260000003
narrow,16,200,inf,15,pact-proxy,pp,20,5,1,1226,200,0,0,16.31321370309951,550.62,482.885,67.735,13547,14257,219,0,0,16,3,0,0,0,0,0,403,5564,310086,469.23499499999434,15.648877000000539,0.3827365375203869,0.6906097063621534,0.5705491536888323,1226,19616,0,0,0,0,18,6,15,94,94,140,0.05533026115521855,coupling,narrow-aisles/pact-proxy,501.15581399999974
narrow,16,200,inf,16,pact-proxy,pp,20,5,1,1117,200,0,0,17.905102954341988,517.095,451.17,65.925,13185,13595,175,0,0,16,2,0,0,0,0,0,368,5034,289771,454.55729099999826,17.669203000006746,0.40694475470008795,0.7377461951656222,0.6488632017642278,1117,17872,0,0,0,0,20,8,17,81,81,1,0.05891051534488895,coupling,narrow-aisles/pact-proxy,481.37842999999975
narrow,16,200,inf,17,pact-proxy,pp,20,5,1,1200,200,0,0,16.666666666666668,539.93,472.805,67.125,13425,13835,188,0,0,16,3,0,0,0,0,0,404,5579,334685,449.40669499998967,17.02675000000636,0.37450557916665805,0.69921875,0.6201728026482777,1200,19200,0,0,0,0,22,6,10,70,70,1,0.06853615734651702,coupling,narrow-aisles/pact-proxy,472.95832000000064
narrow,16,200,inf,18,pact-proxy,pp,20,5,1,1170,200,0,0,17.094017094017094,500.74,436.05,64.69,12938,13525,172,0,0,16,1,0,0,0,0,0,370,5130,268473,372.3380920000109,16.260263999989547,0.3182376854700948,0.6911324786324786,0.637395161528155,1170,18720,0,0,0,0,21,6,11,98,98,145,0.07710438921488841,coupling,narrow-aisles/pact-proxy,396.0416150000001
narrow,16,200,inf,19,pact-proxy,pp,20,5,1,1251,200,0,0,15.987210231814549,527.225,461.18,66.045,13209,14066,249,0,0,16,1,0,0,0,0,0,402,5571,310225,485.7162210000115,17.65786900000421,0.388262366906484,0.6599220623501199,0.6184391637009145,1251,20016,0,0,0,0,36,14,23,43,43,67,0.06852652630545383,coupling,narrow-aisles/pact-proxy,513.9972989999997
narrow,16,200,inf,20,pact-proxy,pp,20,5,1,1160,200,0,0,17.24137931034483,540.915,472.235,68.68,13736,14146,180,0,0,16,0,0,0,0,0,0,368,5048,290663,431.4676459999946,14.97048999999788,0.37195486724137466,0.7400862068965517,0.6256620613740776,1160,18560,0,0,0,0,22,9,15,104,104,117,0.049320177048072206,coupling,narrow-aisles/pact-proxy,456.12527800000043
narrow,16,200,inf,21,pact-proxy,pp,20,5,1,1157,200,0,0,17.28608470181504,519.21,451.22,67.99,13598,13932,235,0,0,16,1,0,0,0,0,0,382,5252,310610,474.7017800000067,16.46271999999135,0.4102867588591242,0.7345505617977528,0.6546545439095725,1157,18512,0,0,0,0,18,12,22,49,49,97,0.06829994773455023,coupling,narrow-aisles/pact-proxy,501.306998
narrow,16,200,inf,22,pact-proxy,pp,20,5,1,1155,200,0,0,17.316017316017316,528.445,461.92,66.525,13305,13822,195,0,0,16,2,0,0,0,0,0,365,5011,289252,422.3954559999993,17.280180000002474,0.3657103515151509,0.7199675324675324,0.6064039204684225,1155,18480,0,0,0,0,18,7,16,38,38,120,0.05510393728856086,coupling,narrow-aisles/pact-proxy,447.2098049999995
narrow,16,200,inf,23,pact-proxy,pp,20,5,1,1324,200,0,0,15.105740181268882,547.705,479.48,68.225,13645,14452,183,0,0,16,0,0,0,0,0,0,413,5752,297295,439.0121590000026,17.15450299999702,0.3315801805135971,0.6441182024169184,0.567542140078643,1324,21184,0,0,0,0,32,6,12,104,104,1,0.07615594564285127,coupling,narrow-aisles/pact-proxy,465.94563800000014
narrow,16,200,inf,24,pact-proxy,pp,20,5,1,1277,200,0,0,15.661707126076742,523.845,456.48,67.365,13473,14124,298,0,0,16,12,0,0,0,0,0,404,5645,340181,502.54084899999725,19.07073000001037,0.39353237979639566,0.6594068128425998,0.6123496626110329,1277,20432,0,0,0,0,35,12,19,65,65,49,0.0526685590583833,coupling,narrow-aisles/pact-proxy,528.9271759999992
narrow,16,200,inf,25,pact-proxy,pp,20,5,1,1195,200,0,0,16.736401673640167,536.8,468.645,68.155,13631,14088,170,0,0,16,2,0,0,0,0,0,385,5306,286290,384.97031799999513,16.69784200000049,0.3221508937238453,0.712918410041841,0.6027873275846853,1195,19120,0,0,0,0,18,6,13,70,70,114,0.06873549488317388,coupling,narrow-aisles/pact-proxy,409.26653499999975
narrow,16,200,inf,26,pact-proxy,pp,20,5,1,1176,200,0,0,17.006802721088434,504.1,436.3,67.8,13560,13845,233,0,0,16,2,0,0,0,0,0,382,5263,325074,469.6154549999974,18.335433999998713,0.39933286989795697,0.7206632653061225,0.6943529459543439,1176,18816,0,0,0,0,40,13,22,113,113,75,0.07176475540287922,coupling,narrow-aisles/pact-proxy,496.8437329999997
narrow,16,200,inf,27,pact-proxy,pp,20,5,1,1303,200,0,0,15.349194167306216,565.71,497.93,67.78,13556,14218,219,0,0,16,3,0,0,0,0,0,412,5718,307196,435.159851000004,16.54661299999134,0.33396765234075515,0.6502302379125096,0.5300053846971878,1303,20848,0,0,0,0,31,11,21,44,44,123,0.03656238234080392,coupling,narrow-aisles/pact-proxy,460.6912940000002
narrow,16,200,inf,28,pact-proxy,pp,20,5,1,1135,200,0,0,17.621145374449338,504.9,437.79,67.11,13422,13616,210,0,0,16,2,0,0,0,0,0,368,5085,320733,468.8440630000041,17.972932999990007,0.41307846960352784,0.7390969162995594,0.7129704702639159,1135,18160,0,0,0,0,16,6,15,65,65,1,0.04980058740973553,coupling,narrow-aisles/pact-proxy,495.8691740000004
narrow,16,200,inf,29,pact-proxy,pp,20,5,1,1145,200,0,0,17.467248908296945,538.14,470.94,67.2,13440,13938,263,0,0,16,0,0,0,0,0,0,373,5117,320942,456.5004989999934,15.516824000003908,0.39869039213973223,0.7336244541484717,0.5832933044564697,1145,18320,0,0,0,0,20,12,21,58,58,52,0.0637526501586666,coupling,narrow-aisles/pact-proxy,481.1699489999992
narrow,16,200,inf,30,pact-proxy,pp,20,5,1,1160,200,0,0,17.24137931034483,502.785,436.67,66.115,13223,13670,129,0,0,16,1,0,0,0,0,0,380,5206,271551,411.28595700000824,17.14902699999766,0.3545568594827657,0.7124461206896552,0.71465674535977,1160,18560,0,0,0,0,17,2,7,74,74,139,0.09005481395833209,coupling,narrow-aisles/pact-proxy,436.4315980000001
narrow,16,200,inf,1,pact,pp,20,5,1,1230,200,0,0,16.260162601626018,555.62,484.76,70.86,14172,14737,220,0,0,16,5,0,0,0,0,0,394,6443,357851,538.5342830000163,84.94066099999327,0.43783275040651737,0.7201219512195122,0.6046608060718193,1230,19680,0,0,0,0,21,14,19,44,44,36,0.05059415871165768,coupling,narrow-aisles/pact,565.0022220000001
narrow,16,200,inf,2,pact,pp,20,5,1,1215,200,0,0,16.46090534979424,528.335,462.77,65.565,13113,13739,173,0,0,16,3,0,0,0,0,0,385,6349,322612,484.5283199999976,96.08504499999435,0.3987887407407388,0.674537037037037,0.6496266031580085,1215,19440,0,0,0,0,30,6,14,76,76,55,0.05660078683216155,coupling,narrow-aisles/pact,509.5195100000001
narrow,16,200,inf,3,pact,pp,20,5,1,1195,200,0,0,16.736401673640167,530.44,463.995,66.445,13289,13943,208,0,0,16,4,0,0,0,0,0,380,6297,346710,550.4573860000119,97.01053299999512,0.4606337958159095,0.6950313807531381,0.6037349542647051,1195,19120,0,0,0,0,17,6,12,67,67,4,0.06239644084069895,coupling,narrow-aisles/pact,579.2830450000001
narrow,16,200,inf,4,pact,pp,20,5,1,1258,200,0,0,15.89825119236884,527.245,459.295,67.95,13590,14068,221,0,0,16,3,0,0,0,0,0,402,6612,362654,528.9328360000209,80.43370799999957,0.4204553545310182,0.6751788553259142,0.6399428472949237,1258,20128,0,0,0,0,22,10,19,48,48,1,0.08929574423879433,coupling,narrow-aisles/pact,555.8553309999998
narrow,16,200,inf,5,pact,pp,20,5,1,1349,200,0,0,14.825796886582653,560,489.32,70.68,14136,14802,235,0,0,16,0,0,0,0,0,0,421,6916,333940,579.9397510000044,94.30961300000945,0.42990344773906924,0.6549295774647887,0.5843479146697145,1349,21584,0,0,0,0,39,14,23,50,50,87,0.05445210626777375,coupling,narrow-aisles/pact,619.9419349999998
narrow,16,200,inf,6,pact,pp,20,5,1,1276,200,0,0,15.67398119122257,548.11,480.865,67.245,13449,14302,247,0,0,16,1,0,0,0,0,0,400,6547,349396,518.454119999994,83.53087200000209,0.40631200626958774,0.658748040752351,0.5866324562555572,1276,20416,0,0,0,0,28,10,20,51,51,1,0.059663200695814045,coupling,narrow-aisles/pact,547.5712160000003
narrow,16,200,inf,7,pact,pp,20,5,1,1193,200,0,0,16.764459346186086,534.91,467.28,67.63,13526,14355,201,0,0,16,4,0,0,0,0,0,380,6246,355474,549.067443000009,85.54500999999345,0.46024094132439985,0.7086127409891031,0.5882257509017388,1193,19088,0,0,0,0,16,16,25,77,77,67,0.07052263426613109,coupling,narrow-aisles/pact,575.0365670000001
narrow,16,200,inf,8,pact,pp,20,5,1,1171,200,0,0,17.079419299743808,563.115,492.08,71.035,14207,14399,203,0,0,16,1,0,0,0,0,0,375,6094,345409,545.4057780000157,87.73807099999794,0.4657606985482628,0.7582728437233134,0.5969962900738951,1171,18736,0,0,0,0,20,6,14,55,55,32,0.062499500948191206,coupling,narrow-aisles/pact,572.1958919999997
narrow,16,200,inf,9,pact,pp,20,5,1,1263,200,0,0,15.835312747426762,515.12,448.125,66.995,13399,14071,279,0,0,16,2,0,0,0,0,0,403,6589,391953,646.3480250000084,92.44175500000529,0.5117561559778372,0.66305423594616,0.6609753084832963,1263,20208,0,0,0,0,24,14,21,64,64,67,0.05823082708958549,coupling,narrow-aisles/pact,682.5076680000002
narrow,16,200,inf,10,pact,pp,20,5,1,1164,200,0,0,17.18213058419244,537.795,467.745,70.05,14010,14316,178,0,0,16,3,0,0,0,0,0,380,6183,320457,461.95005200001833,73.2347360000058,0.39686430584194016,0.7522551546391752,0.6445999826095203,1164,18624,0,0,0,0,17,6,12,70,70,13,0.07646372613795119,coupling,narrow-aisles/pact,490.1312589999998
narrow,16,200,inf,11,pact,pp,20,5,1,1202,200,0,0,16.638935108153078,512.165,446.035,66.13,13226,13911,221,0,0,16,3,0,0,0,0,0,394,6263,364865,560.7693610000006,70.40583200001129,0.46653025041597385,0.6877079866888519,0.6649653431739572,1202,19232,0,0,0,0,25,9,13,84,84,147,0.06201114871725458,coupling,narrow-aisles/pact,591.3525490000002
narrow,16,200,inf,12,pact,pp,20,5,1,1109,200,0,0,18.034265103697024,503.545,438.48,65.065,13013,13311,198,0,0,16,2,0,0,0,0,0,366,5958,334702,505.1038750000007,77.65625100000307,0.45545885933273283,0.7333746618575293,0.6890009480707137,1109,17744,0,0,0,0,20,10,19,45,45,1,0.07118579467311498,coupling,narrow-aisles/pact,529.9301590000005
narrow,16,200,inf,13,pact,pp,20,5,1,1147,200,0,0,17.436791630340018,528.635,461.26,67.375,13475,13873,219,0,0,16,2,0,0,0,0,0,373,6054,359663,529.8524869999983,79.09956699999111,0.46194637053182064,0.7342523975588492,0.5935484507257374,1147,18352,0,0,0,0,18,14,21,56,56,18,0.054034256652557566,coupling,narrow-aisles/pact,562.0126890000001
narrow,16,200,inf,14,pact,pp,20,5,1,1190,200,0,0,16.80672268907563,531.77,465.585,66.185,13237,13931,227,0,0,16,0,0,0,0,0,0,375,6133,341056,501.91463500000555,79.99959600000693,0.42177700420168535,0.6952205882352941,0.6029688667992161,1190,19040,0,0,0,0,40,9,18,50,50,22,0.06334597714431633,coupling,narrow-aisles/pact,527.8553119999997
narrow,16,200,inf,15,pact,pp,20,5,1,1250,200,0,0,16,561.835,493.16,68.675,13735,14371,175,0,0,16,2,0,0,0,0,0,403,6547,359000,512.4076850000074,73.46069900000475,0.40992614800000593,0.68675,0.5626491536888326,1250,20000,0,0,0,0,20,6,13,56,56,193,0.05506761689819431,coupling,narrow-aisles/pact,539.0052940000005
narrow,16,200,inf,16,pact,pp,20,5,1,1118,200,0,0,17.88908765652952,506.21,440.285,65.925,13185,13422,226,0,0,16,2,0,0,0,0,0,370,6077,350169,495.4181439999902,78.06938600001195,0.4431289302325494,0.7370863148479427,0.6615382017642281,1118,17888,0,0,0,0,26,8,17,52,52,9,0.062008130414970386,coupling,narrow-aisles/pact,519.8418499999998
narrow,16,200,inf,17,pact,pp,20,5,1,1191,200,0,0,16.79261125104954,543.105,476.15,66.955,13391,13952,206,0,0,16,4,0,0,0,0,0,379,6310,363005,490.9805379999989,78.07725699999628,0.4122422653232568,0.7027183039462637,0.6079978026482773,1191,19056,0,0,0,0,38,13,19,57,57,5,0.07362545321658359,coupling,narrow-aisles/pact,514.2249599999996
narrow,16,200,inf,18,pact,pp,20,5,1,1175,200,0,0,17.02127659574468,501.05,436.37,64.68,12936,13570,239,0,0,16,6,0,0,0,0,0,373,6167,340291,485.47913700001754,78.74630600000091,0.4131737336170362,0.6880851063829787,0.6302451615281554,1175,18800,0,0,0,0,24,11,17,69,69,67,0.07886032684780717,coupling,narrow-aisles/pact,510.7230419999996
narrow,16,200,inf,19,pact,pp,20,5,1,1265,200,0,0,15.810276679841897,537.725,472.485,65.24,13048,14152,233,0,0,16,2,0,0,0,0,0,411,6738,346186,498.37755899999866,74.55154500000845,0.3939743549407104,0.6446640316205534,0.6067891637009146,1265,20240,0,0,0,0,44,8,18,78,78,137,0.05364411415047943,coupling,narrow-aisles/pact,524.7952560000003
narrow,16,200,inf,20,pact,pp,20,5,1,1176,200,0,0,17.006802721088434,549.13,479.17,69.96,13992,14293,180,0,0,16,4,0,0,0,0,0,388,6262,354838,491.32423599998765,67.09620800000539,0.41779271768706433,0.7436224489795918,0.6066620613740777,1176,18816,0,0,0,0,23,11,14,75,75,176,0.016648305694758794,coupling,narrow-aisles/pact,517.0650189999997
narrow,16,200,inf,21,pact,pp,20,5,1,1180,200,0,0,16.949152542372882,531.545,462.92,68.625,13725,14200,181,0,0,16,2,0,0,0,0,0,378,6128,338727,502.5961269999998,70.13664999998309,0.4259289211864405,0.7269597457627118,0.6493295439095724,1180,18880,0,0,0,0,19,6,15,56,56,137,0.03229994773455048,coupling,narrow-aisles/pact,527.3923020000002
narrow,16,200,inf,22,pact,pp,20,5,1,1164,200,0,0,17.18213058419244,536.81,469.335,67.475,13495,14044,193,0,0,16,6,0,0,0,0,0,378,6188,325621,477.81671099999403,65.50475899999674,0.4104954561855619,0.7246026632302406,0.5782289204684227,1164,18624,0,0,0,0,18,6,14,122,122,29,0.04959346542377119,coupling,narrow-aisles/pact,502.9547270000003
narrow,16,200,inf,23,pact,pp,20,5,1,1321,200,0,0,15.14004542013626,537.53,470.18,67.35,13470,14341,181,0,0,16,2,0,0,0,0,0,414,6787,329787,526.5094890000037,77.32422699999461,0.39856887887963943,0.6373012869038607,0.5863671400786431,1321,21136,0,0,0,0,29,11,16,45,45,3,0.06495594564285159,coupling,narrow-aisles/pact,553.5627709999999
narrow,16,200,inf,24,pact,pp,20,5,1,1305,200,0,0,15.32567049808429,513.325,447.39,65.935,13187,13963,259,0,0,16,9,0,0,0,0,0,404,6687,361799,535.5466269999988,80.74394600001506,0.4103805570881217,0.6315613026819923,0.6060246626110337,1305,20880,0,0,0,0,39,11,17,90,90,67,0.062155294883810386,coupling,narrow-aisles/pact,563.4539940000004
narrow,16,200,inf,25,pact,pp,20,5,1,1248,200,0,0,16.025641025641026,533.645,466.115,67.53,13506,14007,190,0,0,16,1,0,0,0,0,0,390,6427,329048,485.42337700000644,74.15340299999389,0.38896103926282566,0.6763822115384616,0.5864873275846867,1248,19968,0,0,0,0,24,6,13,62,62,87,0.06513549488317344,coupling,narrow-aisles/pact,513.6386029999994
narrow,16,200,inf,26,pact,pp,20,5,1,1163,200,0,0,17.196904557179707,502.335,434.68,67.655,13531,13954,250,0,0,16,1,0,0,0,0,0,382,6221,365771,532.8186829999913,77.14161600000625,0.45814160189165204,0.7271603611349957,0.6963779459543434,1163,18608,0,0,0,0,44,13,22,152,152,41,0.05753930703103541,coupling,narrow-aisles/pact,561.6881389999999
narrow,16,200,inf,27,pact,pp,20,5,1,1307,200,0,0,15.30221882172915,563.835,497.85,65.985,13197,14116,189,0,0,16,2,0,0,0,0,0,418,6818,320747,490.9237490000023,73.93523699999332,0.37561113159908366,0.6310730680948737,0.529430384697188,1307,20912,0,0,0,0,21,6,14,84,84,177,0.04370533857066208,coupling,narrow-aisles/pact,517.3601769999996
narrow,16,200,inf,28,pact,pp,20,5,1,1125,200,0,0,17.77777777777778,501.675,435.11,66.565,13313,13545,210,0,0,16,4,0,0,0,0,0,369,6019,350526,540.0875549999946,84.9243449999949,0.4800778266666619,0.7396111111111111,0.692845470263916,1125,18000,0,0,0,0,40,11,20,67,67,2,0.060373550102303,coupling,narrow-aisles/pact,565.6288989999994
narrow,16,200,inf,29,pact,pp,20,5,1,1145,200,0,0,17.467248908296945,540.92,474.765,66.155,13231,13731,180,0,0,16,1,0,0,0,0,0,375,6133,352014,527.4889020000091,79.85401000000365,0.46068899737992064,0.7222161572052401,0.5832433044564701,1145,18320,0,0,0,0,20,12,21,66,66,106,0.06671149732601081,coupling,narrow-aisles/pact,554.1015619999998
narrow,16,200,inf,30,pact,pp,20,5,1,1242,200,0,0,16.10305958132045,512.745,445.22,67.525,13505,13906,178,0,0,16,1,0,0,0,0,0,391,6323,348855,509.25306900000214,70.82340699998986,0.41002662560386643,0.6795994363929146,0.7121317453597714,1242,19872,0,0,0,0,43,11,22,113,113,118,0.05275011247173017,coupling,narrow-aisles/pact,535.0770119999997
warehouse,32,200,inf,1,greedy,pp,20,5,1,760,200,0,0,26.31578947368421,298.2,234.49,63.71,12742,14827,401,0,0,14,2,0,0,0,0,0,286,8566,616980,822.6056500000032,14.45875800000249,1.082375855263162,0.5239309210526316,0.47674857933334863,760,24320,0,0,0,0,32,15,19,50,50,63,0.09728494170717963,coupling,hotspot/greedy,864.0378869999995
warehouse,32,200,inf,2,greedy,pp,20,5,1,609,200,0,0,32.84072249589491,294.12,232.14,61.98,12396,14407,289,0,0,8,4,0,0,0,0,0,253,7778,526728,768.7289370000044,14.669751999992513,1.2622806847290713,0.6360837438423645,0.37407623962931924,609,19488,0,0,0,0,22,10,19,46,46,48,0.1101527818836287,coupling,hotspot/greedy,806.9550199999994
warehouse,32,200,inf,3,greedy,pp,20,5,1,611,200,0,0,32.733224222585925,278.805,217.53,61.275,12255,14280,237,0,0,8,1,0,0,0,0,0,251,7658,502909,759.7677900000144,14.378068999998504,1.2434824713584525,0.6267900981996727,0.40099044694961267,611,19552,0,0,0,0,15,9,16,103,103,30,0.11185812590699684,coupling,hotspot/greedy,798.6589819999999
warehouse,32,200,inf,4,greedy,pp,20,5,1,700,200,0,0,28.571428571428573,285.545,224.39,61.155,12231,14505,336,0,0,10,4,0,0,0,0,0,267,8098,550352,701.7236879999864,14.361687000002348,1.002462411428552,0.5460267857142858,0.46215151172505387,700,22400,0,0,0,0,38,11,18,62,62,5,0.10423395045716438,coupling,hotspot/greedy,740.1504770000001
warehouse,32,200,inf,5,greedy,pp,20,5,1,614,200,0,0,32.57328990228013,284.6,223.03,61.57,12314,14129,211,0,0,8,1,0,0,0,0,0,265,8068,486744,772.6945940000069,24.525392000001375,1.2584602508143434,0.6267304560260586,0.38824075858482665,614,19648,0,0,0,0,11,11,21,86,86,66,0.08823096311502332,coupling,hotspot/greedy,812.0561660000003
warehouse,32,200,inf,6,greedy,pp,20,5,1,620,200,0,0,32.25806451612903,280.055,217.455,62.6,12520,14171,289,0,0,9,3,0,0,0,0,0,251,7533,538885,775.4362759999958,10.273252999995748,1.2507036709677353,0.6310483870967742,0.48077882160771684,620,19840,0,0,0,0,26,11,15,49,49,44,0.09377591443471606,coupling,hotspot/greedy,815.5680179999999
warehouse,32,200,inf,7,greedy,pp,20,5,1,603,200,0,0,33.16749585406302,288.475,226.78,61.695,12339,14169,288,0,0,8,6,0,0,0,0,0,251,7587,557296,806.6561509999965,13.93568799998502,1.3377382271973408,0.6394589552238806,0.3916658481267362,603,19296,0,0,0,0,8,6,20,115,115,62,0.08517912878729533,coupling,hotspot/greedy,850.0989159999999
warehouse,32,200,inf,8,greedy,pp,20,5,1,575,200,0,0,34.78260869565217,278.18,216.355,61.825,12365,14080,281,0,0,8,3,0,0,0,0,0,247,7399,536481,774.5746010000003,13.819971999992958,1.3470862626086961,0.6720108695652174,0.39152886901761097,575,18400,0,0,0,0,15,7,18,51,51,115,0.09960727871842698,coupling,hotspot/greedy,813.8330070000002
warehouse,32,200,inf,9,greedy,pp,20,5,1,635,200,0,0,31.496062992125985,278.23,217.375,60.855,12171,14186,295,0,0,9,5,0,0,0,0,0,259,7870,508678,762.2454189999926,19.08389399999578,1.2003864866141616,0.5989665354330709,0.44985726263178805,635,20320,0,0,0,0,32,13,27,43,43,67,0.09178021696861927,coupling,hotspot/greedy,803.3233900000005
warehouse,32,200,inf,10,greedy,pp,20,5,1,592,200,0,0,33.78378378378378,284.61,221.905,62.705,12541,14303,300,0,0,10,4,0,0,0,0,0,250,7491,537094,775.7846859999954,15.868451999988793,1.310447104729722,0.6620038006756757,0.42664387202023846,592,18944,0,0,0,0,11,13,22,38,38,67,0.10454483348354746,coupling,hotspot/greedy,814.1656990000001
warehouse,32,200,inf,11,greedy,pp,20,5,1,579,200,0,0,34.542314335060446,273.44,213.805,59.635,11927,13990,233,0,0,6,2,0,0,0,0,0,243,7499,477324,726.6005830000086,11.397902000002432,1.2549232867012237,0.6437284110535406,0.3492795616613317,579,18528,0,0,0,0,14,6,11,67,67,5,0.08271676845885889,coupling,hotspot/greedy,765.8691880000006
warehouse,32,200,inf,12,greedy,pp,20,5,1,666,200,0,0,30.03003003003003,288.355,226.53,61.825,12365,14620,224,0,0,12,4,0,0,0,0,0,275,8183,474449,763.3204530000012,11.693707000005816,1.1461268063063081,0.5801895645645646,0.4391679136538151,666,21312,0,0,0,0,19,14,20,48,48,146,0.07982853859681743,coupling,hotspot/greedy,799.5438009999998
warehouse,32,200,inf,13,greedy,pp,20,5,1,591,200,0,0,33.840947546531304,279.855,216.97,62.885,12577,14122,273,0,0,9,1,0,0,0,0,0,249,7420,538762,693.5615559999987,9.123765000006642,1.1735390118443296,0.6650274957698815,0.38868166979577123,591,18912,0,0,0,0,9,12,18,60,60,165,0.092295422654601,coupling,hotspot/greedy,728.2896339999998
warehouse,32,200,inf,14,greedy,pp,20,5,1,585,200,0,0,34.18803418803419,271.87,211.245,60.625,12125,14086,292,0,0,9,2,0,0,0,0,0,248,7494,538051,767.6341930000108,11.192673000024115,1.31219520170942,0.6477029914529915,0.4004523146021375,585,18720,0,0,0,0,21,15,27,68,68,76,0.0899915925869724,coupling,hotspot/greedy,805.1232300000001
warehouse,32,200,inf,15,greedy,pp,20,5,1,665,200,0,0,30.075187969924812,280.87,219.165,61.705,12341,14442,314,0,0,13,7,0,0,0,0,0,258,7707,508723,790.1369259999883,9.30002699999568,1.188175828571411,0.5799342105263158,0.43738466851793056,665,21280,0,0,0,0,33,15,24,44,44,141,0.0793614488627774,coupling,hotspot/greedy,829.2800890000008
warehouse,32,200,inf,16,greedy,pp,20,5,1,620,200,0,0,32.25806451612903,282.855,220.06,62.795,12559,14394,264,0,0,10,5,0,0,0,0,0,254,7702,479458,721.2581039999841,10.064989999995305,1.1633195225806194,0.6330141129032258,0.40552996898624327,620,19840,0,0,0,0,33,12,18,62,62,56,0.08425639219824294,coupling,hotspot/greedy,757.235557
warehouse,32,200,inf,17,greedy,pp,20,5,1,729,200,0,0,27.434842249657063,288.83,228.99,59.84,11968,14755,296,0,0,15,5,0,0,0,0,0,283,8436,515393,699.6546180000332,8.982086000014533,0.9597457037037492,0.5130315500685871,0.46592923246979273,729,23328,0,0,0,0,18,13,20,48,48,147,0.06537981490884173,coupling,hotspot/greedy,735.1596329999993
warehouse,32,200,inf,18,greedy,pp,20,5,1,625,200,0,0,32,279.93,217.995,61.935,12387,14500,266,0,0,9,6,0,0,0,0,0,256,7819,489344,719.5330530000147,9.013957000006485,1.1512528848000234,0.61935,0.38757434749688463,625,20000,0,0,0,0,30,9,16,48,48,82,0.10033854537364142,coupling,hotspot/greedy,759.7238470000002
warehouse,32,200,inf,19,greedy,pp,20,5,1,609,200,0,0,32.84072249589491,281.655,218.805,62.85,12570,14190,240,0,0,8,4,0,0,0,0,0,251,7681,480147,744.9029800000026,9.277846000019053,1.223157602627262,0.6450123152709359,0.39761379672806035,609,19488,0,0,0,0,16,13,19,55,55,73,0.10346167913898846,coupling,hotspot/greedy,785.3338339999991
warehouse,32,200,inf,20,greedy,pp,20,5,1,614,200,0,0,32.57328990228013,277.38,216.235,61.145,12229,14188,345,0,0,8,4,0,0,0,0,0,265,8147,583105,846.1340160000063,13.255387000011979,1.378068429967437,0.6224043159609121,0.35619941687025963,614,19648,0,0,0,0,14,15,24,55,55,82,0.08855158194359469,coupling,hotspot/greedy,883.6510509999998
warehouse,32,200,inf,21,greedy,pp,20,5,1,678,200,0,0,29.49852507374631,278.765,218.705,60.06,12012,14422,222,0,0,12,2,0,0,0,0,0,265,7949,483184,719.4274929999992,9.939942999979394,1.0611024970501464,0.5536504424778761,0.4680236832205995,678,21696,0,0,0,0,27,15,29,67,67,95,0.08563947566263358,coupling,hotspot/greedy,763.3190830000003
warehouse,32,200,inf,22,greedy,pp,20,5,1,708,200,0,0,28.24858757062147,281.745,219.595,62.15,12430,14664,324,0,0,15,5,0,0,0,0,0,285,8294,553425,798.8657209999856,10.389790000002904,1.1283414138417875,0.5486405367231638,0.4874463711217079,708,22656,0,0,0,0,37,12,19,48,48,214,0.07198555177506138,coupling,hotspot/greedy,850.1978339999987
warehouse,32,200,inf,23,greedy,pp,20,5,1,640,200,0,0,31.25,285.9,223.45,62.45,12490,14562,248,0,0,11,3,0,0,0,0,0,253,7569,494606,693.9025450000227,9.077447999992728,1.0842227265625355,0.60986328125,0.4654650783167013,640,20480,0,0,0,0,22,9,18,48,48,66,0.08918591887950963,coupling,hotspot/greedy,732.8818319999991
warehouse,32,200,inf,24,greedy,pp,20,5,1,738,200,0,0,27.100271002710027,295.125,233.395,61.73,12346,15228,313,0,0,14,1,0,0,0,0,0,281,8358,513607,741.5387640000154,9.36271700000907,1.0047950731707525,0.5227811653116531,0.49757747304940503,738,23616,0,0,0,0,31,15,26,55,55,120,0.08001510406155238,coupling,hotspot/greedy,782.2911809999987
warehouse,32,200,inf,25,greedy,pp,20,5,1,603,200,0,0,33.16749585406302,278.39,217.445,60.945,12189,14501,323,0,0,8,6,0,0,0,0,0,248,7471,541705,747.8602330000267,10.386310000005324,1.2402325588723495,0.6316853233830846,0.3810101796525606,603,19296,0,0,0,0,14,15,24,43,43,127,0.10639759319592343,coupling,hotspot/greedy,786.5107610000014
warehouse,32,200,inf,26,greedy,pp,20,5,1,674,200,0,0,29.673590504451038,282.51,222.195,60.315,12063,14474,263,0,0,9,3,0,0,0,0,0,268,8089,522189,806.7759100000076,10.67075599999771,1.1969968991098034,0.5593008160237388,0.4611449193362299,674,21568,0,0,0,0,23,11,17,43,43,4,0.09649647872485279,coupling,hotspot/greedy,851.363503999999
warehouse,32,200,inf,27,greedy,pp,20,5,1,647,200,0,0,30.91190108191654,288.42,226.61,61.81,12362,14737,324,0,0,13,3,0,0,0,0,0,260,7610,534908,769.1835659999942,10.170784999994794,1.1888463153013822,0.5970826893353941,0.4242278805395901,647,20704,0,0,0,0,18,15,23,48,48,136,0.08456079429015581,coupling,hotspot/greedy,810.2134429999987
warehouse,32,200,inf,28,greedy,pp,20,5,1,650,200,0,0,30.76923076923077,288.43,226.24,62.19,12438,14335,313,0,0,10,2,0,0,0,0,0,273,8177,547280,813.1267650000354,10.775020000002769,1.2509642538462085,0.5979807692307693,0.44750588783728584,650,20800,0,0,0,0,24,13,23,39,39,129,0.10102244053501694,coupling,hotspot/greedy,857.0412390000001
warehouse,32,200,inf,29,greedy,pp,20,5,1,605,200,0,0,33.05785123966942,278.14,218.37,59.77,11954,14136,263,0,0,9,3,0,0,0,0,0,269,7996,564312,848.2396559999961,10.74199299999782,1.4020490181818117,0.6174586776859504,0.38736577972404407,605,19360,0,0,0,0,18,9,21,66,66,116,0.10422590781413002,coupling,hotspot/greedy,889.5778960000007
warehouse,32,200,inf,30,greedy,pp,20,5,1,670,200,0,0,29.850746268656717,283.47,222.59,60.88,12176,14399,358,0,0,8,6,0,0,0,0,0,278,8539,579026,827.8618819999647,10.960907000004227,1.2356147492536786,0.567910447761194,0.42675803623202724,670,21440,0,0,0,0,34,12,23,57,57,5,0.10404123132359375,coupling,hotspot/greedy,871.2671449999998
warehouse,32,200,inf,1,hungarian,pp,20,5,1,770,200,0,0,25.974025974025974,290.94,228.825,62.115,12423,14594,295,0,0,14,3,0,0,0,0,0,276,8213,487957,742.6599499999975,13.102414999990287,0.9644934415584383,0.5041801948051948,0.5064110793333491,770,24640,0,0,0,0,22,6,15,43,43,64,0.0933941587116584,coupling,hotspot/hungarian,794.7329040000004
warehouse,32,200,inf,2,hungarian,pp,20,5,1,628,200,0,0,31.84713375796178,295.715,232.39,63.325,12665,14384,350,0,0,10,3,0,0,0,0,0,256,7752,574655,835.6449250000151,11.939277999996193,1.3306447850318712,0.6302249203821656,0.40790123962931946,628,20096,0,0,0,0,20,13,22,59,59,67,0.1106223278613761,coupling,hotspot/hungarian,882.4680680000001
warehouse,32,200,inf,3,hungarian,pp,20,5,1,617,200,0,0,32.414910858995135,275.195,214.67,60.525,12105,14109,278,0,0,9,0,0,0,0,0,0,255,7753,537804,780.9352269999836,11.452957999985301,1.26569728849268,0.6130976499189628,0.4221029469496132,617,19744,0,0,0,0,19,10,16,71,71,15,0.11016598035767755,coupling,hotspot/hungarian,824.9072059999999
warehouse,32,200,inf,4,hungarian,pp,20,5,1,687,200,0,0,29.11208151382824,280.26,220.57,59.69,11938,14478,261,0,0,11,2,0,0,0,0,0,268,8105,506046,756.2472999999936,12.525071999994907,1.1007966521106167,0.5430312954876274,0.46900151172505355,687,21984,0,0,0,0,21,7,17,52,52,37,0.09872050995677834,coupling,hotspot/hungarian,804.8047390000011
warehouse,32,200,inf,5,hungarian,pp,20,5,1,594,200,0,0,33.67003367003367,277.475,217.345,60.13,12026,14169,200,0,0,8,1,0,0,0,0,0,252,7672,468289,719.6983950000013,11.298412999991342,1.2116134595959618,0.6326809764309764,0.389940758584826,594,19008,0,0,0,0,15,6,11,59,59,87,0.11351448617521681,coupling,hotspot/hungarian,772.9130619999996
warehouse,32,200,inf,6,hungarian,pp,20,5,1,625,200,0,0,32,277.275,215.165,62.11,12422,14245,293,0,0,8,4,0,0,0,0,0,254,7641,543442,789.1672449999896,11.18883000000642,1.2626675919999835,0.6211,0.4702913216077164,625,20000,0,0,0,0,18,14,22,56,56,2,0.10066892076898365,coupling,hotspot/hungarian,838.2705170000008
warehouse,32,200,inf,7,hungarian,pp,20,5,1,600,200,0,0,33.333333333333336,281.135,219.845,61.29,12258,14155,348,0,0,8,5,0,0,0,0,0,247,7487,538480,794.8057559999743,13.460418000000573,1.324676259999957,0.6384375,0.3887158481267361,600,19200,0,0,0,0,14,15,20,65,65,88,0.10570778051223678,coupling,hotspot/hungarian,843.9950559999997
warehouse,32,200,inf,8,hungarian,pp,20,5,1,564,200,0,0,35.46099290780142,272.905,211.795,61.11,12222,13956,270,0,0,8,1,0,0,0,0,0,248,7448,511993,764.4384700000046,12.541064000000915,1.3553873581560365,0.6771941489361702,0.377653869017611,564,18048,0,0,0,0,11,12,17,53,53,111,0.10587380937710397,coupling,hotspot/hungarian,812.1838960000005
warehouse,32,200,inf,9,hungarian,pp,20,5,1,650,200,0,0,30.76923076923077,282.48,221.41,61.07,12214,14246,391,0,0,10,4,0,0,0,0,0,257,7788,580391,887.0309799999468,15.99055299999236,1.3646630461537643,0.5872115384615385,0.4607947626317885,650,20800,0,0,0,0,29,15,24,44,44,52,0.09836445904895819,coupling,hotspot/hungarian,937.6443909999998
warehouse,32,200,inf,10,hungarian,pp,20,5,1,585,200,0,0,34.18803418803419,282.32,220.275,62.045,12409,14165,266,0,0,8,1,0,0,0,0,0,246,7504,546866,855.2153919999928,12.957112000001871,1.4619066529914406,0.6628739316239316,0.38891887202023834,585,18720,0,0,0,0,12,13,22,43,43,44,0.08453119742535103,coupling,hotspot/hungarian,911.488530999999
warehouse,32,200,inf,11,hungarian,pp,20,5,1,600,200,0,0,33.333333333333336,283.53,221.685,61.845,12369,14310,270,0,0,8,5,0,0,0,0,0,246,7564,531971,797.4839780000239,16.940255000012257,1.3291399633333731,0.64421875,0.37299206166133175,600,19200,0,0,0,0,14,11,20,58,58,39,0.08951676845885878,coupling,hotspot/hungarian,850.3362010000001
warehouse,32,200,inf,12,hungarian,pp,20,5,1,600,200,0,0,33.333333333333336,277.105,215.405,61.7,12340,14247,269,0,0,10,2,0,0,0,0,0,256,7755,535968,783.5519509999995,12.64287300000251,1.3059199183333325,0.6427083333333333,0.3947429136538144,600,19200,0,0,0,0,19,15,24,52,52,93,0.08998579467311546,coupling,hotspot/hungarian,836.9305640000002
warehouse,32,200,inf,13,hungarian,pp,20,5,1,590,200,0,0,33.898305084745765,278.375,216.165,62.21,12442,14022,257,0,0,9,2,0,0,0,0,0,250,7410,530801,781.8058910000182,14.179362000000765,1.3250947305085055,0.6590042372881356,0.3956066697957712,590,18880,0,0,0,0,21,6,12,99,99,133,0.06717019072510477,coupling,hotspot/hungarian,822.8378799999991
warehouse,32,200,inf,14,hungarian,pp,20,5,1,592,200,0,0,33.78378378378378,269.815,209.62,60.195,12039,14071,294,0,0,11,4,0,0,0,0,0,260,7798,560661,828.6594940000141,12.699223000014172,1.3997626587838077,0.6355046452702703,0.4177898146021375,592,18944,0,0,0,0,16,5,11,51,51,52,0.09436803608294692,coupling,hotspot/hungarian,873.6258880000005
warehouse,32,200,inf,15,hungarian,pp,20,5,1,625,200,0,0,32,281.55,219.17,62.38,12476,14369,296,0,0,10,5,0,0,0,0,0,260,7828,523012,806.6451869999801,12.2014920000056,1.2906322991999681,0.6238,0.39114716851793,625,20000,0,0,0,0,17,9,18,52,52,128,0.09183254426103127,coupling,hotspot/hungarian,851.0331179999994
warehouse,32,200,inf,16,hungarian,pp,20,5,1,605,200,0,0,33.05785123966942,280.585,217.615,62.97,12594,14368,304,0,0,10,3,0,0,0,0,0,261,7922,593422,835.982634000009,13.277263999989373,1.3817894776859654,0.6505165289256198,0.39975496898624324,605,19360,0,0,0,0,25,8,15,53,53,46,0.09404012589510521,coupling,hotspot/hungarian,887.9309730000004
warehouse,32,200,inf,17,hungarian,pp,20,5,1,675,200,0,0,29.62962962962963,284.57,225.08,59.49,11898,14547,252,0,0,12,3,0,0,0,0,0,273,8061,500986,780.0126399999772,12.25947699997596,1.1555742814814476,0.5508333333333333,0.471041732469792,675,21600,0,0,0,0,18,6,13,62,62,161,0.10431452170722189,coupling,hotspot/hungarian,837.8358210000006
warehouse,32,200,inf,18,hungarian,pp,20,5,1,647,200,0,0,30.91190108191654,281.06,219.27,61.79,12358,14425,249,0,0,9,4,0,0,0,0,0,271,8183,536865,752.8071130000226,12.217745000009018,1.163534950540993,0.5968894899536321,0.41478684749688527,647,20704,0,0,0,0,41,7,16,54,54,122,0.09067264181897122,coupling,hotspot/hungarian,793.7889880000002
warehouse,32,200,inf,19,hungarian,pp,20,5,1,606,200,0,0,33.00330033003301,280.035,217.195,62.84,12568,14104,314,0,0,7,4,0,0,0,0,0,254,7761,563053,803.7842089999995,13.766987999993944,1.3263765825082499,0.648102310231023,0.38882629672806035,606,19392,0,0,0,0,23,11,18,61,61,2,0.1031544315027084,coupling,hotspot/hungarian,845.9402030000001
warehouse,32,200,inf,20,hungarian,pp,20,5,1,612,200,0,0,32.6797385620915,276.065,215.91,60.155,12031,14223,262,0,0,8,2,0,0,0,0,0,251,7685,495167,696.2340740000163,10.896928000000116,1.1376373758170202,0.614328022875817,0.3718119168702592,612,19584,0,0,0,0,11,15,19,50,50,83,0.085005406726711,coupling,hotspot/hungarian,740.9759459999987
warehouse,32,200,inf,21,hungarian,pp,20,5,1,695,200,0,0,28.776978417266186,283.88,222.845,61.035,12207,14370,288,0,0,10,1,0,0,0,0,0,274,8279,529280,801.2990219999847,12.050301000006584,1.1529482330935032,0.5488758992805756,0.4451236832205995,695,22240,0,0,0,0,29,17,24,49,49,47,0.12050397871490592,coupling,hotspot/hungarian,843.2926669999997
warehouse,32,200,inf,22,hungarian,pp,20,5,1,683,200,0,0,29.282576866764277,280.47,218.22,62.25,12450,14726,268,0,0,15,6,0,0,0,0,0,275,8030,550029,739.0607709999949,9.559935999977824,1.0820801918008711,0.5696376281112738,0.45270887112170727,683,21856,0,0,0,0,26,9,14,89,89,219,0.05842553144469859,coupling,hotspot/hungarian,775.8216589999993
warehouse,32,200,inf,23,hungarian,pp,20,5,1,645,200,0,0,31.007751937984494,291.675,228.54,63.135,12627,14715,255,0,0,13,6,0,0,0,0,0,265,7895,501501,722.2305640000286,10.658478999994259,1.1197373085271762,0.6117732558139535,0.46957757831670144,645,20640,0,0,0,0,31,13,19,48,48,56,0.08553484238423517,coupling,hotspot/hungarian,757.6511399999999
warehouse,32,200,inf,24,hungarian,pp,20,5,1,709,200,0,0,28.208744710860366,293.56,232.015,61.545,12309,14937,274,0,0,12,4,0,0,0,0,0,281,8353,509286,757.3332470000114,10.834655999979077,1.0681710112835139,0.5425334978843441,0.4903399730494047,709,22688,0,0,0,0,24,8,14,66,66,137,0.08821510406155239,coupling,hotspot/hungarian,792.5485389999994
warehouse,32,200,inf,25,hungarian,pp,20,5,1,616,200,0,0,32.467532467532465,278.875,218.02,60.855,12171,14565,272,0,0,9,4,0,0,0,0,0,252,7447,499547,726.6360089999962,11.121038000004773,1.1796039107142795,0.6174411525974026,0.4190601796525609,616,19712,0,0,0,0,22,11,17,41,41,144,0.0895576034972447,coupling,hotspot/hungarian,761.0719690000005
warehouse,32,200,inf,26,hungarian,pp,20,5,1,656,200,0,0,30.48780487804878,286.61,226.135,60.475,12095,14393,245,0,0,8,4,0,0,0,0,0,271,8256,544766,771.4974899999906,10.630262999997285,1.1760632469512053,0.576171875,0.44336991933622977,656,20992,0,0,0,0,24,13,19,52,52,5,0.09576013934388822,coupling,hotspot/hungarian,809.8733769999999
warehouse,32,200,inf,27,hungarian,pp,20,5,1,645,200,0,0,31.007751937984494,286.785,224.775,62.01,12402,14618,346,0,0,12,4,0,0,0,0,0,267,7878,552884,823.5380760000098,10.91357500000231,1.2768032186046665,0.6008720930232558,0.41671538053959006,645,20640,0,0,0,0,25,13,22,45,45,152,0.09739896066170217,coupling,hotspot/hungarian,868.8046429999995
warehouse,32,200,inf,28,hungarian,pp,20,5,1,615,200,0,0,32.520325203252035,284.71,223.275,61.435,12287,14194,263,0,0,9,3,0,0,0,0,0,243,7376,497391,725.9893760000032,10.966552999972919,1.1804705300813059,0.624339430894309,0.4286183878372856,615,19680,0,0,0,0,11,11,17,65,65,91,0.11420058740973485,coupling,hotspot/hungarian,761.5491000000002
warehouse,32,200,inf,29,hungarian,pp,20,5,1,625,200,0,0,32,281.145,220.285,60.86,12172,14106,286,0,0,11,2,0,0,0,0,0,272,8023,606547,878.7134820000083,12.669637999995757,1.4059415712000132,0.6086,0.40312827972404414,625,20000,0,0,0,0,13,15,21,94,94,151,0.10936941121574523,coupling,hotspot/hungarian,917.9203539999999
warehouse,32,200,inf,30,hungarian,pp,20,5,1,677,200,0,0,29.542097488921712,287.04,226.35,60.69,12138,14421,347,0,0,7,4,0,0,0,0,0,271,8400,579114,825.827489999996,11.733968999991703,1.2198338109305702,0.5602843426883308,0.3949080362320274,677,21664,0,0,0,0,30,13,19,51,51,5,0.09766874895729244,coupling,hotspot/hungarian,865.0724599999994
warehouse,32,200,inf,1,pact-proxy,pp,20,5,1,765,200,0,0,26.143790849673202,293.52,231.45,62.07,12414,15033,294,0,0,14,2,0,0,0,0,0,288,8670,561241,825.1907800000245,18.222761999990325,1.0786807581699667,0.5071078431372549,0.4649110793333479,765,24480,0,0,0,0,24,9,19,49,49,9,0.10106679169777827,coupling,hotspot/pact-proxy,869.8219270000009
warehouse,32,200,inf,2,pact-proxy,pp,20,5,1,661,200,0,0,30.257186081694403,297.385,233.985,63.4,12680,14773,333,0,0,10,6,0,0,0,0,0,265,7956,590373,862.897427000009,19.23975000000064,1.3054424009077292,0.5994704992435703,0.42050123962931946,661,21152,0,0,0,0,28,13,21,51,51,86,0.12315278188362888,coupling,hotspot/pact-proxy,905.4164239999991
warehouse,32,200,inf,3,pact-proxy,pp,20,5,1,585,200,0,0,34.18803418803419,274.41,214.76,59.65,11930,14146,275,0,0,8,1,0,0,0,0,0,246,7519,481386,693.2586140000112,17.45691799997803,1.185057459829079,0.6372863247863247,0.3976779469496126,585,18720,0,0,0,0,12,6,12,43,43,9,0.13096598035767765,coupling,hotspot/pact-proxy,726.2080920000008
warehouse,32,200,inf,4,pact-proxy,pp,20,5,1,727,200,0,0,27.51031636863824,288.185,226.645,61.54,12308,14812,333,0,0,11,3,0,0,0,0,0,275,8308,521213,793.2695509999867,25.79458399999021,1.091154815680862,0.5290577716643742,0.4830390117250543,727,23264,0,0,0,0,31,12,23,51,51,19,0.08163628574814724,coupling,hotspot/pact-proxy,843.4528480000008
warehouse,32,200,inf,5,pact-proxy,pp,20,5,1,594,200,0,0,33.67003367003367,282.735,221.365,61.37,12274,14289,249,0,0,9,3,0,0,0,0,0,253,7703,537137,864.4143749999712,18.57270799998696,1.4552430555555071,0.6457281144781145,0.3793032585848261,594,19008,0,0,0,0,17,8,17,73,73,43,0.11470965666379901,coupling,hotspot/pact-proxy,909.1596879999997
warehouse,32,200,inf,6,pact-proxy,pp,20,5,1,630,200,0,0,31.746031746031747,277.815,216.86,60.955,12191,14334,299,0,0,9,1,0,0,0,0,0,248,7443,510024,718.8478950000117,17.22402200000215,1.1410284047619232,0.6047123015873016,0.47925382160771696,630,20160,0,0,0,0,22,9,18,48,48,5,0.10257591443471634,coupling,hotspot/pact-proxy,764.4411199999995
warehouse,32,200,inf,7,pact-proxy,pp,20,5,1,625,200,0,0,32,286.205,224.905,61.3,12260,14475,292,0,0,10,6,0,0,0,0,0,257,7735,548936,802.4122090000201,17.22457400001076,1.283859534400032,0.613,0.3950533481267361,625,20000,0,0,0,0,27,13,19,90,90,68,0.0994590450569989,coupling,hotspot/pact-proxy,843.5529399999996
warehouse,32,200,inf,8,pact-proxy,pp,20,5,1,570,200,0,0,35.08771929824562,273.93,212.78,61.15,12230,14290,302,0,0,8,0,0,0,0,0,0,241,7275,533543,741.9319250000044,15.777515999998286,1.3016349561403586,0.6705043859649122,0.38207886901761096,570,18240,0,0,0,0,12,12,23,66,66,95,0.11206903233472315,coupling,hotspot/pact-proxy,779.4083950000004
warehouse,32,200,inf,9,pact-proxy,pp,20,5,1,632,200,0,0,31.645569620253166,282.005,220.99,61.015,12203,14469,300,0,0,9,5,0,0,0,0,0,243,7431,496649,742.7683020000168,22.995086000015363,1.175266300632938,0.6033920094936709,0.4277822626317877,632,20224,0,0,0,0,16,12,18,52,52,30,0.09816815229058262,coupling,hotspot/pact-proxy,783.2708609999991
warehouse,32,200,inf,10,pact-proxy,pp,20,5,1,595,200,0,0,33.61344537815126,280.065,218.775,61.29,12258,14437,269,0,0,9,4,0,0,0,0,0,250,7541,519151,777.2027120000093,17.29177400000117,1.306223045378167,0.6438025210084034,0.4127813720202383,595,19040,0,0,0,0,19,13,22,44,44,59,0.10514347911439817,coupling,hotspot/pact-proxy,817.1697080000013
warehouse,32,200,inf,11,pact-proxy,pp,20,5,1,602,200,0,0,33.222591362126245,279.89,218.255,61.635,12327,14370,327,0,0,6,5,0,0,0,0,0,252,7748,590223,804.1117029999932,16.879972000002454,1.33573372591361,0.6398982558139535,0.36296706166133175,602,19264,0,0,0,0,19,7,19,46,46,3,0.11081308069564424,coupling,hotspot/pact-proxy,841.1266749999995
warehouse,32,200,inf,12,pact-proxy,pp,20,5,1,674,200,0,0,29.673590504451038,283.875,222.79,61.085,12217,14848,233,0,0,13,1,0,0,0,0,0,285,8393,531578,813.482573000003,20.420266999995874,1.2069474376854643,0.5664410237388724,0.46404291365381484,674,21568,0,0,0,0,22,3,8,52,52,154,0.09147898796908671,coupling,hotspot/pact-proxy,869.9034649999994
warehouse,32,200,inf,13,pact-proxy,pp,20,5,1,605,200,0,0,33.05785123966942,284.18,221.52,62.66,12532,14350,305,0,0,11,3,0,0,0,0,0,255,7552,556992,837.3621469999944,29.74931000000288,1.3840696644628006,0.6473140495867769,0.405206669795771,605,19360,0,0,0,0,18,8,15,53,53,156,0.08229110016804253,coupling,hotspot/pact-proxy,890.3495849999999
warehouse,32,200,inf,14,pact-proxy,pp,20,5,1,617,200,0,0,32.414910858995135,270.97,210.915,60.055,12011,14646,255,0,0,11,1,0,0,0,0,0,258,7657,529328,787.0263500000328,17.275532999985444,1.2755694489465685,0.6083367098865479,0.4333523146021372,617,19744,0,0,0,0,21,6,12,38,38,113,0.11965129530113211,coupling,hotspot/pact-proxy,826.4425490000012
warehouse,32,200,inf,15,pact-proxy,pp,20,5,1,675,200,0,0,29.62962962962963,286.025,223,63.025,12605,14784,304,0,0,12,2,0,0,0,0,0,274,8133,527512,798.3740529999941,17.1270030000087,1.1827763748148061,0.5835648148148148,0.4369096685179297,675,21600,0,0,0,0,33,16,25,74,74,107,0.08209253742285039,coupling,hotspot/pact-proxy,847.8972200000007
warehouse,32,200,inf,16,pact-proxy,pp,20,5,1,595,200,0,0,33.61344537815126,281.285,219.15,62.135,12427,14354,305,0,0,8,3,0,0,0,0,0,256,7761,562130,757.8350860000119,15.014609000008932,1.273672413445398,0.6526785714285714,0.40730496898624324,595,19040,0,0,0,0,10,11,19,69,69,36,0.10085639219824352,coupling,hotspot/pact-proxy,795.9473679999992
warehouse,32,200,inf,17,pact-proxy,pp,20,5,1,684,200,0,0,29.239766081871345,283.845,224.4,59.445,11889,14820,290,0,0,13,3,0,0,0,0,0,262,7749,497825,750.1001660000038,16.235078999989128,1.0966376695906488,0.5431743421052632,0.4635542324697922,684,21888,0,0,0,0,15,10,19,72,72,161,0.09087477175369882,coupling,hotspot/pact-proxy,787.4794939999992
warehouse,32,200,inf,18,pact-proxy,pp,20,5,1,652,200,0,0,30.67484662576687,285.41,222.4,63.01,12602,14725,312,0,0,10,4,0,0,0,0,0,274,8281,571633,797.3040349999883,15.542354999999588,1.2228589493864852,0.6040069018404908,0.4004368474968852,652,20864,0,0,0,0,18,15,25,44,44,107,0.09823607149757457,coupling,hotspot/pact-proxy,836.5519700000004
warehouse,32,200,inf,19,pact-proxy,pp,20,5,1,605,200,0,0,33.05785123966942,283.695,220.35,63.345,12669,14398,309,0,0,9,4,0,0,0,0,0,260,7939,546031,805.4915779999956,19.872926999985793,1.3313910380165217,0.6543904958677685,0.3742012967280603,605,19360,0,0,0,0,12,15,24,52,52,51,0.07908140343409029,coupling,hotspot/pact-proxy,844.7819739999995
warehouse,32,200,inf,20,pact-proxy,pp,20,5,1,648,200,0,0,30.864197530864196,278.075,216.65,61.425,12285,14691,325,0,0,10,1,0,0,0,0,0,260,7817,532527,772.7328759999964,17.935875999983182,1.192489006172834,0.5924479166666666,0.3854119168702592,648,20736,0,0,0,0,18,11,21,44,44,118,0.10695369954109346,coupling,hotspot/pact-proxy,831.7259609999983
warehouse,32,200,inf,21,pact-proxy,pp,20,5,1,691,200,0,0,28.94356005788712,287.71,226.03,61.68,12336,14661,235,0,0,11,1,0,0,0,0,0,269,8067,491561,727.206521999984,18.882760000004055,1.0523972821996874,0.5578871201157742,0.45798618322059975,691,22112,0,0,0,0,21,6,11,46,46,117,0.09910397871490592,coupling,hotspot/pact-proxy,774.5438139999987
warehouse,32,200,inf,22,pact-proxy,pp,20,5,1,663,200,0,0,30.165912518853695,278.265,216.405,61.86,12372,14878,282,0,0,14,3,0,0,0,0,0,266,7699,510059,787.3317849999967,16.437554000009186,1.1875290874811413,0.5831447963800905,0.4516088711217068,663,21216,0,0,0,0,19,13,19,35,35,192,0.08284066099543061,coupling,hotspot/pact-proxy,836.403119999999
warehouse,32,200,inf,23,pact-proxy,pp,20,5,1,641,200,0,0,31.201248049921997,286.495,224.8,61.695,12339,14827,307,0,0,12,5,0,0,0,0,0,257,7717,505664,752.6072199999799,18.824824999990597,1.1741142277690793,0.6015503120124805,0.45214007831670133,641,20512,0,0,0,0,17,12,20,39,39,106,0.105934842384235,coupling,hotspot/pact-proxy,789.7192429999996
warehouse,32,200,inf,24,pact-proxy,pp,20,5,1,686,200,0,0,29.154518950437318,288.675,227.805,60.87,12174,15114,247,0,0,13,0,0,0,0,0,0,272,8084,477680,716.2780350000012,17.303571999997075,1.044137077259477,0.5545736151603499,0.47393997304940455,686,21952,0,0,0,0,22,10,14,46,46,106,0.09026855905838371,coupling,hotspot/pact-proxy,767.0243620000001
warehouse,32,200,inf,25,pact-proxy,pp,20,5,1,649,200,0,0,30.816640986132512,274.515,213.335,61.18,12236,14766,256,0,0,13,5,0,0,0,0,0,265,7837,512041,755.7314940000015,15.7915659999926,1.16445530662558,0.589175654853621,0.43928517965256103,649,20768,0,0,0,0,28,16,24,138,138,157,0.07348686999697257,coupling,hotspot/pact-proxy,793.4978080000001
warehouse,32,200,inf,26,pact-proxy,pp,20,5,1,660,200,0,0,30.303030303030305,295.59,233.93,61.66,12332,14504,275,0,0,6,4,0,0,0,0,0,262,7942,532905,806.5353799999975,20.12746199999492,1.2220233030302994,0.5839015151515151,0.43020741933622964,660,21120,0,0,0,0,11,11,17,107,107,3,0.1411422867899763,coupling,hotspot/pact-proxy,847.1427509999994
warehouse,32,200,inf,27,pact-proxy,pp,20,5,1,655,200,0,0,30.53435114503817,290.235,227.475,62.76,12552,14907,331,0,0,13,5,0,0,0,0,0,255,7392,517964,753.8516049999998,16.3898340000178,1.1509184809160302,0.5988549618320611,0.44291538053958995,655,20960,0,0,0,0,25,13,22,68,68,181,0.09190463836845006,coupling,hotspot/pact-proxy,793.496169
warehouse,32,200,inf,28,pact-proxy,pp,20,5,1,631,200,0,0,31.695721077654518,289.08,226.79,62.29,12458,14696,271,0,0,10,2,0,0,0,0,0,260,7860,538335,777.2498729999879,16.464586000014606,1.2317747591125008,0.6169770206022187,0.43366838783728534,631,20192,0,0,0,0,17,12,18,47,47,97,0.08240058740973466,coupling,hotspot/pact-proxy,813.5484699999997
warehouse,32,200,inf,29,pact-proxy,pp,20,5,1,646,200,0,0,30.959752321981423,279.985,220.6,59.385,11877,14528,248,0,0,14,3,0,0,0,0,0,269,7892,549777,784.765052000017,16.343545000006998,1.21480658204337,0.5745452786377709,0.43550327972404407,646,20672,0,0,0,0,12,15,26,56,56,183,0.10942240771856182,coupling,hotspot/pact-proxy,821.6802740000003
warehouse,32,200,inf,30,pact-proxy,pp,20,5,1,665,200,0,0,30.075187969924812,285.555,225.49,60.065,12013,14554,348,0,0,9,4,0,0,0,0,0,262,8084,524292,820.6465939999907,19.339548999996623,1.2340550285714147,0.5645206766917293,0.4155955362320274,665,21280,0,0,0,0,30,10,18,47,47,4,0.11226874895729216,coupling,hotspot/pact-proxy,860.9481329999999
warehouse,32,200,inf,1,pact,pp,20,5,1,760,200,0,0,26.31578947368421,294.505,231.91,62.595,12519,14776,336,0,0,12,6,0,0,0,0,0,299,10797,655722,955.8272950000228,128.4798959999698,1.2576674934210825,0.5147615131578948,0.4669735793333487,760,24320,0,0,0,0,32,9,19,62,62,18,0.08267238254584383,coupling,hotspot/pact,1001.1384589999998
warehouse,32,200,inf,2,pact,pp,20,5,1,637,200,0,0,31.39717425431711,291.85,229.62,62.23,12446,14373,281,0,0,10,5,0,0,0,0,0,259,9706,583600,917.985141999985,130.60119999998642,1.4411069733123782,0.6105769230769231,0.3932137396293196,637,20384,0,0,0,0,17,15,21,51,51,34,0.1051726757088681,coupling,hotspot/pact,961.3783399999993
warehouse,32,200,inf,3,pact,pp,20,5,1,590,200,0,0,33.898305084745765,276.46,216.51,59.95,11990,14181,246,0,0,8,1,0,0,0,0,0,256,9496,565983,887.6595929999912,140.97040300001026,1.5045077847457478,0.6350635593220338,0.3907654469496126,590,18880,0,0,0,0,11,10,17,50,50,42,0.0999659803576777,coupling,hotspot/pact,934.6720719999994
warehouse,32,200,inf,4,pact,pp,20,5,1,737,200,0,0,27.137042062415198,285.995,224.505,61.49,12298,14664,330,0,0,9,5,0,0,0,0,0,284,10460,634892,965.8421370000233,145.12994800001252,1.3105049348711306,0.5214552238805971,0.434689011725054,737,23584,0,0,0,0,38,10,19,44,44,5,0.11797433860749021,coupling,hotspot/pact,1012.0476490000001
warehouse,32,200,inf,5,pact,pp,20,5,1,635,200,0,0,31.496062992125985,285.425,222.705,62.72,12544,14386,309,0,0,8,4,0,0,0,0,0,247,9228,569956,920.2652829999806,137.3063510000211,1.4492366661417018,0.6173228346456693,0.4036157585848265,635,20320,0,0,0,0,30,15,24,51,51,59,0.11036860062014439,coupling,hotspot/pact,962.4955050000008
warehouse,32,200,inf,6,pact,pp,20,5,1,587,200,0,0,34.07155025553663,274.31,213.045,61.265,12253,14033,264,0,0,8,6,0,0,0,0,0,239,8756,558929,823.3073990000084,120.85905799999819,1.4025679710391967,0.6523104770017035,0.4505288216077162,587,18784,0,0,0,0,12,6,13,46,46,2,0.08117591443471614,coupling,hotspot/pact,862.4756959999995
warehouse,32,200,inf,7,pact,pp,20,5,1,623,200,0,0,32.102728731942214,286.99,225.76,61.23,12246,14227,352,0,0,10,6,0,0,0,0,0,249,9234,606288,940.2276740000234,143.25461499998528,1.5091936982343874,0.6142656500802568,0.4294408481267364,623,19936,0,0,0,0,13,15,20,44,44,58,0.10792201507315094,coupling,hotspot/pact,985.4110909999999
warehouse,32,200,inf,8,pact,pp,20,5,1,579,200,0,0,34.542314335060446,275.205,213.29,61.915,12383,14097,316,0,0,8,1,0,0,0,0,0,258,9112,622318,949.5344380000079,116.93218800002433,1.6399558514680619,0.6683398100172712,0.3958288690176112,579,18528,0,0,0,0,13,13,18,85,85,106,0.0820979011556136,coupling,hotspot/pact,992.1382119999998
warehouse,32,200,inf,9,pact,pp,20,5,1,633,200,0,0,31.595576619273302,282.015,220.675,61.34,12268,14318,313,0,0,10,3,0,0,0,0,0,266,9731,607851,986.5813960000232,128.48137699999643,1.5585804044234175,0.6056477093206951,0.4511822626317878,633,20256,0,0,0,0,16,15,21,120,120,34,0.10408305335491988,coupling,hotspot/pact,1033.319759
warehouse,32,200,inf,10,pact,pp,20,5,1,608,200,0,0,32.89473684210526,285.22,222.725,62.495,12499,14325,325,0,0,9,2,0,0,0,0,0,257,9276,655014,1041.6892790000238,115.65309299999717,1.7133047351974076,0.6424239309210527,0.4188313720202385,608,19456,0,0,0,0,21,13,22,49,49,57,0.11204501045141418,coupling,hotspot/pact,1090.8127159999985
warehouse,32,200,inf,11,pact,pp,20,5,1,578,200,0,0,34.602076124567475,282.025,220.75,61.275,12255,14122,251,0,0,6,7,0,0,0,0,0,238,8991,539295,866.8401680000043,143.40473999999085,1.4997234740484502,0.6625756920415224,0.3729920616613314,578,18496,0,0,0,0,9,12,17,125,125,5,0.1278395944023511,coupling,hotspot/pact,911.2422440000009
warehouse,32,200,inf,12,pact,pp,20,5,1,654,200,0,0,30.581039755351682,292.535,228.98,63.555,12711,14660,295,0,0,12,4,0,0,0,0,0,271,9686,625953,945.7497989999902,134.82356599999184,1.446100610091728,0.607368119266055,0.4443054136538148,654,20928,0,0,0,0,20,15,21,88,88,82,0.09136560636535468,coupling,hotspot/pact,998.642812
warehouse,32,200,inf,13,pact,pp,20,5,1,619,200,0,0,32.31017770597738,277.4,215.875,61.525,12305,14255,223,0,0,10,4,0,0,0,0,0,261,9132,567179,849.926913999996,120.75536400001874,1.3730644814216415,0.6212136510500808,0.41128166979577124,619,19808,0,0,0,0,23,7,13,50,50,170,0.07358543405756471,coupling,hotspot/pact,900.3083439999991
warehouse,32,200,inf,14,pact,pp,20,5,1,596,200,0,0,33.557046979865774,272.61,211.955,60.655,12131,14252,250,0,0,9,2,0,0,0,0,0,258,9363,540833,799.1960690000233,119.7205040000008,1.3409330016778913,0.6360633389261745,0.4022273146021374,596,19072,0,0,0,0,10,10,17,63,63,68,0.10555335624590573,coupling,hotspot/pact,842.7016829999993
warehouse,32,200,inf,15,pact,pp,20,5,1,665,200,0,0,30.075187969924812,282.84,220.305,62.535,12507,14547,285,0,0,12,3,0,0,0,0,0,269,9598,574168,892.1412730000065,116.08868099999381,1.3415658240601602,0.5877349624060151,0.4155846685179301,665,21280,0,0,0,0,17,15,21,47,47,139,0.07952001284286381,coupling,hotspot/pact,947.1191739999995
warehouse,32,200,inf,16,pact,pp,20,5,1,635,200,0,0,31.496062992125985,290.585,225.9,64.685,12937,14839,328,0,0,11,6,0,0,0,0,0,261,9311,616627,900.8920790000284,115.47026300000107,1.4187276834646116,0.6366633858267716,0.43349246898624333,635,20320,0,0,0,0,26,14,24,95,95,54,0.10656094457544513,coupling,hotspot/pact,950.1713930000005
warehouse,32,200,inf,17,pact,pp,20,5,1,687,200,0,0,29.11208151382824,283.72,223.52,60.2,12040,14809,360,0,0,12,8,0,0,0,0,0,259,9436,546403,800.4864300000045,135.99680299999272,1.1651913100436746,0.5476710334788938,0.46079173246979205,687,21984,0,0,0,0,21,15,21,46,46,102,0.08338410129267745,coupling,hotspot/pact,842.360154
warehouse,32,200,inf,18,pact,pp,20,5,1,634,200,0,0,31.545741324921135,275.7,213.595,62.105,12421,14524,292,0,0,9,4,0,0,0,0,0,255,9284,562735,805.2227870000042,110.81205299997964,1.2700674873817102,0.6122338328075709,0.4075993474968847,634,20288,0,0,0,0,22,14,24,48,48,107,0.11243607149757465,coupling,hotspot/pact,852.7814720000006
warehouse,32,200,inf,19,pact,pp,20,5,1,579,200,0,0,34.542314335060446,283.57,220.215,63.355,12671,14015,280,0,0,8,3,0,0,0,0,0,248,9118,558691,834.1150079999916,110.5478420000145,1.4406131398963584,0.6838838514680483,0.37158879672806,579,18528,0,0,0,0,12,16,22,88,88,8,0.11607210961934172,coupling,hotspot/pact,875.1135130000002
warehouse,32,200,inf,20,pact,pp,20,5,1,638,200,0,0,31.34796238244514,279.005,217.65,61.355,12271,14195,273,0,0,8,3,0,0,0,0,0,264,9772,570274,854.7980429999789,135.48126600002252,1.3398088448275531,0.601048197492163,0.4171994168702597,638,20416,0,0,0,0,13,14,23,90,90,87,0.09417374032195691,coupling,hotspot/pact,897.7939529999985
warehouse,32,200,inf,21,pact,pp,20,5,1,710,200,0,0,28.169014084507044,285.76,224.18,61.58,12316,14409,298,0,0,12,0,0,0,0,0,0,282,10272,601271,874.8038220000035,131.29157599999235,1.2321180591549346,0.5420774647887324,0.45138618322059965,710,22720,0,0,0,0,33,13,23,44,44,138,0.10100389841217589,coupling,hotspot/pact,917.8111500000014
warehouse,32,200,inf,22,pact,pp,20,5,1,663,200,0,0,30.165912518853695,279.49,217.03,62.46,12492,14506,318,0,0,13,5,0,0,0,0,0,258,9049,544925,816.3791729999957,104.1921380000149,1.2313411357466,0.5888009049773756,0.44352137112170714,663,21216,0,0,0,0,22,9,18,45,45,199,0.0924406609954311,coupling,hotspot/pact,859.9893140000004
warehouse,32,200,inf,23,pact,pp,20,5,1,654,200,0,0,30.581039755351682,285.515,222.755,62.76,12552,14704,300,0,0,12,4,0,0,0,0,0,257,9190,548251,845.0808519999664,103.62775800000054,1.292172556574872,0.5997706422018348,0.4916150783167015,654,20928,0,0,0,0,18,15,24,43,43,34,0.1257972120938836,coupling,hotspot/pact,886.2303800000009
warehouse,32,200,inf,24,pact,pp,20,5,1,720,200,0,0,27.77777777777778,291.02,229.42,61.6,12320,15239,313,0,0,15,2,0,0,0,0,0,272,9926,561963,847.2437080000127,126.33965899999748,1.1767273722222398,0.5347222222222222,0.5065899730494047,720,23040,0,0,0,0,19,8,16,56,56,77,0.09375529488381165,coupling,hotspot/pact,889.1991799999996
warehouse,32,200,inf,25,pact,pp,20,5,1,607,200,0,0,32.948929159802304,272.225,212.155,60.07,12014,14478,301,0,0,11,2,0,0,0,0,0,246,8877,568572,838.8326579999903,131.26848300001075,1.3819318912685177,0.618513179571664,0.4163726796525607,607,19424,0,0,0,0,21,13,18,42,42,131,0.09029663078114558,coupling,hotspot/pact,883.5603120000014
warehouse,32,200,inf,26,pact,pp,20,5,1,660,200,0,0,30.303030303030305,289.825,228.64,61.185,12237,14343,300,0,0,6,6,0,0,0,0,0,260,9791,597295,897.7288400000052,145.69348899998295,1.36019521212122,0.579403409090909,0.42123241933623007,660,21120,0,0,0,0,15,13,19,50,50,5,0.0911601393438885,coupling,hotspot/pact,941.3894579999978
warehouse,32,200,inf,27,pact,pp,20,5,1,712,200,0,0,28.089887640449437,300.09,236.905,63.185,12637,15162,341,0,0,14,5,0,0,0,0,0,278,9664,630894,902.8912559999553,115.40307099995334,1.2681056966291506,0.5546436095505618,0.4618653805395909,712,22784,0,0,0,0,25,10,19,54,54,211,0.07312197975143853,coupling,hotspot/pact,950.0613819999999
warehouse,32,200,inf,28,pact,pp,20,5,1,622,200,0,0,32.154340836012864,285.775,223.67,62.105,12421,14250,246,0,0,9,0,0,0,0,0,0,257,9433,563754,811.1093950000286,118.08140099998673,1.3040343971061552,0.6240454180064309,0.41753088783728565,622,19904,0,0,0,0,15,8,14,47,47,68,0.0886224405350165,coupling,hotspot/pact,854.0923470000016
warehouse,32,200,inf,29,pact,pp,20,5,1,643,200,0,0,31.104199066874028,278.945,219.1,59.845,11969,14338,268,0,0,12,2,0,0,0,0,0,272,9681,588408,882.9203419999794,122.26259800001935,1.373126503887993,0.5816971228615864,0.4143657797240442,643,20576,0,0,0,0,14,7,13,39,39,136,0.08707506424784744,coupling,hotspot/pact,931.5981380000012
warehouse,32,200,inf,30,pact,pp,20,5,1,642,200,0,0,31.152647975077883,286.205,225.66,60.545,12109,14348,346,0,0,5,9,0,0,0,0,0,271,10414,645043,972.9886280000173,159.25772500002859,1.5155586105919274,0.5894178348909658,0.36424553623202705,642,20544,0,0,0,0,28,10,18,38,38,4,0.103241231323593,coupling,hotspot/pact,1021.4866719999991
warehouse,24,200,0.1,1,greedy,pp,20,5,1,2261,200,0,0,8.84564352056612,82.565,5.025,77.54,15508,23255,86,0,0,33,0,0,0,0,0,0,513,11172,154750,400.420827000009,10.172817000042414,0.17709899469261786,0.2857879994102904,0.577279871519956,2261,54264,0,0,0,0,24,5,6,28,28,5,0.062072382545856286,coupling,long-trips/greedy,451.07306900000185
warehouse,24,200,0.1,2,greedy,pp,20,5,1,1926,200,0,0,10.384215991692628,90.395,6.56,83.835,16767,23229,118,0,0,31,0,0,0,0,0,0,452,9739,186450,402.94008599995504,8.668090000006487,0.20921084423673678,0.3627336448598131,0.5301318821978671,1926,46224,0,0,0,0,30,6,11,40,40,182,0.05200078683216536,coupling,long-trips/greedy,447.410275000002
warehouse,24,200,0.1,3,greedy,pp,20,5,1,2161,200,0,0,9.254974548819991,84.625,5.82,78.805,15761,23311,117,0,0,32,1,0,0,0,0,0,496,10776,175397,371.9584000000177,10.242237000045861,0.1721232762609985,0.30389094554989976,0.6067984704719597,2161,51864,0,0,0,0,35,7,11,25,25,35,0.042886663458332946,coupling,long-trips/greedy,428.70098599999983
warehouse,24,200,0.1,4,greedy,pp,20,5,1,1974,200,0,0,10.131712259371835,87.105,6.99,80.115,16023,22841,97,0,0,28,0,0,0,0,0,0,451,9920,163979,329.6180419999,14.472792000011395,0.16697975785202634,0.33820921985815605,0.5161652641263267,1974,47376,0,0,0,0,26,7,17,36,36,5,0.06167307804340308,coupling,long-trips/greedy,381.7765670000008
warehouse,24,200,0.1,5,greedy,pp,20,5,1,2269,200,0,0,8.81445570736007,83.24,5.04,78.2,15640,23459,100,0,0,32,0,0,0,0,0,0,506,11094,160391,421.0561809999672,14.388726000019233,0.1855690528867198,0.28720434846481563,0.5639202411732313,2269,54456,0,0,0,0,31,12,22,26,26,5,0.07038941111061858,coupling,long-trips/greedy,496.2482600000003
warehouse,24,200,0.1,6,greedy,pp,20,5,1,2208,200,0,0,9.057971014492754,82.6,4.65,77.95,15590,23136,101,0,0,30,0,0,0,0,0,0,490,10765,160473,387.5305669999834,13.728704999990441,0.1755120321557896,0.2941953502415459,0.5148133713784145,2208,52992,0,0,0,0,38,6,7,29,29,5,0.059585710751825366,coupling,long-trips/greedy,441.6091839999972
warehouse,24,200,0.1,7,greedy,pp,20,5,1,2225,200,0,0,8.98876404494382,85.06,5.61,79.45,15890,23732,118,0,0,33,0,0,0,0,0,0,510,11104,188148,406.91673999996783,8.434675000073184,0.1828839280898732,0.29756554307116106,0.5647093652135273,2225,53400,0,0,0,0,41,6,13,26,26,5,0.07706280197445575,coupling,long-trips/greedy,452.0949409999994
warehouse,24,200,0.1,8,greedy,pp,20,5,1,2032,200,0,0,9.84251968503937,86.19,4.73,81.46,16292,23062,115,0,0,32,0,0,0,0,0,0,464,10086,169217,341.45547099995747,9.25800499995239,0.16803910974407354,0.33407152230971127,0.5632850973030886,2032,48768,0,0,0,0,19,7,10,34,34,53,0.0676792147979226,coupling,long-trips/greedy,395.99140199999965
warehouse,24,200,0.1,9,greedy,pp,20,5,1,2144,200,0,0,9.328358208955224,86.02,4.95,81.07,16214,23281,93,0,0,31,0,0,0,0,0,0,484,10582,164177,359.7334890000311,8.214587999973446,0.1677861422574772,0.3151041666666667,0.5857144956480521,2144,51456,0,0,0,0,34,6,7,33,33,37,0.049430805067536665,coupling,long-trips/greedy,402.5779340000008
warehouse,24,200,0.1,10,greedy,pp,20,5,1,2122,200,0,0,9.42507068803016,85.555,5.41,80.145,16029,23023,83,0,0,32,0,0,0,0,0,0,488,10664,158751,367.40849600000365,8.977512000044953,0.17314255230914405,0.3147384542884072,0.5880603787646677,2122,50928,0,0,0,0,26,6,8,41,41,13,0.06856855405683987,coupling,long-trips/greedy,415.93677599999864
warehouse,24,200,0.1,11,greedy,pp,20,5,1,2170,200,0,0,9.216589861751151,85.29,4.995,80.295,16059,23299,90,0,0,32,0,0,0,0,0,0,487,10570,147463,334.92599000005794,8.88274300003468,0.1543437741935751,0.30835253456221196,0.6079084170628306,2170,52080,0,0,0,0,35,8,15,25,25,34,0.053657286628722184,coupling,long-trips/greedy,380.1781149999988
warehouse,24,200,0.1,12,greedy,pp,20,5,1,2494,200,0,0,8.019246190858059,79.475,2.745,76.73,15346,23241,77,0,0,31,0,0,0,0,0,0,524,11663,140182,369.3160250000219,8.708386999980576,0.14808180633521328,0.2563819834268912,0.4867057605518912,2494,59856,0,0,0,0,43,6,9,22,22,5,0.06548022016901792,coupling,long-trips/greedy,417.12000199999966
warehouse,24,200,0.1,13,greedy,pp,20,5,1,1977,200,0,0,10.116337885685383,88.99,6.93,82.06,16412,23016,120,0,0,32,0,0,0,0,0,0,460,9963,189895,367.6720560000249,8.574816000018473,0.18597473748104446,0.34589445287472603,0.5383870477787075,1977,47448,0,0,0,0,27,13,23,33,33,5,0.06505590412171602,coupling,long-trips/greedy,411.8668859999998
warehouse,24,200,0.1,14,greedy,pp,20,5,1,2111,200,0,0,9.474182851729038,85.335,4.465,80.87,16174,23326,69,0,0,30,1,0,0,0,0,0,491,10751,161122,359.13660500001424,8.321823999987828,0.170126293225966,0.3192404863413864,0.48076634670591106,2111,50664,0,0,0,0,32,4,8,25,25,20,0.06867762884834047,coupling,long-trips/greedy,408.0296930000004
warehouse,24,200,0.1,15,greedy,pp,20,5,1,1870,200,0,0,10.695187165775401,89.85,7.545,82.305,16461,23310,110,0,0,31,0,0,0,0,0,0,453,9801,189827,431.85388399999647,7.998099000014918,0.23093790588235105,0.36677807486631014,0.509801612673349,1870,44880,0,0,0,0,26,14,23,37,37,113,0.07526235873047424,coupling,long-trips/greedy,487.2213130000018
warehouse,24,200,0.1,16,greedy,pp,20,5,1,1990,200,0,0,10.050251256281408,88.205,6.295,81.91,16382,23204,100,0,0,32,0,0,0,0,0,0,469,10271,182584,476.0592309999811,11.0595659999708,0.23922574422109602,0.3430067001675042,0.5426287736700398,1990,47760,0,0,0,0,24,6,13,34,34,6,0.07229760362617721,coupling,long-trips/greedy,539.2272310000008
warehouse,24,200,0.1,17,greedy,pp,20,5,1,2061,200,0,0,9.70402717127608,83.165,4.1,79.065,15813,22976,80,0,0,30,0,0,0,0,0,0,466,10235,156006,423.4900940000298,10.185898000032466,0.2054779689471275,0.31968704512372637,0.5445125268032657,2061,49464,0,0,0,0,35,6,7,30,30,38,0.07113615734651935,coupling,long-trips/greedy,487.6084699999992
warehouse,24,200,0.1,18,greedy,pp,20,5,1,1958,200,0,0,10.21450459652707,88.855,7.155,81.7,16340,23289,125,0,0,31,0,0,0,0,0,0,465,10041,198542,387.4903500000182,8.239827000019432,0.19790109805925343,0.347718760640109,0.597498526970825,1958,46992,0,0,0,0,29,6,10,43,43,8,0.0920993365017724,coupling,long-trips/greedy,437.46602500000154
warehouse,24,200,0.1,19,greedy,pp,20,5,1,2128,200,0,0,9.398496240601503,85.67,5.39,80.28,16056,23538,127,0,0,34,0,0,0,0,0,0,482,10459,178176,371.6841790000253,7.64468199998737,0.17466361795113972,0.3143796992481203,0.5924226973795127,2128,51072,0,0,0,0,28,13,22,45,45,45,0.0518360752051987,coupling,long-trips/greedy,413.73915099999795
warehouse,24,200,0.1,20,greedy,pp,20,5,1,2222,200,0,0,9.000900090009,86.46,7.68,78.78,15756,23572,89,0,0,36,0,0,0,0,0,0,508,10900,167296,343.73255700006484,8.728927999996813,0.1546951201620454,0.29545454545454547,0.65374928581539,2222,53328,0,0,0,0,37,6,13,35,35,136,0.043191716844997535,coupling,long-trips/greedy,383.7032330000002
warehouse,24,200,0.1,21,greedy,pp,20,5,1,2218,200,0,0,9.017132551848512,83.7,4.175,79.525,15905,23377,131,0,0,33,0,0,0,0,0,0,488,10618,168542,415.69843500005663,14.569836000009673,0.18742039449957468,0.2987864442440637,0.5895905570143648,2218,53232,0,0,0,0,33,12,21,38,38,14,0.0710220544556211,coupling,long-trips/greedy,468.48708700000134
warehouse,24,200,0.1,22,greedy,pp,20,5,1,2229,200,0,0,8.972633467922835,84.17,5.45,78.72,15744,23302,100,0,0,33,0,0,0,0,0,0,499,10922,170041,381.46959199997946,13.323289000029035,0.17113934140869425,0.294302377747869,0.5848575379118075,2229,53496,0,0,0,0,31,6,11,34,34,46,0.07125192017053414,coupling,long-trips/greedy,430.115858000001
warehouse,24,200,0.1,23,greedy,pp,20,5,1,2095,200,0,0,9.54653937947494,83.03,3.545,79.485,15897,23344,85,0,0,31,0,0,0,0,0,0,462,10125,146074,342.0116159999743,8.757032000026811,0.16325136801908083,0.3161694510739857,0.5337054165625424,2095,50280,0,0,0,0,29,6,7,23,23,5,0.06486797383484463,coupling,long-trips/greedy,387.5602089999993
warehouse,24,200,0.1,24,greedy,pp,20,5,1,2169,200,0,0,9.220839096357768,90.96,10.295,80.665,16133,23499,76,0,0,31,0,0,0,0,0,0,507,11040,172434,346.62101400002575,7.9794639999454375,0.15980682987553055,0.3099162440448748,0.5569489695781349,2169,52056,0,0,0,0,30,5,7,38,38,5,0.07312445259802736,coupling,long-trips/greedy,388.77531799999997
warehouse,24,200,0.1,25,greedy,pp,20,5,1,2165,200,0,0,9.237875288683602,83.53,4.565,78.965,15793,22996,104,0,0,30,0,0,0,0,0,0,491,10756,159604,332.4935249999944,8.522498999969685,0.1535766859122376,0.30394534257120864,0.5375399708368092,2165,51960,0,0,0,0,31,9,15,41,41,99,0.06939128187243612,coupling,long-trips/greedy,372.7260410000017
warehouse,24,200,0.1,26,greedy,pp,20,5,1,1948,200,0,0,10.26694045174538,85.705,5.145,80.56,16112,23264,79,0,0,29,0,0,0,0,0,0,452,9985,162381,397.90888199999245,11.549587999972573,0.20426533983572506,0.34462696783025326,0.46698631025002557,1948,46752,0,0,0,0,26,7,16,44,44,30,0.051750966152383615,coupling,long-trips/greedy,455.53284399999757
warehouse,24,200,0.1,27,greedy,pp,20,5,1,2160,200,0,0,9.25925925925926,86.945,5.545,81.4,16280,23123,119,0,0,31,0,0,0,0,0,0,482,10553,168621,372.0001710000106,8.336794999930135,0.1722223013888938,0.3140432098765432,0.5011779632192469,2160,51840,0,0,0,0,23,10,19,39,39,5,0.07710533857067686,coupling,long-trips/greedy,416.0475660000011
warehouse,24,200,0.1,28,greedy,pp,20,5,1,2228,200,0,0,8.976660682226212,83.21,4.745,78.465,15693,23281,109,0,0,30,0,0,0,0,0,0,496,10870,163542,434.2618990000228,10.664886000031402,0.19491108572711976,0.2934807001795332,0.5426511428482034,2228,53472,0,0,0,0,44,6,14,28,28,5,0.08942244053502013,coupling,long-trips/greedy,477.8177560000004
warehouse,24,200,0.1,29,greedy,pp,20,5,1,1985,200,0,0,10.075566750629722,86.56,5.875,80.685,16137,23106,74,0,0,32,0,0,0,0,0,0,456,9767,153096,334.9535610000057,8.07555099997262,0.1687423481108341,0.338727959697733,0.5703543690325783,1985,47640,0,0,0,0,27,6,7,21,21,72,0.03679163800254914,coupling,long-trips/greedy,373.16485399999874
warehouse,24,200,0.1,30,greedy,pp,20,5,1,2191,200,0,0,9.128251939753538,84.28,4.57,79.71,15942,23223,98,0,0,30,1,0,0,0,0,0,482,10594,162534,368.6859310000473,9.613487000035093,0.16827290324055102,0.30317206754906434,0.5764082943683543,2191,52584,0,0,0,0,30,6,16,28,28,5,0.05682084717006519,coupling,long-trips/greedy,415.5634480000008
warehouse,24,200,0.1,1,hungarian,pp,20,5,1,2264,200,0,0,8.8339222614841,82.56,4.96,77.6,15520,23220,104,0,0,34,0,0,0,0,0,0,503,10943,156906,413.66466899996885,13.914106000003812,0.1827140764134138,0.2856301531213192,0.6073132048532891,2264,54336,0,0,0,0,34,9,12,41,41,5,0.07898894910719267,coupling,long-trips/hungarian,473.5497920000016
warehouse,24,200,0.1,2,hungarian,pp,20,5,1,1925,200,0,0,10.38961038961039,89.22,5.915,83.305,16661,23330,103,0,0,32,0,0,0,0,0,0,447,9705,168962,368.6547419999697,11.945268000010401,0.19150895688310116,0.36062770562770563,0.520898548864534,1925,46200,0,0,0,0,28,6,11,33,33,60,0.06441223700962587,coupling,long-trips/hungarian,407.5239780000011
warehouse,24,200,0.1,3,hungarian,pp,20,5,1,2172,200,0,0,9.208103130755065,84.88,6.03,78.85,15770,23169,94,0,0,32,0,0,0,0,0,0,496,10779,153884,345.488258999907,10.733787000048324,0.159064575966808,0.302524554941682,0.6006651371386263,2172,52128,0,0,0,0,35,9,17,38,38,69,0.07211339188553495,coupling,long-trips/hungarian,389.557248000001
warehouse,24,200,0.1,4,hungarian,pp,20,5,1,1962,200,0,0,10.193679918450561,86.14,6.63,79.51,15902,23005,88,0,0,28,0,0,0,0,0,0,468,10287,166395,354.79235499997594,11.34387300000526,0.18083198521915186,0.3377081209650017,0.49424859745965993,1962,47088,0,0,0,0,26,7,16,25,25,5,0.08033096032366394,coupling,long-trips/hungarian,392.46899699999994
warehouse,24,200,0.1,5,hungarian,pp,20,5,1,2263,200,0,0,8.837825894829871,83.43,4.905,78.525,15705,23379,92,0,0,32,0,0,0,0,0,0,500,10972,159342,367.1000960000092,16.74897900002179,0.16221833672117067,0.28916261599646487,0.5818702411732314,2263,54312,0,0,0,0,31,6,8,41,41,5,0.058506406286555124,coupling,long-trips/hungarian,406.0283820000004
warehouse,24,200,0.1,6,hungarian,pp,20,5,1,2199,200,0,0,9.095043201455207,82.035,4.845,77.19,15438,23096,79,0,0,30,0,0,0,0,0,0,489,10753,152642,329.20693399994707,9.24918800001251,0.1497075643474066,0.2925193269668031,0.5110133713784143,2199,52776,0,0,0,0,38,6,10,27,27,5,0.07489793711026763,coupling,long-trips/hungarian,364.95424999999886
warehouse,24,200,0.1,7,hungarian,pp,20,5,1,2223,200,0,0,8.99685110211426,84.64,5.46,79.18,15836,23752,101,0,0,34,0,0,0,0,0,0,507,11023,187327,407.0153530000316,14.074649000005593,0.18309282636078794,0.2968211126105863,0.5913093652135281,2223,53352,0,0,0,0,29,9,22,28,28,5,0.06891435285620515,coupling,long-trips/hungarian,447.91593600000124
warehouse,24,200,0.1,8,hungarian,pp,20,5,1,2014,200,0,0,9.930486593843098,85.645,4.79,80.855,16171,22787,138,0,0,31,0,0,0,0,0,0,455,9936,177880,371.03911499998867,15.306391999947664,0.18422994786493976,0.33455395564382656,0.5546017639697552,2014,48336,0,0,0,0,27,6,19,43,43,5,0.07130883299466789,coupling,long-trips/hungarian,408.60094200000094
warehouse,24,200,0.1,9,hungarian,pp,20,5,1,2158,200,0,0,9.267840593141798,87.23,5.445,81.785,16357,23409,107,0,0,30,1,0,0,0,0,0,499,10942,165904,404.5997360000256,14.341832999980397,0.1874882928637746,0.31582097621254246,0.5350978289813861,2158,51792,0,0,0,0,29,6,7,31,31,25,0.07543585866727409,coupling,long-trips/hungarian,449.27340999999797
warehouse,24,200,0.1,10,hungarian,pp,20,5,1,2120,200,0,0,9.433962264150944,87.075,6.66,80.415,16083,23027,95,0,0,29,0,0,0,0,0,0,495,10824,176434,368.047815000009,12.50436900000932,0.17360745990566462,0.31609669811320756,0.5144437120980007,2120,50880,0,0,0,0,39,6,7,33,33,5,0.06574340250157101,coupling,long-trips/hungarian,406.66124800000034
warehouse,24,200,0.1,11,hungarian,pp,20,5,1,2158,200,0,0,9.267840593141798,85.055,4.775,80.28,16056,23144,85,0,0,32,0,0,0,0,0,0,485,10573,156721,319.24210599996877,12.577931000025274,0.14793424745132935,0.31000926784059313,0.5834084170628305,2158,51792,0,0,0,0,35,12,24,40,40,5,0.06340705719032796,coupling,long-trips/hungarian,354.29398199999923
warehouse,24,200,0.1,12,hungarian,pp,20,5,1,2491,200,0,0,8.028904054596548,80.43,2.91,77.52,15504,23186,101,0,0,31,0,0,0,0,0,0,525,11679,141368,326.86721400000897,10.430157999995572,0.13121927498996747,0.25933360096346847,0.4871890938852245,2491,59784,0,0,0,0,46,6,11,43,43,5,0.06882045796551989,coupling,long-trips/hungarian,369.1170439999987
warehouse,24,200,0.1,13,hungarian,pp,20,5,1,1971,200,0,0,10.147133434804667,87.63,6.735,80.895,16179,23051,77,0,0,32,0,0,0,0,0,0,463,10028,174973,402.4499049999795,12.094550999969215,0.2041856443429627,0.34202181633688483,0.5624703811120404,1971,47304,0,0,0,0,28,6,12,44,44,5,0.07665590412171763,coupling,long-trips/hungarian,447.28487799999857
warehouse,24,200,0.1,14,hungarian,pp,20,5,1,2114,200,0,0,9.460737937559129,85.35,4.96,80.39,16078,22839,80,0,0,30,0,0,0,0,0,0,480,10512,147482,341.4606780000504,12.844884999962233,0.16152349952698694,0.31689530116682435,0.5005163467059109,2114,50736,0,0,0,0,38,6,7,26,26,35,0.047004383465847566,coupling,long-trips/hungarian,378.7505220000021
warehouse,24,200,0.1,15,hungarian,pp,20,5,1,1880,200,0,0,10.638297872340425,89.975,6.995,82.98,16596,23267,129,0,0,32,0,0,0,0,0,0,449,9711,198400,366.0747079999637,14.522751999993488,0.19472058936168282,0.36781914893617024,0.5246182793400156,1880,45120,0,0,0,0,25,8,17,27,27,100,0.08539756635762963,coupling,long-trips/hungarian,401.57796000000235
warehouse,24,200,0.1,16,hungarian,pp,20,5,1,1976,200,0,0,10.121457489878543,88.53,6.34,82.19,16438,23267,115,0,0,30,0,0,0,0,0,0,458,10066,190319,395.64477099998476,11.927381000052264,0.20022508653845383,0.34661774628879893,0.49891210700337324,1976,47424,0,0,0,0,25,6,9,34,34,38,0.04717104277741427,coupling,long-trips/hungarian,433.78238500000225
warehouse,24,200,0.1,17,hungarian,pp,20,5,1,2062,200,0,0,9.699321047526674,82.47,4.265,78.205,15641,22852,75,0,0,29,0,0,0,0,0,0,469,10321,148821,333.11083000000144,12.412283000016032,0.16154744422890469,0.31605641771742643,0.5404291934699318,2062,49488,0,0,0,0,34,6,7,22,22,47,0.07612846061140344,coupling,long-trips/hungarian,371.37952700000096
warehouse,24,200,0.1,18,hungarian,pp,20,5,1,1958,200,0,0,10.21450459652707,88.235,7.15,81.085,16217,23088,93,0,0,31,0,0,0,0,0,0,462,9990,184298,413.8654700000152,14.82718700001351,0.21137153728294952,0.3451012938372489,0.551548526970825,1958,46992,0,0,0,0,22,6,7,31,31,5,0.06690438921488928,coupling,long-trips/hungarian,453.50619000000006
warehouse,24,200,0.1,19,hungarian,pp,20,5,1,2156,200,0,0,9.276437847866418,83.58,4.605,78.975,15795,23629,89,0,0,33,0,0,0,0,0,0,478,10460,162216,378.0460560001411,17.09612600001492,0.17534603710581684,0.3052527829313544,0.5714393640461803,2156,51744,0,0,0,0,29,6,8,28,28,13,0.0684904541492479,coupling,long-trips/hungarian,433.98980499999743
warehouse,24,200,0.1,20,hungarian,pp,20,5,1,2225,200,0,0,8.98876404494382,87.98,7.915,80.065,16013,23339,76,0,0,34,1,0,0,0,0,0,507,10968,162651,363.44036799994865,14.298377999937657,0.16334398561795446,0.2998689138576779,0.6089159524820571,2225,53400,0,0,0,0,49,6,11,33,33,26,0.06870533112678737,coupling,long-trips/hungarian,406.448167999999
warehouse,24,200,0.1,21,hungarian,pp,20,5,1,2208,200,0,0,9.057971014492754,83.05,4.055,78.995,15799,23383,94,0,0,32,0,0,0,0,0,0,482,10516,158301,346.1344259999787,14.204766999995627,0.1567637798912947,0.2981393417874396,0.5697238903476983,2208,52992,0,0,0,0,29,6,11,25,25,11,0.0690220544556211,coupling,long-trips/hungarian,385.12825299999895
warehouse,24,200,0.1,22,hungarian,pp,20,5,1,2219,200,0,0,9.013068949977468,85.04,5.89,79.15,15830,23178,98,0,0,34,0,0,0,0,0,0,491,10717,155232,367.4575979999463,13.66772199999832,0.16559603334833092,0.29724350307946523,0.6139575379118075,2219,53256,0,0,0,0,30,6,8,27,27,45,0.07205192017053358,coupling,long-trips/hungarian,410.89174600000115
warehouse,24,200,0.1,23,hungarian,pp,20,5,1,2105,200,0,0,9.501187648456057,83.015,3.45,79.565,15913,23351,83,0,0,32,0,0,0,0,0,0,463,10140,146186,354.7832470000176,17.014674999958515,0.16854311021378507,0.3149841646872526,0.5559554165625428,2105,50520,0,0,0,0,29,6,9,23,23,5,0.07253587014470814,coupling,long-trips/hungarian,393.4988650000014
warehouse,24,200,0.1,24,hungarian,pp,20,5,1,2190,200,0,0,9.132420091324201,90.63,10.11,80.52,16104,23464,99,0,0,31,0,0,0,0,0,0,500,10922,177874,374.0493310000056,15.178727999951661,0.17079878127854137,0.30639269406392694,0.552182302911468,2190,52560,0,0,0,0,45,6,13,28,28,4,0.060745280535152074,coupling,long-trips/hungarian,411.4113120000002
warehouse,24,200,0.1,25,hungarian,pp,20,5,1,2161,200,0,0,9.254974548819991,83.28,4.275,79.005,15801,23048,88,0,0,29,1,0,0,0,0,0,488,10734,164578,384.5014329999467,17.465488999943773,0.17792754881996609,0.30466219342896805,0.5095233041701434,2161,51864,0,0,0,0,26,6,7,42,42,87,0.07656874097175934,coupling,long-trips/hungarian,430.8910329999999
warehouse,24,200,0.1,26,hungarian,pp,20,5,1,1948,200,0,0,10.26694045174538,85.585,4.96,80.625,16125,23099,112,0,0,28,1,0,0,0,0,0,445,9846,171683,364.4397820000013,16.68289199996798,0.18708407700205404,0.34490503080082136,0.47270297691669244,1948,46752,0,0,0,0,27,6,8,32,32,5,0.07325642627329104,coupling,long-trips/hungarian,404.48273999999947
warehouse,24,200,0.1,27,hungarian,pp,20,5,1,2160,200,0,0,9.25925925925926,87.21,6.14,81.07,16214,23204,96,0,0,30,0,0,0,0,0,0,492,10781,167533,350.82436799993593,10.271148999989236,0.16241868888885921,0.31277006172839505,0.4607779632192472,2160,51840,0,0,0,0,24,6,9,36,36,5,0.06425340413415034,coupling,long-trips/hungarian,391.37143899999865
warehouse,24,200,0.1,28,hungarian,pp,20,5,1,2220,200,0,0,9.00900900900901,84.355,5.215,79.14,15828,23275,128,0,0,29,0,0,0,0,0,0,493,10842,181864,376.66582999998354,18.19696800003294,0.1696692927927854,0.2970720720720721,0.48985114284820347,2220,53280,0,0,0,0,40,15,21,32,32,5,0.08185061079207967,coupling,long-trips/hungarian,412.2658100000008
warehouse,24,200,0.1,29,hungarian,pp,20,5,1,2016,200,0,0,9.920634920634921,87.185,6.155,81.03,16206,23359,91,0,0,34,1,0,0,0,0,0,463,9889,154611,395.9122780000034,14.54047300001912,0.19638505853174773,0.3349454365079365,0.5776043690325784,2016,48384,0,0,0,0,24,6,7,24,24,75,0.03758493751476888,coupling,long-trips/hungarian,448.19405800000095
warehouse,24,200,0.1,30,hungarian,pp,20,5,1,2211,200,0,0,9.045680687471732,85.815,4.605,81.21,16242,23366,121,0,0,31,0,0,0,0,0,0,488,10752,170897,354.25438500002565,13.667055999969307,0.16022360244234538,0.30608322026232476,0.550958294368354,2211,53064,0,0,0,0,30,15,24,37,37,5,0.07295011247173466,coupling,long-trips/hungarian,392.3128539999998
warehouse,24,200,0.1,1,pact-proxy,pp,20,5,1,2268,200,0,0,8.818342151675486,83.02,5.315,77.705,15541,23256,99,0,0,34,0,0,0,0,0,0,511,11097,156143,329.8121490000012,23.116799999981595,0.14541981878306934,0.2855121987066431,0.595129871519956,2268,54432,0,0,0,0,36,8,17,38,38,15,0.06218894910719472,coupling,long-trips/pact-proxy,371.4434169999986
warehouse,24,200,0.1,2,pact-proxy,pp,20,5,1,1920,200,0,0,10.416666666666666,87.57,5.835,81.735,16347,23253,88,0,0,31,0,0,0,0,0,0,446,9734,162652,362.1681160000262,24.02966099999321,0.18862922708334698,0.35475260416666665,0.5391985488645342,1920,46080,0,0,0,0,37,6,9,38,38,77,0.05149154442793852,coupling,long-trips/pact-proxy,398.6021060000021
warehouse,24,200,0.1,3,pact-proxy,pp,20,5,1,2164,200,0,0,9.242144177449168,83.725,5.5,78.225,15645,23007,72,0,0,31,1,0,0,0,0,0,492,10716,150706,350.70522899999924,24.940757999997004,0.162063414510166,0.30123613678373384,0.5810151371386268,2164,51936,0,0,0,0,35,6,8,34,34,32,0.07282813417148595,coupling,long-trips/pact-proxy,387.49004299999797
warehouse,24,200,0.1,4,pact-proxy,pp,20,5,1,1968,200,0,0,10.16260162601626,86.585,6.77,79.815,15963,23038,71,0,0,27,0,0,0,0,0,0,462,10182,155722,416.6092139999637,29.370024000028934,0.21169167378046935,0.33797002032520324,0.4733152641263269,1968,47232,0,0,0,0,22,6,7,25,25,5,0.06732050995677885,coupling,long-trips/pact-proxy,459.82928399999946
warehouse,24,200,0.1,5,pact-proxy,pp,20,5,1,2263,200,0,0,8.837825894829871,83.415,4.805,78.61,15722,23540,142,0,0,33,0,0,0,0,0,0,500,10956,169858,378.7821320000148,23.42370299999675,0.16738052673442988,0.2894756223302401,0.5518035745065645,2263,54312,0,0,0,0,31,9,20,43,43,5,0.07218941111061869,coupling,long-trips/pact-proxy,426.2153819999985
warehouse,24,200,0.1,6,pact-proxy,pp,20,5,1,2212,200,0,0,9.041591320072333,82.43,4.5,77.93,15586,23245,104,0,0,31,0,0,0,0,0,0,480,10546,151557,342.81960700000127,27.078852999973606,0.154981739150091,0.29358800482218206,0.5287967047117476,2212,53088,0,0,0,0,38,6,11,35,35,5,0.07036971293483557,coupling,long-trips/pact-proxy,379.3523499999974
warehouse,24,200,0.1,7,pact-proxy,pp,20,5,1,2224,200,0,0,8.992805755395683,85.265,5.73,79.535,15907,23725,133,0,0,35,1,0,0,0,0,0,506,11006,194527,401.14055599999847,23.335136000012426,0.18036895503597053,0.2980178357314149,0.6086926985468607,2224,53376,0,0,0,0,33,6,12,37,37,5,0.06777418197151577,coupling,long-trips/pact-proxy,440.2008419999984
warehouse,24,200,0.1,8,pact-proxy,pp,20,5,1,2027,200,0,0,9.86679822397632,86.26,4.72,81.54,16308,23090,98,0,0,31,0,0,0,0,0,0,461,10031,171296,381.9103489999907,26.11758000001646,0.18841161766156422,0.33522446965959546,0.5544684306364217,2027,48648,0,0,0,0,30,6,9,37,37,27,0.06787921479792292,coupling,long-trips/pact-proxy,418.952065999998
warehouse,24,200,0.1,9,pact-proxy,pp,20,5,1,2144,200,0,0,9.328358208955224,86.405,5.595,80.81,16162,23565,120,0,0,32,0,0,0,0,0,0,487,10668,166114,384.190586000037,22.78931400003421,0.17919337033583815,0.3140935945273632,0.5805811623147186,2144,51456,0,0,0,0,29,13,19,31,31,29,0.06432712652292558,coupling,long-trips/pact-proxy,423.27410299999974
warehouse,24,200,0.1,10,pact-proxy,pp,20,5,1,2119,200,0,0,9.438414346389807,86.465,5.48,80.985,16197,23135,80,0,0,32,0,0,0,0,0,0,488,10670,165386,361.12717499999417,23.11329000000478,0.17042339546955837,0.31848749410099103,0.5606603787646668,2119,50856,0,0,0,0,24,4,5,38,38,63,0.04834483348358057,coupling,long-trips/pact-proxy,404.99572400000034
warehouse,24,200,0.1,11,pact-proxy,pp,20,5,1,2159,200,0,0,9.263547938860583,85.08,4.965,80.115,16023,23129,44,0,0,32,0,0,0,0,0,0,484,10541,133547,343.67174300003535,23.900957999983802,0.15918098332563008,0.30922880963408983,0.5765584170628305,2159,51816,0,0,0,0,35,5,6,26,26,5,0.06162123496030275,coupling,long-trips/pact-proxy,381.2173670000011
warehouse,24,200,0.1,12,pact-proxy,pp,20,5,1,2487,200,0,0,8.041817450743869,79.685,2.735,76.95,15390,23122,105,0,0,31,1,0,0,0,0,0,519,11531,145057,398.69234699998196,29.405963999950472,0.16031055367912422,0.25784077201447525,0.49423909388522486,2487,59688,0,0,0,0,45,14,24,49,49,5,0.07782045796552012,coupling,long-trips/pact-proxy,441.09049100000266
warehouse,24,200,0.1,13,pact-proxy,pp,20,5,1,1959,200,0,0,10.209290454313425,86.93,6.31,80.62,16124,23103,113,0,0,31,0,0,0,0,0,0,456,9888,180159,363.0901910000466,28.8825510000097,0.1853446610515807,0.3429470818444785,0.5193703811120405,1959,47016,0,0,0,0,29,8,15,38,38,5,0.0695978782080241,coupling,long-trips/pact-proxy,398.8536810000005
warehouse,24,200,0.1,14,pact-proxy,pp,20,5,1,2113,200,0,0,9.46521533364884,84.56,4.51,80.05,16010,23083,99,0,0,30,0,0,0,0,0,0,476,10443,162332,404.74822800001857,22.80014000007941,0.19155145669664864,0.31570436977441235,0.4945330133725776,2113,50712,0,0,0,0,27,6,8,31,31,5,0.08412078354378866,coupling,long-trips/pact-proxy,449.6415300000008
warehouse,24,200,0.1,15,pact-proxy,pp,20,5,1,1885,200,0,0,10.610079575596817,89.7,7.695,82.005,16401,23233,98,0,0,32,1,0,0,0,0,0,458,9892,182220,398.618970000025,24.46308300003875,0.21146894960213528,0.36253315649867374,0.5208516126733495,1885,45240,0,0,0,0,26,8,17,42,42,78,0.06619686231036098,coupling,long-trips/pact-proxy,437.25236399999994
warehouse,24,200,0.1,16,pact-proxy,pp,20,5,1,1971,200,0,0,10.147133434804667,88.42,6.325,82.095,16419,23193,98,0,0,32,1,0,0,0,0,0,465,10152,173380,366.9716149999331,22.080963000003976,0.18618549720950436,0.34709538305428717,0.5439787736700389,1971,47304,0,0,0,0,25,5,7,36,36,41,0.06704235390555247,coupling,long-trips/pact-proxy,402.32506400000057
warehouse,24,200,0.1,17,pact-proxy,pp,20,5,1,2061,200,0,0,9.70402717127608,83.795,4.215,79.58,15916,23133,79,0,0,31,1,0,0,0,0,0,472,10362,166806,350.34506499997224,22.53284400006305,0.16998790150411075,0.32176936762089603,0.5392791934699315,2061,49464,0,0,0,0,39,6,7,25,25,5,0.07169258893206937,coupling,long-trips/pact-proxy,385.22231399999873
warehouse,24,200,0.1,18,pact-proxy,pp,20,5,1,1975,200,0,0,10.126582278481013,87.565,6.66,80.905,16181,23274,125,0,0,32,1,0,0,0,0,0,471,10160,187422,398.9513110000735,23.649879000007786,0.20200066379750556,0.34137130801687765,0.6054318603041585,1975,47400,0,0,0,0,26,13,22,49,49,93,0.05937697026041433,coupling,long-trips/pact-proxy,438.22898200000054
warehouse,24,200,0.1,19,pact-proxy,pp,20,5,1,2145,200,0,0,9.324009324009324,83.41,4.52,78.89,15778,23507,103,0,0,34,0,0,0,0,0,0,475,10408,160375,366.6684379999642,22.159592000036355,0.17094099673658006,0.3064879564879565,0.5579893640461802,2145,51480,0,0,0,0,33,6,9,31,31,5,0.07448585762568544,coupling,long-trips/pact-proxy,403.61541999999827
warehouse,24,200,0.1,20,pact-proxy,pp,20,5,1,2195,200,0,0,9.111617312072893,86.68,7.295,79.385,15877,23282,69,0,0,34,0,0,0,0,0,0,490,10631,147473,349.55242300001555,23.80635800003438,0.15924939544419842,0.30138572513287776,0.5856159524820564,2195,52680,0,0,0,0,37,6,11,33,33,59,0.06156231748966329,coupling,long-trips/pact-proxy,386.55170700000235
warehouse,24,200,0.1,21,pact-proxy,pp,20,5,1,2206,200,0,0,9.066183136899365,82.395,4.095,78.3,15660,23376,80,0,0,33,0,0,0,0,0,0,487,10587,153423,367.5672470000245,30.991407999939838,0.1666215988214073,0.2957842248413418,0.5742572236810315,2206,52944,0,0,0,0,34,6,8,32,32,5,0.06729994773455444,coupling,long-trips/pact-proxy,407.7259870000016
warehouse,24,200,0.1,22,pact-proxy,pp,20,5,1,2239,200,0,0,8.932559178204556,84.205,5.31,78.895,15779,23455,118,0,0,33,0,0,0,0,0,0,495,10802,168670,345.30522200000996,26.511348000010912,0.15422296650290754,0.2936392734851868,0.5630242045784738,2239,53736,0,0,0,0,31,6,9,41,41,85,0.07939346542377834,coupling,long-trips/pact-proxy,383.6210460000002
warehouse,24,200,0.1,23,pact-proxy,pp,20,5,1,2093,200,0,0,9.555661729574773,83.105,3.4,79.705,15941,23352,105,0,0,30,0,0,0,0,0,0,451,9949,146848,375.0278180000423,29.435023000023648,0.17918194839944687,0.3173475075648989,0.4881220832292099,2093,50232,0,0,0,0,27,7,13,25,25,5,0.08025602032505216,coupling,long-trips/pact-proxy,417.70199499999944
warehouse,24,200,0.1,24,pact-proxy,pp,20,5,1,2160,200,0,0,9.25925925925926,89.075,9.385,79.69,15938,23268,70,0,0,30,0,0,0,0,0,0,506,11086,161781,372.8707740000209,24.892379999953846,0.172625358333343,0.30744598765432096,0.5168323029114686,2160,51840,0,0,0,0,41,5,6,24,24,5,0.07426855905838481,coupling,long-trips/pact-proxy,410.5799159999988
warehouse,24,200,0.1,25,pact-proxy,pp,20,5,1,2159,200,0,0,9.263547938860583,82.3,3.945,78.355,15671,22920,71,0,0,29,2,0,0,0,0,0,483,10659,156973,356.3490360000287,26.22088200000144,0.1650528188976511,0.30243554114559207,0.4977233041701423,2159,51816,0,0,0,0,26,6,7,22,22,56,0.06824942799676384,coupling,long-trips/pact-proxy,396.5222550000035
warehouse,24,200,0.1,26,pact-proxy,pp,20,5,1,1949,200,0,0,10.26167265264238,85.715,5.26,80.455,16091,23181,84,0,0,28,0,0,0,0,0,0,446,9885,159982,369.5395309999767,23.175599000001966,0.1896046849666376,0.3440011971951428,0.4366196435833592,1949,46776,0,0,0,0,26,6,8,32,32,47,0.08514228678998254,coupling,long-trips/pact-proxy,407.89944000000105
warehouse,24,200,0.1,27,pact-proxy,pp,20,5,1,2161,200,0,0,9.254974548819991,87.03,6.565,80.465,16093,23179,81,0,0,31,1,0,0,0,0,0,498,10861,167417,383.4657680000164,24.98688300001595,0.17744829615919314,0.3102923029461669,0.5056112965525797,2161,51864,0,0,0,0,24,4,6,30,30,5,0.05625340413415017,coupling,long-trips/pact-proxy,420.82320600000094
warehouse,24,200,0.1,28,pact-proxy,pp,20,5,1,2220,200,0,0,9.00900900900901,83.12,4.625,78.495,15699,23271,89,0,0,30,1,0,0,0,0,0,500,10943,155118,350.7611290000241,22.413103999966552,0.1580005085585694,0.2946509009009009,0.5370011428482032,2220,53280,0,0,0,0,38,6,7,26,26,9,0.08342244053502079,coupling,long-trips/pact-proxy,388.50243599999885
warehouse,24,200,0.1,29,pact-proxy,pp,20,5,1,1995,200,0,0,10.025062656641603,86.75,5.29,81.46,16292,23418,83,0,0,34,0,0,0,0,0,0,457,9782,157557,357.1592329999439,21.153361000004224,0.17902718446112478,0.3402673350041771,0.5798377023659116,1995,47880,0,0,0,0,23,5,7,31,31,69,0.04098493751476878,coupling,long-trips/pact-proxy,394.64764699999796
warehouse,24,200,0.1,30,pact-proxy,pp,20,5,1,2201,200,0,0,9.086778736937756,83.915,4.41,79.505,15901,23372,113,0,0,29,2,0,0,0,0,0,476,10516,165485,349.79516899997543,28.097471999968548,0.15892556519762627,0.30101847645009844,0.5187416277016877,2201,52824,0,0,0,0,26,6,18,25,25,5,0.07190249036550858,coupling,long-trips/pact-proxy,386.1637439999977
warehouse,24,200,0.1,1,pact,pp,20,5,1,2258,200,0,0,8.857395925597874,82.1,5.035,77.065,15413,23277,84,0,0,32,0,0,0,0,0,0,515,14122,208876,502.8772810000555,162.71587199990972,0.22270915899028146,0.2844146737525834,0.5697798715199561,2258,54192,0,0,0,0,24,6,10,28,28,5,0.07378894910719264,coupling,long-trips/pact,543.6631159999997
warehouse,24,200,0.1,2,pact,pp,20,5,1,1930,200,0,0,10.362694300518134,89.125,6.04,83.085,16617,23336,85,0,0,31,0,0,0,0,0,0,448,12187,220740,446.6821420000124,122.54245699999956,0.23144152435233803,0.3587435233160622,0.5253318821978676,1930,46320,0,0,0,0,29,6,11,33,33,170,0.03549154442793817,coupling,long-trips/pact,480.54367699999784
warehouse,24,200,0.1,3,pact,pp,20,5,1,2167,200,0,0,9.229349330872173,83.445,5.505,77.94,15588,23008,74,0,0,32,0,0,0,0,0,0,490,13418,213719,499.76694499999576,151.86720500005322,0.23062618597138707,0.29972311952007386,0.614615137138626,2167,52008,0,0,0,0,35,5,7,22,20,78,0.07262813417148617,coupling,long-trips/pact,539.9840980000008
warehouse,24,200,0.1,4,pact,pp,20,5,1,1952,200,0,0,10.245901639344263,86.385,6.565,79.82,15964,23041,81,0,0,29,1,0,0,0,0,0,459,12811,212608,518.524401000017,163.10135500008982,0.2656375005123038,0.3407616120218579,0.5002485974596601,1952,46848,0,0,0,0,29,6,9,47,47,5,0.06493096032366358,coupling,long-trips/pact,558.6438659999985
warehouse,24,200,0.1,5,pact,pp,20,5,1,2259,200,0,0,8.853474988933156,83.46,5.32,78.14,15628,23409,102,0,0,31,0,0,0,0,0,0,513,14241,233317,540.344661000101,164.90244000004168,0.239196397078398,0.2882543898480153,0.540503574506564,2259,54216,0,0,0,0,31,5,11,27,27,5,0.07791071024631929,coupling,long-trips/pact,580.9161200000017
warehouse,24,200,0.1,6,pact,pp,20,5,1,2209,200,0,0,9.053870529651427,82.66,4.905,77.755,15551,23119,99,0,0,30,0,0,0,0,0,0,484,13610,220180,493.62290299998494,142.86050899998736,0.22345989271162742,0.2933265429304361,0.48853003804508077,2209,53016,0,0,0,0,38,6,7,29,29,5,0.06785979551561505,coupling,long-trips/pact,533.8517759999995
warehouse,24,200,0.1,7,pact,pp,20,5,1,2224,200,0,0,8.992805755395683,85.16,5.96,79.2,15840,23771,128,0,0,34,0,0,0,0,0,0,502,13789,255428,520.6899599999961,144.87307100003818,0.23412318345323563,0.29676258992805754,0.5870093652135274,2224,53376,0,0,0,0,28,6,12,26,26,5,0.07510778051224967,coupling,long-trips/pact,561.8743269999977
warehouse,24,200,0.1,8,pact,pp,20,5,1,2037,200,0,0,9.818360333824252,84.525,4.55,79.975,15995,23065,120,0,0,32,0,0,0,0,0,0,454,12515,222361,489.12510499995915,138.02322899998398,0.24012032646046105,0.32717640320733105,0.5816850973030883,2037,48888,0,0,0,0,31,8,18,34,34,51,0.0719045505398902,coupling,long-trips/pact,528.4900909999997
warehouse,24,200,0.1,9,pact,pp,20,5,1,2147,200,0,0,9.315323707498836,86.715,4.885,81.83,16366,23407,123,0,0,30,0,0,0,0,0,0,485,13467,231017,528.7919239999392,154.37010999999256,0.24629339729852778,0.31761372457692905,0.538881162314719,2147,51528,0,0,0,0,32,6,12,32,32,5,0.06943585866727409,coupling,long-trips/pact,571.5145379999994
warehouse,24,200,0.1,10,pact,pp,20,5,1,2115,200,0,0,9.456264775413711,86.28,6.1,80.18,16036,23026,103,0,0,32,0,0,0,0,0,0,499,13626,228160,525.1348589999725,149.56263799998123,0.2482907134751643,0.31591804570527976,0.539743712098001,2115,50760,0,0,0,0,26,7,14,23,23,12,0.06382074159498649,coupling,long-trips/pact,564.0451460000004
warehouse,24,200,0.1,11,pact,pp,20,5,1,2173,200,0,0,9.203865623561896,84.98,4.93,80.05,16010,23278,92,0,0,31,0,0,0,0,0,0,495,13516,216489,484.69566300004226,139.4100209999924,0.22305368752878152,0.3069872679858874,0.5661917503961637,2173,52152,0,0,0,0,35,6,7,38,38,5,0.07061114871725549,coupling,long-trips/pact,525.625340999999
warehouse,24,200,0.1,12,pact,pp,20,5,1,2492,200,0,0,8.025682182985554,80.235,3.08,77.155,15431,23213,87,0,0,31,1,0,0,0,0,0,529,14779,205570,454.8532820000364,148.88250899999548,0.1825253940610098,0.258008962011771,0.4930224272185577,2492,59808,0,0,0,0,46,6,10,32,32,5,0.07788053324651259,coupling,long-trips/pact,493.4072070000002
warehouse,24,200,0.1,13,pact,pp,20,5,1,1978,200,0,0,10.111223458038422,88.4,6.71,81.69,16338,22960,85,0,0,32,0,0,0,0,0,0,463,12571,241465,507.5311869999787,134.3526250000068,0.2565880621840135,0.3441607684529828,0.5686537144453744,1978,47472,0,0,0,0,32,5,6,28,28,5,0.06980372547712307,coupling,long-trips/pact,549.0299550000018
warehouse,24,200,0.1,14,pact,pp,20,5,1,2109,200,0,0,9.48316737790422,86.565,5.585,80.98,16196,23106,80,0,0,30,0,0,0,0,0,0,487,13308,221888,503.76620599991656,145.20916100002796,0.2388649625414493,0.31997787260945154,0.5099496800392438,2109,50616,0,0,0,0,37,5,6,22,22,35,0.07716735828724064,coupling,long-trips/pact,542.9035729999996
warehouse,24,200,0.1,15,pact,pp,20,5,1,1871,200,0,0,10.689470871191876,90.94,7.615,83.325,16665,23329,158,0,0,31,0,0,0,0,0,0,453,12249,253827,549.7331479999593,140.82176499999332,0.2938178236237089,0.37112506680919294,0.5024682793400155,1871,44904,0,0,0,0,27,11,24,38,38,141,0.056084045224826407,coupling,long-trips/pact,588.7221930000014
warehouse,24,200,0.1,16,pact,pp,20,5,1,1995,200,0,0,10.025062656641603,88.195,6.76,81.435,16287,23386,76,0,0,32,0,0,0,0,0,0,472,12932,227735,503.40915600005246,137.03628699997716,0.2523354165413797,0.34016290726817044,0.5268954403367061,1995,47880,0,0,0,0,31,5,6,27,27,35,0.06623172818964496,coupling,long-trips/pact,543.6242820000007
warehouse,24,200,0.1,17,pact,pp,20,5,1,2065,200,0,0,9.685230024213075,83.81,4.19,79.62,15924,22939,64,0,0,31,1,0,0,0,0,0,469,13034,213184,453.61147900001015,136.7992520000189,0.21966657578692986,0.32130750605326874,0.5429958601365978,2065,49560,0,0,0,0,37,6,8,26,26,5,0.07529195324555249,coupling,long-trips/pact,494.228697999999
warehouse,24,200,0.1,18,pact,pp,20,5,1,1957,200,0,0,10.219724067450178,87.735,6.705,81.03,16206,23243,115,0,0,30,0,0,0,0,0,0,461,12508,248338,497.01463099993634,134.10252900003616,0.253967619315246,0.34504343382728664,0.5808151936374916,1957,46968,0,0,0,0,24,8,18,38,38,5,0.07488818297089422,coupling,long-trips/pact,534.2571779999998
warehouse,24,200,0.1,19,pact,pp,20,5,1,2135,200,0,0,9.36768149882904,84.02,4.8,79.22,15844,23450,109,0,0,33,0,0,0,0,0,0,471,13086,225175,468.4665519999944,145.2170620000361,0.21942227259952898,0.30921155347384854,0.5577726973795128,2135,51240,0,0,0,0,29,5,8,25,25,5,0.07852652630546086,coupling,long-trips/pact,504.9225320000005
warehouse,24,200,0.1,20,pact,pp,20,5,1,2196,200,0,0,9.107468123861567,87.09,7.245,79.845,15969,23514,75,0,0,34,0,0,0,0,0,0,489,13273,209157,464.71143600000505,132.15325500003746,0.21161722950819903,0.3029940801457195,0.6175492858153896,2196,52704,0,0,0,0,37,6,11,25,25,82,0.06957983148713784,coupling,long-trips/pact,505.04356899999766
warehouse,24,200,0.1,21,pact,pp,20,5,1,2217,200,0,0,9.021199819576003,83.49,4.24,79.25,15850,23460,77,0,0,32,0,0,0,0,0,0,493,13472,217591,503.8689239999949,148.64316300003338,0.22727511231393543,0.29788753570891596,0.5852905570143648,2217,53208,0,0,0,0,29,6,7,33,33,5,0.06450397871491709,coupling,long-trips/pact,544.0180180000025
warehouse,24,200,0.1,22,pact,pp,20,5,1,2220,200,0,0,9.00900900900901,83.27,4.98,78.29,15658,23206,103,0,0,33,0,0,0,0,0,0,498,13628,225346,489.8687329999848,148.61461199996484,0.2206615914414346,0.29388138138138137,0.5887742045784742,2220,53280,0,0,0,0,30,6,8,27,27,43,0.06636527086813357,coupling,long-trips/pact,529.556013999998
warehouse,24,200,0.1,23,pact,pp,20,5,1,2095,200,0,0,9.54653937947494,84.415,3.725,80.69,16138,23253,111,0,0,31,0,0,0,0,0,0,460,12779,222286,525.2571560000179,148.5352970000422,0.2507194062052591,0.3209626093874304,0.5233054165625431,2095,50280,0,0,0,0,26,6,17,33,33,5,0.06776642495915741,coupling,long-trips/pact,571.553441
warehouse,24,200,0.1,24,pact,pp,20,5,1,2170,200,0,0,9.216589861751151,90.24,9.785,80.455,16091,23286,111,0,0,31,0,0,0,0,0,0,506,13827,238850,478.08946400008426,136.25654699997904,0.22031772534566096,0.3089669738863287,0.5413156362448018,2170,52080,0,0,0,0,41,10,16,31,31,5,0.07516799943540597,coupling,long-trips/pact,516.6609099999987
warehouse,24,200,0.1,25,pact,pp,20,5,1,2164,200,0,0,9.242144177449168,83.005,4.285,78.72,15744,23025,74,0,0,29,1,0,0,0,0,0,489,13532,214616,448.4249369999998,134.992147999983,0.2072203960258779,0.3031423290203327,0.5131566375034766,2164,51936,0,0,0,0,26,5,6,27,27,87,0.0764494279967654,coupling,long-trips/pact,487.06346400000257
warehouse,24,200,0.1,26,pact,pp,20,5,1,1940,200,0,0,10.309278350515465,85.54,4.915,80.625,16125,23038,97,0,0,28,2,0,0,0,0,0,445,12469,226483,541.9994149999657,159.74875800000882,0.2793811417525596,0.34632731958762886,0.49930297691669234,1940,46560,0,0,0,0,27,6,8,41,41,5,0.0830564262732911,coupling,long-trips/pact,586.3269159999982
warehouse,24,200,0.1,27,pact,pp,20,5,1,2171,200,0,0,9.212344541685859,87.45,6.55,80.9,16180,23246,86,0,0,30,0,0,0,0,0,0,500,13607,228361,496.8014869999424,141.92749700000422,0.2288353233532669,0.3105327805926608,0.50701129655258,2171,52104,0,0,0,0,24,5,7,24,24,5,0.0722534041341504,coupling,long-trips/pact,534.0169220000025
warehouse,24,200,0.1,28,pact,pp,20,5,1,2218,200,0,0,9.017132551848512,83.585,4.765,78.82,15764,23347,99,0,0,31,1,0,0,0,0,0,497,13679,226161,530.4729159999843,160.20709599999464,0.23916722993687298,0.2961376615569582,0.5636844761815364,2218,53232,0,0,0,0,29,6,14,41,41,5,0.07852079421300864,coupling,long-trips/pact,574.6766339999995
warehouse,24,200,0.1,29,pact,pp,20,5,1,2000,200,0,0,10,87.39,5.9,81.49,16298,23276,78,0,0,34,0,0,0,0,0,0,465,12387,210011,460.13148699996964,132.51479299999846,0.23006574349998482,0.3395416666666667,0.5573543690325782,2000,48000,0,0,0,0,35,6,8,40,40,151,0.015984937514768288,coupling,long-trips/pact,499.6326000000008
warehouse,24,200,0.1,30,pact,pp,20,5,1,2210,200,0,0,9.049773755656108,83.9,4.065,79.835,15967,23263,85,0,0,29,0,0,0,0,0,0,487,13616,220435,458.63391299999785,137.8694919999507,0.2075266574660624,0.3010369532428356,0.5428916277016879,2210,53040,0,0,0,0,30,5,6,24,24,5,0.08372339182254121,coupling,long-trips/pact,495.99257200000284
warehouse,32,200,inf,1,greedy,pp,20,5,1,1689,200,0,0,11.841326228537596,907.225,847.4,59.825,11965,15249,127,0,14,65,0,0,0,0,0,0,500,6141,193307,416.9059280000074,32.26687300000776,0.2468359550029647,0.2213772942569568,0.24713674409672426,1689,54048,0,0,0,14,78,65,65,67,34,334,0.000021605192125798622,coupling,saturated-chargers/greedy,478.7782530000004
warehouse,32,200,inf,2,greedy,pp,20,5,1,3036,198,2,1,6.521739130434782,957.9545454545455,898.0858585858585,59.86868686868687,11854,15464,4731,0,20,67,0,0,0,0,0,0,769,8333,641008,882.9532310000286,38.923627000014676,0.2908278099473085,0.15924530632411066,0.16493066400925754,3036,97152,0,0,0,20,1001,1333,1486,1488,1488,334,0.0000013397663606894757,coupling,saturated-chargers/greedy,961.0611509999981
warehouse,32,200,inf,3,greedy,pp,20,5,1,2786,200,0,0,7.178750897343862,1052.04,982.625,69.415,13883,15193,3366,0,26,58,7,0,0,0,0,0,743,6686,331172,609.4912719999847,31.428950999976223,0.21876930078965712,0.15391690595836324,0.09992782036982255,2786,89152,0,0,0,26,157,1512,1512,1512,1512,333,0.00004535675421601915,coupling,saturated-chargers/greedy,671.5668919999989
warehouse,32,200,inf,4,greedy,pp,20,5,1,3475,198,2,1,5.697841726618705,891.4191919191919,834.3484848484849,57.07070707070707,11300,15092,5167,0,20,76,0,0,0,0,0,0,853,10327,608473,992.5854490001584,49.20309400008773,0.28563610043170024,0.1483543165467626,0.24139635323677228,3475,111200,0,0,0,20,1001,1451,1452,1452,1452,333,0.000018093350902473803,coupling,saturated-chargers/greedy,1078.421997999998
warehouse,32,200,inf,5,greedy,pp,20,5,1,1757,200,0,0,11.383039271485487,868.51,810.79,57.72,11544,14641,397,0,17,60,0,0,0,0,0,0,506,5683,186955,386.78836799999044,30.596300000004703,0.22014135913488359,0.20532157085941946,0.2323686589769438,1757,56224,0,0,0,17,142,323,307,307,307,333,0.00001552602648835586,coupling,saturated-chargers/greedy,444.7909719999989
warehouse,32,200,inf,6,greedy,pp,20,5,1,2508,200,0,0,7.974481658692185,912.58,847.31,65.27,13054,14857,3199,0,24,57,1,0,0,0,0,0,665,6676,373017,614.350572999967,40.30901199998334,0.24495636881976354,0.16265450558213715,0.1305811530634046,2508,80256,0,0,0,24,450,1484,1484,1484,1484,298,0.00003254018761360603,coupling,saturated-chargers/greedy,684.9528659999996
warehouse,32,200,inf,7,greedy,pp,20,5,1,2788,199,1,1,7.137733142037303,849.0150753768844,791.5175879396985,57.49748743718593,11442,14239,5297,0,21,60,0,0,0,0,0,0,726,7895,528123,743.3962430000101,55.51670700005707,0.2666414071018688,0.14352806671449067,0.12663865101848945,2788,89216,0,0,0,21,1001,1359,1359,1359,1359,333,0.000017977312952003255,coupling,saturated-chargers/greedy,816.844473000001
warehouse,32,200,inf,8,greedy,pp,20,5,1,3167,197,3,1,6.220397852857594,981.7868020304569,921.7766497461929,60.01015228426396,11822,15186,3953,0,23,63,1,0,0,0,0,0,805,8061,455521,786.045956000049,43.16993299999376,0.24819891253553805,0.15019142721818757,0.09920411433252183,3167,101344,0,0,0,23,1001,1379,1456,1460,1460,333,0.00013428416361721519,coupling,saturated-chargers/greedy,880.485439
warehouse,32,200,inf,9,greedy,pp,20,5,1,2617,199,1,1,7.604126862820023,864.4070351758794,806.2763819095477,58.130653266331656,11568,14836,2223,0,15,69,0,0,0,0,0,0,687,9385,464755,752.7891500000151,52.531450999977096,0.28765347726404855,0.16419086740542607,0.20594037234307144,2617,83744,0,0,0,15,1001,777,1375,1387,1387,334,0.000004496520759514821,coupling,saturated-chargers/greedy,821.7434859999994
warehouse,32,200,inf,10,greedy,pp,20,5,1,4154,200,0,0,4.814636494944632,1009.8,909.955,99.845,19969,15243,11044,0,27,68,141,0,0,0,0,0,1000,9662,900437,1189.778142999934,37.89296599989757,0.28641746340874674,0.15022418151179587,0.058083917055296044,4154,132928,0,0,0,27,578,1521,1521,1521,1521,333,0.000025366383394401703,coupling,saturated-chargers/greedy,1282.8816650000008
warehouse,32,200,inf,11,greedy,pp,20,5,1,1885,200,0,0,10.610079575596817,933.485,875.115,58.37,11674,14447,592,0,20,57,0,0,0,0,0,0,541,5907,211423,382.6303080000107,23.642043999992893,0.20298690079576165,0.1935344827586207,0.20919387149271812,1885,60320,0,0,0,20,148,250,250,250,250,334,0.000021503427627891404,coupling,saturated-chargers/greedy,423.115974999997
warehouse,32,200,inf,12,greedy,pp,20,5,1,2691,198,2,1,7.357859531772576,848.2272727272727,787.8737373737374,60.35353535353536,11950,15247,2136,0,17,69,0,0,0,0,0,0,691,8246,473593,737.1759560000683,35.461694999998144,0.27394126941659913,0.15349777034559645,0.19955582585425752,2691,86112,0,0,0,17,1001,637,637,637,637,327,0.00005656068958625419,coupling,saturated-chargers/greedy,788.2525940000014
warehouse,32,200,inf,13,greedy,pp,20,5,1,2796,199,1,1,7.117310443490701,881.0150753768844,824.035175879397,56.97989949748744,11339,14336,2648,0,18,65,0,0,0,0,0,0,725,7927,464380,676.9475489999495,23.49518399990484,0.24211285729611928,0.14138501430615164,0.1783617416801075,2796,89472,0,0,0,18,1001,1062,1297,1301,1301,333,0.00005192300118731733,coupling,saturated-chargers/greedy,721.2542539999995
warehouse,32,200,inf,14,greedy,pp,20,5,1,1668,200,0,0,11.990407673860911,848.43,790.055,58.375,11675,14669,140,0,15,63,1,0,0,0,0,0,497,5814,226634,436.0784250000106,38.99045099994328,0.2614379046762654,0.2187312649880096,0.2851621097196128,1668,53376,0,0,0,15,119,13,22,35,35,332,0.00003812533058162085,coupling,saturated-chargers/greedy,473.5492830000003
warehouse,32,200,inf,15,greedy,pp,20,5,1,1854,200,0,0,10.787486515641856,963.67,903.845,59.825,11965,15060,435,0,17,63,0,0,0,0,0,0,541,6066,218242,393.8148089999595,24.952308000029007,0.2124135970873568,0.20167543149946063,0.24304447367056312,1854,59328,0,0,0,17,138,306,306,306,306,327,0.00002459845505614947,coupling,saturated-chargers/greedy,432.74745600000097
warehouse,32,200,inf,16,greedy,pp,20,5,1,3365,197,3,1,5.854383358098068,898.4670050761422,842.4720812182741,55.994923857868024,11031,13783,5419,0,26,55,1,0,0,0,0,0,844,7408,729718,967.955037000007,27.21298200005549,0.28765380000000207,0.1299777117384844,0.044784965138936324,3365,107680,0,0,0,26,1001,1473,1473,1473,1473,332,0.00002654557787018833,coupling,saturated-chargers/greedy,1019.8696089999976
warehouse,32,200,inf,17,greedy,pp,20,5,1,1565,200,0,0,12.779552715654953,822.15,763.29,58.86,11772,14678,147,0,14,62,0,0,0,0,0,0,469,5859,198148,371.7273320000022,23.418613000052574,0.23752545175718992,0.23506389776357828,0.2808074711937576,1565,50080,0,0,0,14,135,33,53,55,55,333,0.00005597159080469264,coupling,saturated-chargers/greedy,408.677466000001
warehouse,32,200,inf,18,greedy,pp,20,5,1,1914,200,0,0,10.449320794148381,946,884.94,61.06,12212,15164,778,0,19,62,2,0,0,0,0,0,538,6133,248917,426.8344069999912,24.295529000024544,0.22300648223615005,0.19938610240334378,0.23137219562493236,1914,61248,0,0,0,19,161,195,195,195,195,334,0.000007864400373705982,coupling,saturated-chargers/greedy,468.7524889999986
warehouse,32,200,inf,19,greedy,pp,20,5,1,3806,198,2,1,5.202312138728324,993.5757575757576,919.4646464646464,74.11111111111111,14674,14339,9579,0,29,56,1,0,0,0,0,0,944,7729,736982,936.897706999931,25.54636400003801,0.24616334918547844,0.1600105097214924,0.032969601269063946,3806,121792,0,0,0,29,1001,1535,1535,1535,1535,333,0.000021772601084702392,coupling,saturated-chargers/greedy,991.9366200000004
warehouse,32,200,inf,20,greedy,pp,20,5,1,1865,200,0,0,10.723860589812332,970.885,908.985,61.9,12380,15395,198,0,17,63,0,0,0,0,0,0,536,5785,235886,415.7279970000054,19.2262719999635,0.22291045415549887,0.2074396782841823,0.26522246814843964,1865,59680,0,0,0,17,174,56,86,100,38,334,0.00004696003273103855,coupling,saturated-chargers/greedy,453.98696199999904
warehouse,32,200,inf,21,greedy,pp,20,5,1,1879,200,0,0,10.6439595529537,915.78,858.05,57.73,11546,14505,132,0,19,59,0,0,0,0,0,0,539,5771,176529,358.3941979999727,26.695203999985097,0.19073666737624942,0.19202368281000531,0.23295555419538885,1879,60128,0,0,0,19,132,54,54,54,32,334,0.00008155936487172478,coupling,saturated-chargers/greedy,395.5362590000004
warehouse,32,200,inf,22,greedy,pp,20,5,1,1641,200,0,0,12.187690432663011,847.09,789.795,57.295,11459,13923,87,0,17,55,0,0,0,0,0,0,486,5332,210979,357.22783800003526,18.486358000041946,0.21768911517369607,0.218216788543571,0.20437272052712513,1641,52512,0,0,0,17,100,10,18,37,37,333,0.00013612239435345486,coupling,saturated-chargers/greedy,390.47820800000045
warehouse,32,200,inf,23,greedy,pp,20,5,1,1622,200,0,0,12.330456226880395,821.105,763.28,57.825,11565,14466,100,0,15,60,0,0,0,0,0,0,474,5597,184534,399.3049930000161,23.007768000021315,0.24618063686807404,0.22281519728729962,0.2627006742502911,1622,51904,0,0,0,15,111,6,15,37,37,331,0.00008679111078338498,coupling,saturated-chargers/greedy,453.62521600000036
warehouse,32,200,inf,24,greedy,pp,20,5,1,1971,200,0,0,10.147133434804667,956.37,897.985,58.385,11677,14498,1034,0,23,54,0,0,0,0,0,0,559,5574,275391,447.0240980000344,23.92559299999266,0.22680065854897738,0.18513762049720953,0.13662707663697668,1971,63072,0,0,0,23,129,141,149,153,153,325,0.00005044556967997971,coupling,saturated-chargers/greedy,488.7654399999992
warehouse,32,200,inf,25,greedy,pp,20,5,1,2918,197,3,1,6.751199451679232,914.9340101522843,857.0761421319797,57.857868020304565,11398,14843,4977,0,19,70,0,0,0,0,0,0,748,9234,646779,857.6344599999829,29.45322300004409,0.2939117409184314,0.16705577450308431,0.15064209671777537,2918,93376,0,0,0,19,1001,1484,1484,1484,1484,333,0.00010153643116519832,coupling,saturated-chargers/greedy,907.3897059999981
warehouse,32,200,inf,26,greedy,pp,20,5,1,1649,200,0,0,12.12856276531231,820.415,761.295,59.12,11824,14612,527,0,18,58,0,0,0,0,0,0,498,6003,229636,416.3814670000029,25.034867000016675,0.25250543784111756,0.22407519708914495,0.17752632400793983,1649,52768,0,0,0,18,77,125,125,127,127,334,0.000046574284509218666,coupling,saturated-chargers/greedy,457.7559669999973
warehouse,32,200,inf,27,greedy,pp,20,5,1,1648,200,0,0,12.135922330097088,860.235,803.82,56.415,11283,14168,67,0,17,59,0,0,0,0,0,0,478,5542,154434,316.41112899998916,22.762551000050735,0.19199704429610992,0.2139525182038835,0.2304688243060376,1648,52736,0,0,0,17,111,14,14,39,39,334,0.000010461407901399744,coupling,saturated-chargers/greedy,350.7458940000033
warehouse,32,200,inf,28,greedy,pp,20,5,1,1620,200,0,0,12.345679012345679,850.495,794.27,56.225,11245,13867,88,0,17,57,0,0,0,0,0,0,479,5481,175875,331.8475829999734,23.346001000019896,0.20484418703702062,0.21691743827160495,0.23023822588658685,1620,51840,0,0,0,17,147,6,17,25,25,333,0.00002942004092077225,coupling,saturated-chargers/greedy,368.136311000002
warehouse,32,200,inf,29,greedy,pp,20,5,1,2487,200,0,0,8.041817450743869,1014,944.735,69.265,13853,15247,3250,0,23,63,0,0,0,0,0,0,667,6640,437429,692.8769120000616,28.109699000033288,0.27859948210698093,0.1740676517893044,0.1856092377776149,2487,79584,0,0,0,23,254,1513,1513,1513,1513,327,0.00003241046518359051,coupling,saturated-chargers/greedy,740.9070449999999
warehouse,32,200,inf,30,greedy,pp,20,5,1,4202,199,1,1,4.735840076154212,988.9849246231156,924.4673366834171,64.51758793969849,12839,15179,4752,0,30,56,0,0,0,0,0,0,1009,7250,526280,699.7764939999797,23.97517900006278,0.16653414897667296,0.11475934079009996,0.0358815629605422,4202,134464,0,0,0,30,1001,1108,1375,1397,1397,334,0.0000409961462051777,coupling,saturated-chargers/greedy,759.4288410000008
warehouse,32,200,inf,1,hungarian,pp,20,5,1,1805,200,0,0,11.0803324099723,923.525,863.605,59.92,11984,15270,187,0,16,63,0,0,0,0,0,0,519,5919,185845,397.96747999995205,34.558953999981895,0.22048059833792358,0.2074792243767313,0.2770623254010922,1805,57760,0,0,0,16,99,53,53,55,31,334,0.0000216051921256876,coupling,saturated-chargers/hungarian,438.42141999999876
warehouse,32,200,inf,2,hungarian,pp,20,5,1,2864,198,2,1,6.91340782122905,923.939393939394,864.4494949494949,59.48989898989899,11779,15514,4182,0,18,69,0,0,0,0,0,0,720,8635,540799,759.06824100003,31.52069700003267,0.26503779364526187,0.1676195879888268,0.1915575430677549,2864,91648,0,0,0,18,1001,1219,1481,1483,1483,334,0.00001487541981115884,coupling,saturated-chargers/hungarian,806.4017110000023
warehouse,32,200,inf,3,hungarian,pp,20,5,1,1953,200,0,0,10.240655401945725,925.805,866.445,59.36,11872,15040,85,0,19,59,0,0,0,0,0,0,550,5562,168419,333.3618170000118,27.09602899998208,0.17069217460318065,0.18996415770609318,0.21377300353279566,1953,62496,0,0,0,19,107,24,24,24,24,333,0.00005125366859341069,coupling,saturated-chargers/hungarian,372.5427490000002
warehouse,32,200,inf,4,hungarian,pp,20,5,1,2837,197,3,1,6.943954881917518,875.4568527918782,818.989847715736,56.46700507614213,11124,13971,2250,0,21,58,0,0,0,0,0,0,723,7209,442642,593.9679509999878,22.682192000000214,0.20936480472329497,0.13478145928798027,0.13785793920009687,2837,90784,0,0,0,21,1001,1092,1092,1092,1092,333,0.000018093350902917893,coupling,saturated-chargers/hungarian,634.4729669999979
warehouse,32,200,inf,5,hungarian,pp,20,5,1,1676,200,0,0,11.933174224343675,857.32,799.14,58.18,11636,14471,76,0,16,59,0,0,0,0,0,0,492,5517,176973,352.89306000002034,26.784182000028522,0.21055671837710044,0.21696002386634844,0.26622101392991593,1676,53632,0,0,0,16,142,9,9,37,37,325,0.00005943400412921924,coupling,saturated-chargers/hungarian,390.2768720000022
warehouse,32,200,inf,6,hungarian,pp,20,5,1,2263,200,0,0,8.837825894829871,902.245,837.855,64.39,12878,14224,2032,0,27,50,0,0,0,0,0,0,618,5645,232060,386.8722099999941,24.760818000013387,0.1709554617764004,0.17772315510384445,0.08748565107776062,2263,72416,0,0,0,27,90,1513,1513,1513,1513,323,0.00006307883076347976,coupling,saturated-chargers/hungarian,432.64977200000067
warehouse,32,200,inf,7,hungarian,pp,20,5,1,1648,200,0,0,12.135922330097088,836.775,782.12,54.655,10931,13678,940,0,18,57,2,0,0,0,0,0,496,5686,245531,445.53529399993204,36.22306599998774,0.2703490861650073,0.2072777609223301,0.21462238123640434,1648,52736,0,0,0,18,100,294,294,294,294,333,0.0000179773129518506,coupling,saturated-chargers/hungarian,483.031755
warehouse,32,200,inf,8,hungarian,pp,20,5,1,3820,154,46,1,4.031413612565445,899.1623376623377,842.1428571428571,57.01948051948052,8781,10981,3907,0,31,39,1,0,0,0,0,0,903,5244,330255,513.4483179999661,30.89697899989187,0.1344105544502529,0.09058409685863875,0.013437181011272175,3820,122240,0,0,0,31,1001,1504,1504,1504,1504,333,0.000019164456801604472,coupling,saturated-chargers/hungarian,560.8950499999992
warehouse,32,200,inf,9,hungarian,pp,20,5,1,2982,197,3,1,6.606304493628437,928.6852791878173,865.7005076142132,62.984771573604064,12408,14391,6311,0,26,58,13,0,0,0,0,0,768,7891,698184,923.1016709999967,31.37949799998387,0.30955790442655823,0.17085848423876593,0.09218742567266716,2982,95424,0,0,0,26,1001,1484,1484,1486,1486,333,0.00006559613719547808,coupling,saturated-chargers/hungarian,972.2195839999986
warehouse,32,200,inf,10,hungarian,pp,20,5,1,1986,200,0,0,10.070493454179255,944.5,885.145,59.355,11871,14490,1352,0,24,53,1,0,0,0,0,0,569,5868,288398,482.9383640000342,31.76609500001723,0.24317138167171914,0.18679191842900303,0.09878465595620231,1986,63552,0,0,0,24,126,323,323,323,323,333,0.00009736100062993059,coupling,saturated-chargers/hungarian,523.485936000001
warehouse,32,200,inf,11,hungarian,pp,20,5,1,2662,198,2,1,7.43801652892562,853.530303030303,795.5353535353536,57.994949494949495,11483,15067,3355,0,17,68,1,0,0,0,0,0,700,8743,334572,543.8028520000698,29.89495700007683,0.2042835657400713,0.15108471074380164,0.2040046246338559,2662,85184,0,0,0,17,1001,1387,1387,1387,1387,334,0.00009628945998901828,coupling,saturated-chargers/hungarian,585.9504970000016
warehouse,32,200,inf,12,hungarian,pp,20,5,1,2928,198,2,1,6.762295081967213,895.4444444444445,834.2424242424242,61.2020202020202,12118,15181,4821,0,25,60,1,0,0,0,0,0,750,7198,704513,935.2372889999642,29.729704999972455,0.31941164241802056,0.1443604849726776,0.09578304051066093,2928,93696,0,0,0,25,1001,1151,1400,1406,1406,315,0.00001141543872795834,coupling,saturated-chargers/hungarian,985.7904110000018
warehouse,32,200,inf,13,hungarian,pp,20,5,1,2627,199,1,1,7.575180814617434,813.5025125628141,757.321608040201,56.18090452261306,11180,14035,3223,0,17,62,1,0,0,0,0,0,686,8090,481216,659.8109090000107,29.444863999990048,0.2511651728207121,0.14836315188427865,0.15587454838889062,2627,84064,0,0,0,17,1001,1236,1277,1281,1281,328,0.00005192300118731733,coupling,saturated-chargers/hungarian,702.4316279999985
warehouse,32,200,inf,14,hungarian,pp,20,5,1,3042,186,14,1,6.11439842209073,850.3118279569892,793.741935483871,56.56989247311828,10522,13079,7752,0,31,48,1,0,0,0,0,0,775,6887,502228,691.0932659999744,33.31979000005231,0.22718384812622433,0.16888560157790927,0.0016534703606033738,3042,97344,0,0,0,31,1001,1518,1518,1518,1518,333,0.00003812533058162085,coupling,saturated-chargers/hungarian,742.0567100000007
warehouse,32,200,inf,15,hungarian,pp,20,5,1,1799,200,0,0,11.117287381878821,938.5,877.73,60.77,12154,15295,385,0,17,62,0,0,0,0,0,0,520,6045,231549,395.5441719999508,29.79544600002555,0.21986891161753797,0.2111242356864925,0.246668968970678,1799,57568,0,0,0,17,134,212,212,212,212,326,0.000024598455056260493,coupling,saturated-chargers/hungarian,434.12478999999803
warehouse,32,200,inf,16,hungarian,pp,20,5,1,3505,194,6,1,5.534950071326676,866.7680412371134,812.2113402061856,54.55670103092783,10584,13153,5685,0,31,46,2,0,0,0,0,0,875,6301,479866,690.9192209999746,31.57804600005693,0.19712388616261758,0.12842368045649072,0.013465567579678303,3505,112160,0,0,0,31,1001,1517,1517,1517,1517,328,0.00006437783017672317,coupling,saturated-chargers/hungarian,743.2376780000013
warehouse,32,200,inf,17,hungarian,pp,20,5,1,2692,197,3,1,7.317979197622585,816.5685279187817,758.0710659898477,58.49746192893401,11524,14450,3693,0,22,60,1,0,0,0,0,0,707,7942,355870,526.5725349999957,29.15692899998976,0.19560643945022127,0.16514208766716196,0.11494159437822407,2692,86144,0,0,0,22,1001,1370,1370,1370,1370,334,0.00001818979718122885,coupling,saturated-chargers/hungarian,569.8106560000015
warehouse,32,200,inf,18,hungarian,pp,20,5,1,2772,197,3,1,7.106782106782107,908.756345177665,848.8426395939086,59.91370558375635,11803,15196,1202,0,20,64,0,0,0,0,0,0,726,8399,345146,573.701651999967,33.52716199997667,0.20696307792206603,0.14645337301587302,0.1278098529802446,2772,88704,0,0,0,20,1001,1034,1035,1037,1037,334,0.000007864400373705982,coupling,saturated-chargers/hungarian,622.693847999999
warehouse,32,200,inf,19,hungarian,pp,20,5,1,3312,200,0,0,6.038647342995169,903.385,829.56,73.825,14765,14917,4365,0,30,56,0,0,0,0,0,0,841,7414,322318,510.55337400002463,29.7428679999648,0.15415258876812338,0.13931348128019325,0.0392289168596952,3312,105984,0,0,0,30,847,1537,1537,1537,1537,333,6.209950892432144e-7,coupling,saturated-chargers/hungarian,559.5224630000012
warehouse,32,200,inf,20,hungarian,pp,20,5,1,2939,200,0,0,6.805035726437564,985.215,916.05,69.165,13833,16017,3172,0,18,70,0,0,0,0,0,0,744,8604,481920,737.7454760000401,47.093572000023414,0.25101921605989796,0.1470844675059544,0.19007316404701344,2939,94048,0,0,0,18,962,1480,1480,1480,1480,334,0.00004696003273103855,coupling,saturated-chargers/hungarian,789.8899119999987
warehouse,32,200,inf,21,hungarian,pp,20,5,1,2954,198,2,1,6.702775897088693,924.4949494949495,869.1262626262626,55.36868686868687,10963,14564,3667,0,21,62,0,0,0,0,0,0,761,8001,456387,667.3291530000351,41.38954099998591,0.2259069576845075,0.15109808733920108,0.16421833362968846,2954,94528,0,0,0,21,1001,1463,1463,1465,1465,334,0.00006475352235105181,coupling,saturated-chargers/hungarian,719.5078170000015
warehouse,32,200,inf,22,hungarian,pp,20,5,1,1719,200,0,0,11.634671320535196,840.245,783.49,56.755,11351,14061,148,0,18,58,0,0,0,0,0,0,501,5297,202911,364.23783499996716,24.510112999974808,0.21188937463639743,0.20635180337405468,0.2642677286149701,1719,55008,0,0,0,18,94,77,77,79,32,320,0.0001361223943528026,coupling,saturated-chargers/hungarian,400.39438399999926
warehouse,32,200,inf,23,hungarian,pp,20,5,1,2714,200,0,0,7.369196757553427,858.67,781.48,77.19,15438,15088,4732,0,21,64,0,0,0,0,0,0,701,8355,641103,850.4185509999734,34.0568669999775,0.31334508142961437,0.17775884303610906,0.15511960030191618,2714,86848,0,0,0,21,572,1512,1512,1512,1512,318,0.00008679111078341273,coupling,saturated-chargers/hungarian,898.5178570000026
warehouse,32,200,inf,24,hungarian,pp,20,5,1,6908,187,13,1,2.7070063694267517,1729.957219251337,1644.427807486631,85.52941176470588,15994,13671,9999,0,31,51,2,0,0,0,0,0,1554,6968,943316,1237.3729119999844,48.24760000000242,0.179121730167919,0.08600535610885929,0.013539076424051628,6908,221056,0,0,0,31,1001,1521,1521,1521,1521,333,0.00003055214099384799,coupling,saturated-chargers/hungarian,1313.9054199999991
warehouse,32,200,inf,25,hungarian,pp,20,5,1,2795,199,1,1,7.119856887298748,918.1959798994975,859.4723618090452,58.72361809045226,11686,15073,3224,0,18,67,0,0,0,0,0,0,720,8548,476561,699.8556699999681,39.162134000031074,0.2503955885509725,0.15251565295169947,0.16533690410242702,2795,89440,0,0,0,18,1001,1469,1469,1469,1469,333,0.0001968349255641955,coupling,saturated-chargers/hungarian,747.8956780000008
warehouse,32,200,inf,26,hungarian,pp,20,5,1,1576,200,0,0,12.690355329949238,802.97,744.495,58.475,11695,14539,344,0,16,56,1,0,0,0,0,0,477,5767,230451,406.5340139999971,28.07397399999536,0.2579530545685261,0.2318964149746193,0.23389676613900828,1576,50432,0,0,0,16,72,129,129,129,30,316,0.00010257644392563914,coupling,saturated-chargers/hungarian,444.410355
warehouse,32,200,inf,27,hungarian,pp,20,5,1,1657,200,0,0,12.070006035003017,857.625,799.13,58.495,11699,14471,471,0,16,61,2,0,0,0,0,0,493,5706,209236,353.2426909999813,27.00662600002761,0.21318207060952402,0.22063593844296922,0.24578110229698938,1657,53024,0,0,0,16,106,101,101,101,92,334,0.000010461407901399744,coupling,saturated-chargers/hungarian,388.9329550000002
warehouse,32,200,inf,28,hungarian,pp,20,5,1,1559,200,0,0,12.828736369467608,848.645,792.76,55.885,11177,13739,84,0,15,56,0,0,0,0,0,0,470,5574,182578,364.78359499994986,35.258901999990485,0.23398562860804994,0.2240418537524054,0.25037248097219333,1559,49888,0,0,0,15,153,5,11,34,34,333,0.00006904530115409125,coupling,saturated-chargers/hungarian,400.6463240000012
warehouse,32,200,inf,29,hungarian,pp,20,5,1,3124,198,2,1,6.338028169014085,998.030303030303,937.2626262626262,60.76767676767677,12032,15580,8084,0,21,68,79,0,0,0,0,0,779,8313,898264,1222.261824000001,54.191209999982675,0.39124898335467384,0.16185179257362356,0.13028438358262112,3124,99968,0,0,0,21,1001,1487,1487,1487,1487,331,0.00003241046518359051,coupling,saturated-chargers/hungarian,1277.1410829999986
warehouse,32,200,inf,30,hungarian,pp,20,5,1,2841,198,2,1,6.969376979936642,895.5656565656566,836.3636363636364,59.2020202020202,11722,15213,5306,0,20,63,137,0,0,0,0,0,736,8622,634635,817.6003459999811,39.69148800001494,0.287786112636389,0.15931890179514255,0.14218698309592936,2841,90912,0,0,0,20,1001,1453,1453,1453,1453,334,0.0000648534931238507,coupling,saturated-chargers/hungarian,869.9566830000003
warehouse,32,200,inf,1,pact-proxy,pp,20,5,1,2068,200,0,0,9.671179883945841,1022.615,962.295,60.32,12064,15406,120,0,19,61,0,0,0,0,0,0,578,5937,188939,400.09871700001895,69.43867399997907,0.19347133317215617,0.1823017408123791,0.2084146098828059,2068,66176,0,0,0,19,99,42,42,44,33,334,0.0000216051921256876,coupling,saturated-chargers/pact-proxy,441.54411499999696
warehouse,32,200,inf,2,pact-proxy,pp,20,5,1,3209,199,1,1,6.201308818946712,966.7587939698492,897.8743718592965,68.88442211055276,13708,15989,3218,0,18,73,0,0,0,0,0,0,797,9271,513437,797.9089709999462,73.64079799999308,0.24864723309440517,0.14760244624493613,0.19268833156733656,3209,102688,0,0,0,18,1001,1439,1471,1473,1473,334,0.000021112753427924213,coupling,saturated-chargers/pact-proxy,847.5598859999991
warehouse,32,200,inf,3,pact-proxy,pp,20,5,1,4062,196,4,1,4.8252092565238796,1031.857142857143,959.0663265306123,72.79081632653062,14267,15216,8872,0,26,63,0,0,0,0,0,0,990,8449,985677,1293.6397669999933,78.04390699998112,0.3184736009354981,0.154642109798129,0.07318216995130808,4062,129984,0,0,0,26,1001,1512,1512,1512,1512,333,0.00004535675419220834,coupling,saturated-chargers/pact-proxy,1353.194612000003
warehouse,32,200,inf,4,pact-proxy,pp,20,5,1,3509,199,1,1,5.67113137646053,985.8492462311558,922.3015075376884,63.54773869346734,12646,14087,4931,0,27,55,0,0,0,0,0,0,875,7063,464981,712.9341479999857,66.82365999996546,0.20317302593331027,0.13270340552864063,0.08062244169458055,3509,112288,0,0,0,27,1001,1512,1512,1512,1512,333,0.000018093350902917893,coupling,saturated-chargers/pact-proxy,769.5872979999986
warehouse,32,200,inf,5,pact-proxy,pp,20,5,1,1839,200,0,0,10.87547580206634,901.425,843.06,58.365,11673,14450,868,0,19,59,1,0,0,0,0,0,537,5817,278595,495.20544499997413,56.95181600004071,0.2692797417074356,0.19835848287112562,0.23212331699872146,1839,58848,0,0,0,19,142,164,168,174,125,325,0.00009450146369753532,coupling,saturated-chargers/pact-proxy,535.4117349999979
warehouse,32,200,inf,6,pact-proxy,pp,20,5,1,2290,200,0,0,8.733624454148472,922.395,858.16,64.235,12847,14420,2212,0,23,53,0,0,0,0,0,0,630,6104,198353,399.3282430000472,49.38694299998315,0.1743791454148678,0.17531386462882095,0.10118736780468589,2290,73280,0,0,0,23,90,1536,1536,1536,1536,324,0.00006307883076347976,coupling,saturated-chargers/pact-proxy,444.5814050000008
warehouse,32,200,inf,7,pact-proxy,pp,20,5,1,1621,200,0,0,12.338062924120914,816.07,760.795,55.275,11055,13810,325,0,17,58,0,0,0,0,0,0,489,5636,194413,418.5364140000238,69.5681500000137,0.25819643059841074,0.21312075879086984,0.24714724266488355,1621,51872,0,0,0,17,100,263,263,263,263,333,0.0000179773129518506,coupling,saturated-chargers/pact-proxy,463.3164250000009
warehouse,32,200,inf,8,pact-proxy,pp,20,5,1,1790,200,0,0,11.1731843575419,914.835,855.355,59.48,11896,14799,158,0,19,59,0,0,0,0,0,0,519,5669,177995,337.1268910000035,50.968011999975715,0.1883390452513986,0.20768156424581005,0.2069283534406222,1790,57280,0,0,0,19,109,90,90,94,35,333,0.0001519105803217261,coupling,saturated-chargers/pact-proxy,371.76936600000045
warehouse,32,200,inf,9,pact-proxy,pp,20,5,1,4019,198,2,1,4.926598656382184,931.3282828282828,864.6565656565657,66.67171717171718,13201,14761,6319,0,27,60,0,0,0,0,0,0,975,7862,613058,901.6823859999458,62.01518099994064,0.22435491067428362,0.11888840507588952,0.07458846884760485,4019,128608,0,0,0,27,1001,1527,1527,1527,1527,334,0.000003154640642991568,coupling,saturated-chargers/pact-proxy,961.1114190000008
warehouse,32,200,inf,10,pact-proxy,pp,20,5,1,1715,200,0,0,11.661807580174926,892.42,833.665,58.755,11751,14583,709,0,16,60,0,0,0,0,0,0,501,5813,196005,427.9699359999504,63.62510199997632,0.24954515218656,0.21412172011661806,0.23764203607479562,1715,54880,0,0,0,16,126,323,323,323,323,333,0.00015467619374624157,coupling,saturated-chargers/pact-proxy,469.1938340000015
warehouse,32,200,inf,11,pact-proxy,pp,20,5,1,1794,200,0,0,11.148272017837236,910.43,852.1,58.33,11666,14663,77,0,18,60,0,0,0,0,0,0,520,5745,182618,404.24901000003956,62.207345999999234,0.2253338963210923,0.20321209587513936,0.23493411975073425,1794,57408,0,0,0,18,140,11,11,35,35,334,0.000021503427627891404,coupling,saturated-chargers/pact-proxy,442.84996599999795
warehouse,32,200,inf,12,pact-proxy,pp,20,5,1,3065,197,3,1,6.427406199021207,919.736040609137,860.253807106599,59.48223350253807,11718,14934,6367,0,23,59,1,0,0,0,0,0,775,7406,684975,932.8942010000246,50.538591000015,0.30437004926591343,0.1472063621533442,0.07633052425975276,3065,98080,0,0,0,23,1001,1481,1481,1481,1481,315,0.00001141543872795834,coupling,saturated-chargers/pact-proxy,986.2978289999992
warehouse,32,200,inf,13,pact-proxy,pp,20,5,1,2605,199,1,1,7.63915547024952,828.0954773869347,771.7236180904523,56.37185929648241,11218,14130,3075,0,16,63,0,0,0,0,0,0,670,8171,460153,718.8811189999396,56.030193999988114,0.2759620418425872,0.14914827255278312,0.15673252050885925,2605,83360,0,0,0,16,1001,1205,1205,1205,1205,326,0.00005192300118731733,coupling,saturated-chargers/pact-proxy,766.3177140000007
warehouse,32,200,inf,14,pact-proxy,pp,20,5,1,1596,200,0,0,12.531328320802006,812.95,754.455,58.495,11699,14601,262,0,15,62,0,0,0,0,0,0,479,5787,190991,413.8605730000272,56.93386599999212,0.25931113596492933,0.2290687656641604,0.2620018401781916,1596,51072,0,0,0,15,112,100,100,100,100,333,0.00003812533058162085,coupling,saturated-chargers/pact-proxy,453.1369049999994
warehouse,32,200,inf,15,pact-proxy,pp,20,5,1,1713,200,0,0,11.675423234092236,907.505,846.705,60.8,12160,15279,283,0,15,65,0,0,0,0,0,0,496,6058,215939,460.02149400002236,74.6883849999358,0.26854728196148414,0.22183304144775248,0.2890609687687603,1713,54816,0,0,0,15,134,97,97,99,39,333,0.000024598455056260493,coupling,saturated-chargers/pact-proxy,500.53867399999945
warehouse,32,200,inf,16,pact-proxy,pp,20,5,1,3400,198,2,1,5.823529411764706,918.7020202020202,855.8080808080808,62.89393939393939,12453,13747,5174,0,26,55,0,0,0,0,0,0,845,7283,503091,740.2751250000656,53.73848600001293,0.21772797794119578,0.13950367647058823,0.05414810176548345,3400,108800,0,0,0,26,1001,1498,1498,1498,1498,329,0.00009786378927535678,coupling,saturated-chargers/pact-proxy,791.8187639999996
warehouse,32,200,inf,17,pact-proxy,pp,20,5,1,1582,200,0,0,12.642225031605562,824.835,765.47,59.365,11873,14444,231,0,14,62,0,0,0,0,0,0,472,5807,182767,407.7861710000543,56.4227820000051,0.25776622692797363,0.23453302781289506,0.29494852533839905,1582,50624,0,0,0,14,137,55,55,55,55,333,0.00030986457131772205,coupling,saturated-chargers/pact-proxy,453.4426949999979
warehouse,32,200,inf,18,pact-proxy,pp,20,5,1,2691,197,3,1,7.320698625046451,904.9746192893401,845.3857868020305,59.588832487309645,11739,15368,1580,0,16,69,0,0,0,0,0,0,695,8806,403064,630.9127909999806,59.19138399999065,0.2344529137866892,0.15454292084726867,0.1979435112138299,2691,86112,0,0,0,16,1001,965,965,965,965,334,0.000007864400373705982,coupling,saturated-chargers/pact-proxy,674.9851479999998
warehouse,32,200,inf,19,pact-proxy,pp,20,5,1,1700,200,0,0,11.764705882352942,863.325,805.21,58.115,11623,14510,78,0,17,58,0,0,0,0,0,0,500,5696,181700,387.54707900002177,56.13524899998447,0.2279688700000128,0.2136580882352941,0.2189669258422338,1700,54400,0,0,0,17,107,6,7,49,49,333,6.209950892432144e-7,coupling,saturated-chargers/pact-proxy,429.5094879999997
warehouse,32,200,inf,20,pact-proxy,pp,20,5,1,2016,200,0,0,9.920634920634921,1008.53,946.915,61.615,12323,15416,296,0,19,61,0,0,0,0,0,0,563,5641,226793,423.80299599992577,48.76823200003855,0.21021974007932825,0.1910187251984127,0.19343048104138566,2016,64512,0,0,0,19,176,144,195,201,38,334,0.00004696003273103855,coupling,saturated-chargers/pact-proxy,463.5602390000022
warehouse,32,200,inf,21,pact-proxy,pp,20,5,1,1697,200,0,0,11.785503830288745,887.4,830.135,57.265,11453,14361,196,0,16,59,0,0,0,0,0,0,493,5691,187407,402.846084000048,58.968030999985785,0.23738720329996935,0.21090527401296405,0.21376357922459752,1697,54304,0,0,0,16,138,43,43,43,29,334,0.00006475352235105181,coupling,saturated-chargers/pact-proxy,441.7055599999985
warehouse,32,200,inf,22,pact-proxy,pp,20,5,1,1674,200,0,0,11.947431302270012,854.71,796.67,58.04,11608,14015,433,0,17,56,0,0,0,0,0,0,494,5397,220552,410.84015899995575,47.7846129999416,0.24542422879328302,0.21669653524492233,0.20541223879840648,1674,53568,0,0,0,17,94,99,99,101,101,323,0.00013612239435277485,coupling,saturated-chargers/pact-proxy,449.4647479999985
warehouse,32,200,inf,23,pact-proxy,pp,20,5,1,1667,200,0,0,11.997600479904019,839.545,780.665,58.88,11776,14891,246,0,15,62,0,0,0,0,0,0,500,5898,244162,461.16328800005067,55.0333439999813,0.2766426442711762,0.22075584883023394,0.2532625546691821,1667,53344,0,0,0,15,113,39,149,171,37,317,0.00003660204447969526,coupling,saturated-chargers/pact-proxy,499.3230489999987
warehouse,32,200,inf,24,pact-proxy,pp,20,5,1,2823,197,3,1,6.9783917817924195,924.2284263959391,864.3857868020305,59.84263959390863,11789,15212,4363,0,18,66,0,0,0,0,0,0,722,8425,647545,929.9414259999612,93.11067800007368,0.32941602054550523,0.15361539142755934,0.16280816979100013,2823,90336,0,0,0,18,1001,1495,1495,1495,1495,333,0.00004399238527014269,coupling,saturated-chargers/pact-proxy,983.2454199999993
warehouse,32,200,inf,25,pact-proxy,pp,20,5,1,3285,195,5,1,5.936073059360731,1011.9897435897436,953.4307692307692,58.55897435897436,11419,14498,7247,0,28,57,0,0,0,0,0,0,821,7354,737791,1049.1779569999126,82.09872900005212,0.319384461796016,0.15580289193302893,0.043745972874932565,3285,105120,0,0,0,28,1001,1487,1487,1487,1487,333,0.000019318433851670458,coupling,saturated-chargers/pact-proxy,1102.8882739999972
warehouse,32,200,inf,26,pact-proxy,pp,20,5,1,1771,200,0,0,11.29305477131564,855.335,796.185,59.15,11830,14980,142,0,18,59,1,0,0,0,0,0,522,5864,225628,427.3356220000387,51.27805600001375,0.2412962292490337,0.20874505928853754,0.22104161876505257,1771,56672,0,0,0,18,72,59,59,61,34,313,0.00010257644392563914,coupling,saturated-chargers/pact-proxy,466.2137210000001
warehouse,32,200,inf,27,pact-proxy,pp,20,5,1,2827,199,1,1,7.039264237707817,908.0804020100503,851.3869346733668,56.69346733668342,11282,14641,2752,0,22,61,0,0,0,0,0,0,737,7504,352759,557.6677859999545,62.73618599998008,0.19726486947292343,0.13678369296073575,0.13736147597479256,2827,90464,0,0,0,22,1001,1092,1092,1092,1092,334,0.000010461407901399744,coupling,saturated-chargers/pact-proxy,602.9426139999996
warehouse,32,200,inf,28,pact-proxy,pp,20,5,1,1664,200,0,0,12.01923076923077,854.35,797.055,57.295,11459,13964,508,0,17,58,1,0,0,0,0,0,485,5569,229969,431.15714400004435,58.59512600001108,0.2591088605769497,0.21520057091346154,0.22741840056650114,1664,53248,0,0,0,17,153,150,150,150,150,333,0.00006904530115409125,coupling,saturated-chargers/pact-proxy,469.08535699999993
warehouse,32,200,inf,29,pact-proxy,pp,20,5,1,1838,200,0,0,10.88139281828074,933.4,872.985,60.415,12083,15253,677,0,17,64,0,0,0,0,0,0,524,5902,212537,444.33313199993427,70.61666799999148,0.24174816757341364,0.20543729597388466,0.263668005842867,1838,58816,0,0,0,17,138,295,295,295,295,334,0.00003241046518357663,coupling,saturated-chargers/pact-proxy,482.9228980000007
warehouse,32,200,inf,30,pact-proxy,pp,20,5,1,3087,199,1,1,6.4463880790411405,950.8743718592965,890.964824120603,59.90954773869347,11922,15227,5208,0,28,57,0,0,0,0,0,0,805,7539,485622,712.0586120000007,61.47296900001311,0.23066362552640127,0.13797781017168773,0.0445784896269293,3087,98784,0,0,0,28,1001,1500,1500,1500,1500,334,0.0000648534931238507,coupling,saturated-chargers/pact-proxy,760.0883670000003
warehouse,32,200,inf,1,pact,pp,20,5,1,1837,200,0,0,10.887316276537833,937.415,876.695,60.72,12144,15388,58,0,16,65,0,0,0,0,0,0,530,14475,388825,758.0725119999697,439.79109300001073,0.4126687599346596,0.20658682634730538,0.28873554657920053,1837,58784,0,0,0,16,99,2,6,34,34,334,0.0000216051921256876,coupling,saturated-chargers/pact,803.2754700000005
warehouse,32,200,inf,2,pact,pp,20,5,1,2990,198,2,1,6.622073578595318,952.3232323232323,891.7373737373738,60.58585858585859,11996,15592,4694,0,21,66,0,0,0,0,0,0,752,16067,801751,1209.4554970000609,387.9484209999755,0.40450016622075613,0.16509197324414715,0.13298094903519858,2990,95680,0,0,0,21,1001,976,1459,1461,1461,334,0.000004894803816327597,coupling,saturated-chargers/pact,1263.0596270000024
warehouse,32,200,inf,3,pact,pp,20,5,1,2125,200,0,0,9.411764705882353,968.63,908.76,59.87,11974,15107,347,0,21,58,0,0,0,0,0,0,587,14132,355138,720.6744929999841,392.00268399996276,0.33914093788234545,0.17608823529411766,0.1474253250866083,2125,68000,0,0,0,21,107,252,175,175,175,333,0.00005125366859341069,coupling,saturated-chargers/pact,766.8945589999967
warehouse,32,200,inf,4,pact,pp,20,5,1,1850,200,0,0,10.81081081081081,887.725,831.11,56.615,11323,14011,1041,0,20,50,3,0,0,0,0,0,531,12669,388921,727.4880529999609,334.6425809999819,0.39323678540538426,0.1912668918918919,0.09677536961669099,1850,59200,0,0,0,20,126,184,227,231,231,333,0.000018093350902917893,coupling,saturated-chargers/pact,769.1381760000004
warehouse,32,200,inf,5,pact,pp,20,5,1,1674,200,0,0,11.947431302270012,865.32,807.015,58.305,11661,14520,105,0,16,60,1,0,0,0,0,0,490,12574,327943,688.9278139999842,345.9975900000136,0.4115458864993932,0.21768593189964158,0.2548252741720063,1674,53568,0,0,0,16,142,10,19,31,31,325,0.00010995658971346667,coupling,saturated-chargers/pact,727.8394819999994
warehouse,32,200,inf,6,pact,pp,20,5,1,2838,195,5,1,6.871035940803383,847.1025641025641,791.374358974359,55.728205128205126,10867,14059,3498,0,21,58,1,0,0,0,0,0,730,13525,451197,752.6108569999415,293.8355879999435,0.2651905768146376,0.14529378083157152,0.15410262798555693,2838,90816,0,0,0,21,1001,1513,1513,1513,1513,323,0.00006307883076347976,coupling,saturated-chargers/pact,803.2738449999997
warehouse,32,200,inf,7,pact,pp,20,5,1,1617,200,0,0,12.368583797155226,826.075,770.165,55.91,11182,13799,370,0,17,56,0,0,0,0,0,0,483,13011,362736,723.7484599999552,361.78594499999963,0.44758717377857465,0.21610235003092146,0.2391901453313769,1617,51744,0,0,0,17,99,282,282,282,282,333,0.0000179773129517257,coupling,saturated-chargers/pact,762.5109940000002
warehouse,32,200,inf,8,pact,pp,20,5,1,1898,200,0,0,10.53740779768177,939.57,880.49,59.08,11816,14872,69,0,19,60,0,0,0,0,0,0,547,14145,314657,688.941062000009,378.1760459999714,0.3629826459431027,0.1945468914646997,0.22747718057724423,1898,60736,0,0,0,19,108,32,32,34,26,333,0.0001519105803217261,coupling,saturated-chargers/pact,731.9953749999986
warehouse,32,200,inf,9,pact,pp,20,5,1,3016,198,2,1,6.56498673740053,917.8636363636364,858.939393939394,58.92424242424242,11667,14517,3452,0,25,59,2,0,0,0,0,0,765,16657,674527,1108.396517999994,437.09417300001587,0.367505476790449,0.13954741379310345,0.09728900650752108,3016,96512,0,0,0,25,1001,1346,1431,1431,1431,334,0.000004496520759514821,coupling,saturated-chargers/pact,1160.6980729999996
warehouse,32,200,inf,10,pact,pp,20,5,1,4110,195,5,1,4.744525547445256,1056.4564102564102,997.3641025641026,59.09230769230769,11523,13840,4390,0,32,48,2,0,0,0,0,0,1010,14048,564384,943.0745280000556,374.92528500008484,0.22945852262775074,0.09913321167883211,0,4110,131520,0,0,0,32,1001,1506,1511,1511,1511,333,0.00002536638341768863,coupling,saturated-chargers/pact,1002.5108130000008
warehouse,32,200,inf,11,pact,pp,20,5,1,1582,200,0,0,12.642225031605562,851.775,793.745,58.03,11606,14539,130,0,14,62,0,0,0,0,0,0,471,15128,388518,791.505274000021,413.91190100006133,0.5003193893805442,0.22925884955752213,0.28930403701621166,1582,50624,0,0,0,14,137,44,51,57,31,334,0.00009628945998901828,coupling,saturated-chargers/pact,837.3566859999992
warehouse,32,200,inf,12,pact,pp,20,5,1,1841,200,0,0,10.863661053775122,897.67,837.4,60.27,12054,14908,133,0,18,59,0,0,0,0,0,0,531,12228,340799,706.4301590000105,313.2180999999946,0.38372089027702905,0.20461026615969582,0.23141655190964222,1841,58912,0,0,0,18,111,38,38,42,37,315,0.00001141543872795834,coupling,saturated-chargers/pact,749.1973820000021
warehouse,32,200,inf,13,pact,pp,20,5,1,2617,199,1,1,7.604126862820023,813.9045226130653,758.1507537688442,55.753768844221106,11095,14009,2253,0,20,60,0,0,0,0,0,0,680,13399,497984,777.8752160000404,261.1844109999838,0.29723928773406205,0.14633884218570883,0.14511714841791357,2617,83744,0,0,0,20,1001,1049,1049,1051,565,328,0.00003477391861783966,coupling,saturated-chargers/pact,821.941942999998
warehouse,32,200,inf,14,pact,pp,20,5,1,1568,200,0,0,12.755102040816327,816.8,759.09,57.71,11542,14468,247,0,14,61,1,0,0,0,0,0,471,13582,397383,760.0084479999787,368.75651799995103,0.48469926530610885,0.23003029336734693,0.26713584997248857,1568,50176,0,0,0,14,120,33,65,85,30,333,0.00003812533058162085,coupling,saturated-chargers/pact,807.2801150000014
warehouse,32,200,inf,15,pact,pp,20,5,1,3408,200,0,0,5.868544600938967,1020.63,952.955,67.675,13535,15218,2347,0,28,57,0,0,0,0,0,0,856,15563,479687,868.7224329999553,424.6917300000241,0.25490681719482255,0.12411054870892019,0.025690973017373712,3408,109056,0,0,0,28,853,1502,1502,1502,1502,326,0.000024579545107598,coupling,saturated-chargers/pact,923.7103750000024
warehouse,32,200,inf,16,pact,pp,20,5,1,3937,198,2,1,5.029210058420117,872.1616161616162,809.020202020202,63.14141414141414,12502,13735,6197,0,28,55,0,0,0,0,0,0,963,14370,806357,1197.283281,344.1042210000269,0.3041105615951232,0.12169799339598679,0.06561450849404353,3937,125984,0,0,0,28,1001,1530,1530,1530,1530,328,0.00003323676101879883,coupling,saturated-chargers/pact,1256.6832400000021
warehouse,32,200,inf,17,pact,pp,20,5,1,1590,200,0,0,12.578616352201259,830.57,772.365,58.205,11641,14369,75,0,15,60,0,0,0,0,0,0,473,14067,340827,675.1836439999752,359.8030280000021,0.424643801257846,0.22879323899371068,0.25617960484807906,1590,50880,0,0,0,15,137,5,8,40,40,333,0.00030986457131772205,coupling,saturated-chargers/pact,715.5989330000011
warehouse,32,200,inf,18,pact,pp,20,5,1,2916,196,4,1,6.721536351165981,930.484693877551,870.1020408163265,60.38265306122449,11835,15235,2867,0,21,64,1,0,0,0,0,0,750,17150,732905,1190.6205309998768,405.93215399996916,0.40830608058980683,0.15561771262002744,0.12373910004201452,2916,93312,0,0,0,21,1001,939,939,939,939,334,0.000007864400373705982,coupling,saturated-chargers/pact,1244.9691979999989
warehouse,32,200,inf,19,pact,pp,20,5,1,1692,200,0,0,11.82033096926714,853.02,793.49,59.53,11906,14774,266,0,16,59,0,0,0,0,0,0,496,13408,379958,750.5080470000794,367.92905900000187,0.4435626755319618,0.21989509456264775,0.2069995543372353,1692,54144,0,0,0,16,107,73,88,96,47,333,6.209950892432144e-7,coupling,saturated-chargers/pact,791.8266029999977
warehouse,32,200,inf,20,pact,pp,20,5,1,1963,200,0,0,10.188487009679063,992.815,931.685,61.13,12226,15383,240,0,19,60,0,0,0,0,0,0,571,13989,386398,799.6434210000007,416.56788599996435,0.40735783036169165,0.19463194090677535,0.20238115683479713,1963,62816,0,0,0,19,174,71,115,117,25,334,0.00004696003273103855,coupling,saturated-chargers/pact,840.6873939999969
warehouse,32,200,inf,21,pact,pp,20,5,1,1832,200,0,0,10.91703056768559,904.27,846.48,57.79,11558,14381,153,0,19,57,0,0,0,0,0,0,521,13127,327824,667.5511870000446,341.85801400002674,0.3643838356987143,0.19715474890829696,0.24238919442095802,1832,58624,0,0,0,19,138,61,61,65,36,334,0.00006475352235105181,coupling,saturated-chargers/pact,711.3516799999998
warehouse,32,200,inf,22,pact,pp,20,5,1,1608,200,0,0,12.437810945273633,823.695,766.46,57.235,11447,13973,323,0,17,56,0,0,0,0,0,0,475,11677,330846,612.4748879999606,291.2424159999937,0.3808923432835576,0.2224619092039801,0.20678398980842913,1608,51456,0,0,0,17,94,70,70,72,72,324,0.00003422071002601255,coupling,saturated-chargers/pact,649.1167050000004
warehouse,32,200,inf,23,pact,pp,20,5,1,2402,200,0,0,8.32639467110741,907.75,840.68,67.07,13414,14622,2808,0,23,57,0,0,0,0,0,0,656,13485,486188,834.2315529999323,318.5959899999616,0.3473070578684148,0.1745160283097419,0.15364541074081486,2402,76864,0,0,0,23,405,1532,1532,1532,1532,322,0.00003888483755356046,coupling,saturated-chargers/pact,881.8149419999972
warehouse,32,200,inf,24,pact,pp,20,5,1,5755,197,3,1,3.423110338835795,1322.9492385786803,1261.2944162436547,61.65482233502538,12146,14868,7592,0,31,55,1,0,0,0,0,0,1325,15353,963631,1144.6104890000242,476.4961049999074,0.19888974613380092,0.093375325803649,0.013418875978443483,5755,184160,0,0,0,31,1001,1510,1510,1510,1510,333,0.00003109777346402601,coupling,saturated-chargers/pact,1201.5872520000012
warehouse,32,200,inf,25,pact,pp,20,5,1,2771,199,1,1,7.181522915914832,904.7336683417085,846.3869346733668,58.346733668341706,11611,14924,2190,0,19,66,0,0,0,0,0,0,714,16501,551067,868.6947880000662,378.2295979999435,0.3134950516059423,0.1491113316492241,0.15219784350744794,2771,88672,0,0,0,19,1001,1479,1479,1479,1479,333,0.00009896405597681324,coupling,saturated-chargers/pact,912.0991530000028
warehouse,32,200,inf,26,pact,pp,20,5,1,1583,200,0,0,12.634238787113077,806.25,747.815,58.435,11687,14581,231,0,16,56,1,0,0,0,0,0,478,12849,360413,663.5613329999323,311.39717199997176,0.4191796165508101,0.2307130448515477,0.22686163962652225,1583,50656,0,0,0,16,72,61,61,63,30,316,0.00010257644392563914,coupling,saturated-chargers/pact,703.5863160000008
warehouse,32,200,inf,27,pact,pp,20,5,1,1776,200,0,0,11.26126126126126,891.445,834.07,57.375,11475,14478,114,0,19,58,0,0,0,0,0,0,506,12434,314995,499.9540570000063,259.4672659999778,0.28150566272522876,0.20191089527027026,0.21129749100076736,1776,56832,0,0,0,19,106,47,47,51,34,334,0.000010461407901399744,coupling,saturated-chargers/pact,538.8831720000017
warehouse,32,200,inf,28,pact,pp,20,5,1,1557,200,0,0,12.845215157353886,841.955,786.44,55.515,11103,13772,78,0,15,57,0,0,0,0,0,0,472,13651,334582,507.07426100000157,290.75217300003715,0.325673899165062,0.22284441233140656,0.2558849809721932,1557,49824,0,0,0,15,153,5,11,29,29,333,0.00006904530115409125,coupling,saturated-chargers/pact,534.8921829999999
warehouse,32,200,inf,29,pact,pp,20,5,1,2865,199,1,1,6.945898778359512,944.1557788944724,882.6130653266332,61.54271356783919,12247,15605,7723,0,19,69,8,0,0,0,0,0,730,15391,881761,814.1969139999455,267.33492500003194,0.2841874045375028,0.1504908376963351,0.16510956212954325,2865,91680,0,0,0,19,1001,1423,1423,1423,1423,334,0.00003241046518357663,coupling,saturated-chargers/pact,857.9009299999998
warehouse,32,200,inf,30,pact,pp,20,5,1,1791,200,0,0,11.166945840312675,899.765,840.14,59.625,11925,15013,94,0,17,61,0,0,0,0,0,0,527,14222,381026,539.9429350000792,298.97944799998004,0.30147567560026756,0.208071608040201,0.2505958054763733,1791,57312,0,0,0,17,168,6,14,30,30,334,0.0000648534931238507,coupling,saturated-chargers/pact,572.461379999997
