sweep,layout,fleetSize,arrivalRate,variant,alloc,mapf,n,makespan_mean,makespan_std,makespan_max,tasksCompleted_mean,tasksCompleted_std,tasksCompleted_max,tasksUnfinished_mean,tasksUnfinished_std,tasksUnfinished_max,deadlocked_mean,deadlocked_std,deadlocked_max,throughput_mean,throughput_std,throughput_max,meanServiceTime_mean,meanServiceTime_std,meanServiceTime_max,meanWaitTime_mean,meanWaitTime_std,meanWaitTime_max,meanExecTime_mean,meanExecTime_std,meanExecTime_max,sumOfCosts_mean,sumOfCosts_std,sumOfCosts_max,moveActions_mean,moveActions_std,moveActions_max,waitActions_mean,waitActions_std,waitActions_max,conflicts_mean,conflicts_std,conflicts_max,depletionEvents_mean,depletionEvents_std,depletionEvents_max,chargeSessions_mean,chargeSessions_std,chargeSessions_max,holdEvents_mean,holdEvents_std,holdEvents_max,cbsFallbacks_mean,cbsFallbacks_std,cbsFallbacks_max,cbsBudgetExceeded_mean,cbsBudgetExceeded_std,cbsBudgetExceeded_max,taskSwaps_mean,taskSwaps_std,taskSwaps_max,tpSearchLimitHits_mean,tpSearchLimitHits_std,tpSearchLimitHits_max,tpSwapVetoes_mean,tpSwapVetoes_std,tpSwapVetoes_max,epochs_mean,epochs_std,epochs_max,astarCalls_mean,astarCalls_std,astarCalls_max,expansions_mean,expansions_std,expansions_max,plannerMs_mean,plannerMs_std,plannerMs_max,allocMs_mean,allocMs_std,allocMs_max,plannerMsPerTick_mean,plannerMsPerTick_std,plannerMsPerTick_max,utilization_mean,utilization_std,utilization_max,finalMeanSoc_mean,finalMeanSoc_std,finalMeanSoc_max,audit_ticks_mean,audit_ticks_std,audit_ticks_max,audit_robotTicks_mean,audit_robotTicks_std,audit_robotTicks_max,audit_vertexConflicts_mean,audit_vertexConflicts_std,audit_vertexConflicts_max,audit_swapConflicts_mean,audit_swapConflicts_std,audit_swapConflicts_max,audit_illegalMoves_mean,audit_illegalMoves_std,audit_illegalMoves_max,audit_depletions_mean,audit_depletions_std,audit_depletions_max,audit_maxNoProgress_mean,audit_maxNoProgress_std,audit_maxNoProgress_max,audit_maxWaitStreak_mean,audit_maxWaitStreak_std,audit_maxWaitStreak_max,audit_maxTripWaits_mean,audit_maxTripWaits_std,audit_maxTripWaits_max,audit_maxTripDelay_mean,audit_maxTripDelay_std,audit_maxTripDelay_max,audit_maxWorkTripDelay_mean,audit_maxWorkTripDelay_std,audit_maxWorkTripDelay_max,audit_maxSlotWait_mean,audit_maxSlotWait_std,audit_maxSlotWait_max,audit_minSoc_mean,audit_minSoc_std,audit_minSoc_max
stress,small,4,0.3,pp-poisson-normal,hungarian,pp,15,821.1333,69.0682,949,100,0,100,0,0,0,0,0,0,12.2604,1.0534,14.8148,175.1927,21.5314,214.97,149.8187,21.1208,188.77,25.374,1.1689,27.68,2537.4,116.8887,2768,2204.4667,112.0171,2313,60.9333,18.5798,117,0,0,0,0,0,0,2.6667,1.1127,4,0,0,0,0,0,0,0,0,0,0,0,0,0,0,0,0,0,0,237.9333,15.9529,267,862,27.5344,923,88548,7360.5349,102473,160.0926,31.5375,227.3751,7.5661,5.2713,22.5579,0.196,0.0401,0.2846,0.7764,0.0587,0.8748,0.5576,0.168,0.8287,821.1333,69.0682,949,3284.5333,276.2726,3796,0,0,0,0,0,0,0,0,0,0,0,0,27.4667,31.5931,112,7,3.4017,15,10.6,5.3157,22,33.7333,14.3948,81,33.7333,14.3948,81,19.4667,40.8899,130,0.1664,0.0206,0.2288
stress,small,4,0.3,pp-poisson-normal,pact-proxy,pp,15,813.8667,67.7916,953,100,0,100,0,0,0,0,0,0,12.3652,1.0099,14.3885,180.872,22.5605,216.46,155.4913,22.2622,189.88,25.3807,0.7273,26.58,2538.0667,72.7299,2658,2218.8,73.2434,2343,53.1333,9.4708,68,0,0,0,0,0,0,2.9333,1.1629,4,0,0,0,0,0,0,0,0,0,0,0,0,0,0,0,0,0,0,236.3333,14.2311,266,852.0667,22.0664,885,82362.9333,5742.4477,90678,150.5231,31.765,218.4798,10.4171,3.6251,18.2503,0.1871,0.0486,0.3144,0.7836,0.0534,0.8565,0.5781,0.1553,0.8274,813.8667,67.7916,953,3255.4667,271.1662,3812,0,0,0,0,0,0,0,0,0,0,0,0,23.0667,28.4792,126,6.5333,3.0675,12,8.8667,3.4614,15,27.4,8.0782,49,27.4,8.0782,49,30.5333,52.1219,151,0.1587,0.0145,0.1932
stress,small,4,0.3,pp-poisson-normal,pact,pp,15,847.5333,55.3081,956,100,0,100,0,0,0,0,0,0,11.8457,0.7703,13.2979,187.102,20.5458,217.86,161.7787,20.3125,191.58,25.3233,0.8575,26.74,2532.3333,85.7502,2674,2237.6667,79.7663,2349,48,11.514,69,0,0,0,0,0,0,3.0667,1.0998,4,0,0,0,0,0,0,0,0,0,0,0,0,0,0,0,0,0,0,242.3333,12.5849,265,1083.8,29.5881,1160,92865.8667,8645.5226,104561,162.0262,32.0665,218.3617,28.7657,10.1122,54.5889,0.192,0.0409,0.2644,0.7494,0.0462,0.842,0.6107,0.1308,0.8107,847.5333,55.3081,956,3390.1333,221.2322,3824,0,0,0,0,0,0,0,0,0,0,0,0,16.3333,3.0394,27,6.7333,4.4955,17,8.6,3.8693,18,28.2,7.1234,42,28.2,7.1234,42,48.8667,58.1253,149,0.1574,0.0111,0.176
stress,small,4,0.3,pp-poisson-normal,greedy,pp,15,833.2667,52.971,960,100,0,100,0,0,0,0,0,0,12.0462,0.7678,13.986,182.9787,16.837,208.41,157.3347,16.5322,183.34,25.644,0.8359,27.37,2564.4,83.5949,2737,2256.2667,79.0221,2448,55.6,8.9187,78,0,0,0,0,0,0,2.8,0.9411,4,0,0,0,0,0,0,0,0,0,0,0,0,0,0,0,0,0,0,238.7333,11.6095,266,859.8,21.3314,897,83096.3333,6228.2721,100387,146.4901,28.6481,218.7702,5.9457,2.6763,11.4362,0.1765,0.0357,0.2562,0.7711,0.033,0.8598,0.5869,0.1058,0.7599,833.2667,52.971,960,3333.0667,211.8839,3840,0,0,0,0,0,0,0,0,0,0,0,0,15.8667,0.3519,16,7.6667,4.1519,17,10.8667,4.1553,18,33.8667,18.5929,82,33.8667,18.5929,82,16.6,28.213,89,0.1599,0.0101,0.1765
stress,small,4,0.3,pp-poisson-stress,hungarian,pp,15,1063.9333,57.172,1146,100,0,100,0,0,0,0,0,0,9.4252,0.5213,10.4712,336.1413,34.1704,381.63,312.4233,33.6736,357.55,23.718,1.0027,24.83,2371.8,100.2741,2483,2167.2667,116.49,2313,36.3333,10.9523,62,0,0,0,0,0,0,8,0,8,0,0,0,0,0,0,0,0,0,0,0,0,0,0,0,0,0,0,288.2667,11.7987,315,788.0667,32.7337,852,58742.8667,5320.4006,70672,119.3324,29.988,200.7134,6.7202,4.8877,21.0613,0.1122,0.0276,0.1894,0.5578,0.0155,0.5973,0.6558,0.0371,0.7364,1063.9333,57.172,1146,4255.7333,228.688,4584,0,0,0,0,0,0,0,0,0,0,0,0,98.3333,30.0206,146,5.5333,3.852,17,7.9333,3.8816,18,25.0667,7.0859,39,25.0667,7.0859,39,130.9333,28.848,169,0.0896,0.0184,0.1134
stress,small,4,0.3,pp-poisson-stress,pact-proxy,pp,15,1084.4,33.7381,1135,100,0,100,0,0,0,0,0,0,9.2303,0.2979,10.0705,357.402,21.8493,400.77,333.288,21.4499,375.25,24.114,0.7426,25.52,2411.4,74.2561,2552,2203.9333,81.1942,2344,43.4667,11.1411,65,0,0,0,0,0,0,8,0,8,0,0,0,0,0,0,0,0,0,0,0,0,0,0,0,0,0,0,290.8667,8.0522,307,795.5333,26.4409,852,61550.2,4676.8435,71561,108.8684,22.3533,141.898,8.926,3.8587,17.621,0.1002,0.0197,0.1345,0.556,0.0113,0.5767,0.6536,0.0357,0.7179,1084.4,33.7381,1135,4337.6,134.9523,4540,0,0,0,0,0,0,0,0,0,0,0,0,103.5333,25.8094,156,8.6667,4.4828,18,10.6667,4.593,19,28,8.5021,46,28,8.5021,46,142.6,17.2784,171,0.086,0.0176,0.1082
stress,small,4,0.3,pp-poisson-stress,pact,pp,15,1086.5333,37.8811,1146,100,0,100,0,0,0,0,0,0,9.2142,0.3256,9.901,352.152,30.1896,392.53,327.9113,29.6613,367.23,24.2407,0.8642,25.3,2424.0667,86.4246,2530,2219.8667,83.7717,2314,38.0667,12.4181,74,0,0,0,0,0,0,8,0,8,0,0,0,0,0,0,0,0,0,0,0,0,0,0,0,0,0,0,291.7333,8.4216,305,1058.0667,27.5304,1110,73171.2,7643.8694,87903,128.3752,19.5829,174.1684,25.5623,7.2616,39.6543,0.1181,0.0166,0.1548,0.5579,0.013,0.5894,0.634,0.0485,0.7217,1086.5333,37.8811,1146,4346.1333,151.5246,4584,0,0,0,0,0,0,0,0,0,0,0,0,99.9333,37.3812,149,7.8667,3.7582,15,10.4,3.3975,18,27.2667,9.9173,48,27.2667,9.9173,48,145.6667,21.2894,171,0.0838,0.0193,0.1138
stress,small,4,0.3,pp-poisson-stress,greedy,pp,15,1083.8,38.649,1155,100,0,100,0,0,0,0,0,0,9.2376,0.3253,9.7371,347.768,25.0732,383.65,323.3687,24.6333,359.16,24.3993,0.7493,25.83,2439.9333,74.9309,2583,2218.4667,86.5719,2410,38.7333,13.7346,73,0,0,0,0,0,0,8,0,8,0,0,0,0,0,0,0,0,0,0,0,0,0,0,0,0,0,0,293,7.9821,306,808.1333,29.4421,871,63245.5333,5411.0957,69258,126.634,31.0588,183.1951,7.8281,4.5334,20.4274,0.1164,0.0268,0.1709,0.563,0.0107,0.5851,0.6492,0.0508,0.7081,1083.8,38.649,1155,4335.2,154.5959,4620,0,0,0,0,0,0,0,0,0,0,0,0,84,25.9477,125,7.9333,4.9058,17,9.9333,4.3665,18,26.8,7.6364,45,26.8,7.6364,45,135,27.537,176,0.0942,0.0138,0.1205
stress,small,4,inf,pp-batch-normal,hungarian,pp,15,815,72.3326,948,100,0,100,0,0,0,0,0,0,12.3592,1.0834,14.4718,325.67,15.8318,352.85,300.4893,15.0568,326.24,25.1807,0.918,26.61,2518.0667,91.7959,2661,2239.6667,76.8902,2366,53.9333,10.977,70,0,0,0,0,0,0,2.4667,1.3558,4,0,0,0,0,0,0,0,0,0,0,0,0,0,0,0,0,0,0,235,14.8131,261,857.6,23.5123,898,86098.6667,5782.8259,93895,143.3737,32.247,211.1798,4.7573,2.0319,10.4183,0.1774,0.0428,0.2663,0.7767,0.0556,0.8577,0.5381,0.1619,0.7981,815,72.3326,948,3260,289.3303,3792,0,0,0,0,0,0,0,0,0,0,0,0,21.5333,20.7566,95,6.2,3.0519,12,8.8667,3.2042,15,28.6667,6.4106,40,28.6667,6.4106,40,16.3333,36.3587,115,0.1661,0.0119,0.193
stress,small,4,inf,pp-batch-normal,pact-proxy,pp,15,786.6,82.9783,917,100,0,100,0,0,0,0,0,0,12.8469,1.3668,15.3139,321.8627,23.1321,363.4,296.936,21.9217,337.09,24.9267,1.4174,27.15,2492.6667,141.7395,2715,2173.0667,125.0728,2338,56.2,9.4279,73,0,0,0,0,0,0,2.8667,1.2459,4,0,0,0,0,0,0,0,0,0,0,0,0,0,0,0,0,0,0,229.4,16.2648,252,835.9333,32.0791,879,83825.3333,5630.4637,93004,132.1154,22.1318,178.4811,6.069,3.3186,15.106,0.1693,0.0315,0.2485,0.7968,0.053,0.881,0.5612,0.1393,0.7973,786.6,82.9783,917,3146.4,331.9132,3668,0,0,0,0,0,0,0,0,0,0,0,0,22.6,26.1173,117,7.3333,4.2873,16,10.9333,4.7729,17,31.3333,11.1013,64,31.3333,11.1013,64,21.4,37.8772,141,0.1623,0.0112,0.1804
stress,small,4,inf,pp-batch-normal,pact,pp,15,831.1333,71.8062,942,100,0,100,0,0,0,0,0,0,12.1185,1.0778,14.1044,334.6793,22.0349,382.29,309.4493,21.0991,354.66,25.23,1.2383,27.63,2523,123.83,2763,2237.5333,141.6691,2465,51.1333,8.6095,69,0,0,0,0,0,0,3,1.069,4,0,0,0,0,0,0,0,0,0,0,0,0,0,0,0,0,0,0,240.5333,14.5153,263,1105.8,39.1977,1179,97255.3333,7085.9265,109769,160.4693,32.8277,215.8133,34.4155,12.7184,69.0717,0.1939,0.041,0.2664,0.7626,0.0552,0.8879,0.5949,0.1552,0.8021,831.1333,71.8062,942,3324.5333,287.2246,3768,0,0,0,0,0,0,0,0,0,0,0,0,15.6667,0.9759,17,6,3.5857,14,9.2,2.9809,15,30.0667,8.8839,57,30.0667,8.8839,57,39.2667,57.0857,151,0.1591,0.0116,0.1788
stress,small,4,inf,pp-batch-normal,greedy,pp,15,808.4667,42.3706,888,100,0,100,0,0,0,0,0,0,12.4009,0.6504,13.5685,325.0187,10.8443,343.14,299.9193,10.2129,316.8,25.0993,0.6969,26.34,2509.9333,69.6927,2634,2244,85.2836,2377,48.9333,12.6291,77,0,0,0,0,0,0,2.6,0.7368,4,0,0,0,0,0,0,0,0,0,0,0,0,0,0,0,0,0,0,233.6667,10.2655,252,844.2667,29.4775,913,80965.9333,5799.4332,88916,122.2912,28.8646,194.6415,4.4513,4.0296,15.2253,0.1516,0.0366,0.2365,0.7774,0.031,0.8253,0.5616,0.102,0.7084,808.4667,42.3706,888,3233.8667,169.4823,3552,0,0,0,0,0,0,0,0,0,0,0,0,15.2667,1.4376,16,6.0667,4.1484,15,8.6667,4.0649,18,28.3333,10.6212,55,28.3333,10.6212,55,16.7333,32.6857,107,0.164,0.0093,0.1931
stress,small,4,inf,pp-batch-stress,hungarian,pp,15,1075.9333,39.8237,1148,100,0,100,0,0,0,0,0,0,9.306,0.3411,9.9206,495.9653,28.7014,538.92,471.8473,28.2017,513.63,24.118,0.7807,26.03,2411.8,78.0679,2603,2203.9333,85.0407,2332,45.1333,14.222,74,0,0,0,0,0,0,8,0,8,0,0,0,0,0,0,0,0,0,0,0,0,0,0,0,0,0,0,290,8.3066,304,795.4,28.2256,843,64784.0667,6696.2923,80971,88.1714,13.619,123.813,3.107,2.4489,8.9718,0.0821,0.0134,0.1193,0.5607,0.0162,0.58,0.656,0.0561,0.7288,1075.9333,39.8237,1148,4303.7333,159.2946,4592,0,0,0,0,0,0,0,0,0,0,0,0,99.6667,35.8781,164,8.4,4.2728,17,9.9333,3.9545,18,27.8667,8.4757,49,27.8667,8.4757,49,130.4667,30.9513,176,0.093,0.0157,0.1126
stress,small,4,inf,pp-batch-stress,pact-proxy,pp,15,1055.4,50.6258,1130,100,0,100,0,0,0,0,0,0,9.4961,0.4693,10.5152,495.954,30.9706,550.47,472.266,30.1598,525.02,23.688,1.0091,25.45,2368.8,100.9138,2545,2161,113.3421,2293,39.8,10.6851,57,0,0,0,0,0,0,8,0,8,0,0,0,0,0,0,0,0,0,0,0,0,0,0,0,0,0,0,288,8.124,301,781.8667,27.2524,827,63312.6667,5974.0374,76534,87.6573,15.1141,129.5469,3.9304,2.9139,10.0944,0.083,0.0131,0.1194,0.5614,0.0131,0.5822,0.6637,0.0362,0.7247,1055.4,50.6258,1130,4221.6,202.5032,4520,0,0,0,0,0,0,0,0,0,0,0,0,109,24.7386,158,7.2,3.8767,14,9.9333,3.6148,15,26.5333,9.913,51,26.5333,9.913,51,143.4,20.5315,168,0.0876,0.0183,0.1115
stress,small,4,inf,pp-batch-stress,pact,pp,15,1067.7333,45.8592,1158,100,0,100,0,0,0,0,0,0,9.3815,0.3965,9.9206,505.6227,25.8675,554.71,481.594,25.1695,529.05,24.0287,1.1201,26.14,2402.8667,112.0082,2614,2203.0667,141.8508,2444,34.4667,8.7003,47,0,0,0,0,0,0,8,0,8,0,0,0,0,0,0,0,0,0,0,0,0,0,0,0,0,0,0,289.2,10.3524,310,1053.7333,31.6487,1119,71693.0667,5589.0761,81309,94.9955,8.8561,117.1032,19.8708,4.7577,27.6242,0.0891,0.009,0.1121,0.5626,0.01,0.5765,0.6466,0.0791,0.7531,1067.7333,45.8592,1158,4270.9333,183.4368,4632,0,0,0,0,0,0,0,0,0,0,0,0,102.4667,28.7598,146,6.0667,3.7885,13,8.8,3.0048,14,24.3333,8.2347,40,24.3333,8.2347,40,143.7333,21.995,178,0.093,0.0092,0.1146
stress,small,4,inf,pp-batch-stress,greedy,pp,15,1086.8,33.2441,1142,100,0,100,0,0,0,0,0,0,9.2095,0.2849,9.7276,501.442,21.9549,531.88,477.07,21.4008,507.4,24.372,0.7956,25.56,2437.2,79.5579,2556,2231.4667,89.6819,2369,43.8,8.2739,59,0,0,0,0,0,0,8,0,8,0,0,0,0,0,0,0,0,0,0,0,0,0,0,0,0,0,0,291.2,7.6364,304,799.4667,26.0545,846,64503.4,4892.7143,72774,89.4807,15.2711,127.8109,2.2797,0.5629,3.8672,0.0823,0.0132,0.1151,0.5607,0.0125,0.5837,0.6478,0.0531,0.7298,1086.8,33.2441,1142,4347.2,132.9765,4568,0,0,0,0,0,0,0,0,0,0,0,0,90.1333,24.4858,137,6.5333,3.583,16,9.9333,3.1952,17,28.8667,7.3569,46,28.8667,7.3569,46,136.1333,23.6609,169,0.0923,0.0129,0.11
stress,small,4,0.3,cbs-poisson-normal,hungarian,cbs,15,773.6667,75.2905,891,100,0,100,0,0,0,0,0,0,13.0419,1.289,15.7978,155.1447,22.1567,183.52,131.1213,21.6484,159.66,24.0233,1.2081,25.81,2402.3333,120.8054,2581,2120.2667,121.136,2260,50.9333,11.7684,75,0,0,0,0,0,0,2.3333,1.291,4,0,0,0,0.0667,0.2582,1,0.0667,0.2582,1,0,0,0,0,0,0,0,0,0,230.4,14.4163,255,1160.2,498.7367,2957,91961.7333,14984.7999,139851,168.3164,48.6554,299.6008,2.3756,0.6377,4.387,0.2227,0.0849,0.4733,0.7813,0.065,0.8987,0.5359,0.1662,0.7973,773.6667,75.2905,891,3094.6667,301.1622,3564,0,0,0,0,0,0,0,0,0,0,0,0,19.3333,16.0831,77,7.1333,4.5961,17,9.0667,4.9348,22,25.4667,9.6649,50,25.4667,9.6649,50,20.3333,48.7027,148,0.1734,0.0284,0.27
stress,small,4,0.3,cbs-poisson-normal,pact-proxy,cbs,15,790.6667,63.8354,930,100,0,100,0,0,0,0,0,0,12.7251,1.0367,15.1976,169.304,21.0865,197.78,144.742,20.6454,172.04,24.562,0.818,25.99,2456.2,81.7978,2599,2174.1333,81.257,2311,53.7333,10.7002,72,0,0,0,0,0,0,2.6667,1.291,4,0,0,0,0,0,0,0,0,0,0,0,0,0,0,0,0,0,0,235.6,14.657,267,1025.0667,42.2382,1084,87624.3333,4969.1235,98605,168.352,39.0748,240.6352,4.1449,3.1923,13.5877,0.2151,0.058,0.3597,0.78,0.0491,0.8598,0.5673,0.1586,0.8079,790.6667,63.8354,930,3162.6667,255.3414,3720,0,0,0,0,0,0,0,0,0,0,0,0,21.1333,20.9927,97,7.6,3.1578,14,9.4667,3.583,15,23.4,4.9396,38,23.4,4.9396,38,29,50.4268,155,0.1609,0.014,0.1954
stress,small,4,0.3,cbs-poisson-normal,pact,cbs,15,817.7333,59.768,903,100,0,100,0,0,0,0,0,0,12.2922,0.93,14.2045,173.2453,23.0714,209.44,148.7913,22.8728,185.26,24.454,0.8705,26.05,2445.4,87.0499,2605,2190.4667,79.2184,2309,44.6,17.5735,96,0,0,0,0,0,0,3,1.1339,4,0,0,0,0,0,0,0,0,0,0,0,0,0,0,0,0,0,0,237.8667,10.9471,252,1301.8667,209.2233,2021,95576.2,9974.9685,121763,170.905,30.8264,214.5083,23.716,7.156,44.9183,0.2103,0.0411,0.2726,0.7508,0.0528,0.8286,0.5978,0.1349,0.7794,817.7333,59.768,903,3270.9333,239.0719,3612,0,0,0,0,0,0,0,0,0,0,0,0,15.6,0.6325,16,5.8667,4.0685,16,8,3.8359,17,23.1333,7.6239,41,23.1333,7.6239,41,30.4667,44.444,149,0.1647,0.0119,0.1791
stress,small,4,0.3,cbs-poisson-normal,greedy,cbs,15,796.6,52.4102,907,100,0,100,0,0,0,0,0,0,12.6047,0.8395,14.4718,166.8833,15.7732,195.72,142.17,15.5712,170.78,24.7133,0.5247,25.68,2471.3333,52.4713,2568,2187.7333,84.0166,2385,49.9333,13.5408,68,0,0,0,0,0,0,2.5333,0.7432,4,0,0,0,0.0667,0.2582,1,0.0667,0.2582,1,0,0,0,0,0,0,0,0,0,236.1333,11.3129,258,1245.5333,546.9005,3097,94654.6667,16865.4083,145224,178.3333,40.2561,273.9118,3.0781,1.2072,6.7944,0.2259,0.0605,0.3623,0.778,0.0401,0.8629,0.5819,0.1186,0.7844,796.6,52.4102,907,3186.4,209.6408,3628,0,0,0,0,0,0,0,0,0,0,0,0,15.4,0.8281,16,7.7333,4.3665,14,9.5333,4.1208,15,23.4667,4.7938,31,23.4667,4.7938,31,22.6,40.4259,120,0.1612,0.0083,0.1725
stress,small,4,0.3,cbs-poisson-stress,hungarian,cbs,15,1041.6,49.7663,1103,100,0,100,0,0,0,0,0,0,9.622,0.4796,10.661,324.02,32.8145,357.13,300.9813,32.2618,334.07,23.0387,0.9309,24.22,2303.8667,93.0913,2422,2109.9333,112.9168,2237,33.2,11.6631,53,0,0,0,0,0,0,8,0,8,0,0,0,0,0,0,0,0,0,0,0,0,0,0,0,0,0,0,287.4667,10.9861,299,978.2667,185.1472,1625,65327.8667,5556.9701,79606,125.8999,28.2251,181.9793,2.4255,1.0864,5.7609,0.121,0.0267,0.1699,0.5532,0.0095,0.5732,0.6752,0.0513,0.731,1041.6,49.7663,1103,4166.4,199.0652,4412,0,0,0,0,0,0,0,0,0,0,0,0,97.6667,32.0773,143,5.6,3.1578,14,7.1333,3.2704,15,20.1333,6.5342,38,20.1333,6.5342,38,138.0667,27.1226,166,0.0858,0.0226,0.1118
stress,small,4,0.3,cbs-poisson-stress,pact-proxy,cbs,15,1062.4667,32.9499,1119,100,0,100,0,0,0,0,0,0,9.4211,0.3113,10.4275,344.214,22.6419,386.56,320.654,22.34,362.17,23.56,0.7036,24.55,2356,70.3562,2455,2162.2,71.0042,2247,32.8,13.8986,74,0,0,0,0,0,0,8,0,8,0,0,0,0,0,0,0,0,0,0,0,0,0,0,0,0,0,0,289.5333,6.0222,296,904,28.5332,943,62596.5333,6794.7826,74794,120.5776,22.1792,156.5894,3.0389,1.2669,7.1766,0.1136,0.021,0.1466,0.5545,0.0111,0.579,0.6745,0.0342,0.7108,1062.4667,32.9499,1119,4249.8667,131.7996,4476,0,0,0,0,0,0,0,0,0,0,0,0,104.6,27.6504,155,5.2667,3.8631,18,7,3.6056,19,21,5.3318,33,21,5.3318,33,144.4667,16.3483,170,0.0862,0.0143,0.105
stress,small,4,0.3,cbs-poisson-stress,pact,cbs,15,1064.1333,39.3062,1113,100,0,100,0,0,0,0,0,0,9.4097,0.3584,10.2987,340.4333,34.1467,389.54,316.8327,33.5748,364.54,23.6007,0.8634,25.03,2360.0667,86.3353,2503,2179.2667,88.0637,2301,31.1333,11.4197,56,0,0,0,0,0,0,8,0,8,0,0,0,0,0,0,0,0,0,0,0,0,0,0,0,0,0,0,292.2667,8.5563,303,1181.7333,39.5754,1258,73067.1333,5973.2477,83113,135.8431,32.0302,206.5912,21.6591,5.8134,33.5991,0.1276,0.0289,0.1938,0.5546,0.0102,0.5731,0.6467,0.0455,0.727,1064.1333,39.3062,1113,4256.5333,157.225,4452,0,0,0,0,0,0,0,0,0,0,0,0,98.5333,35.2559,147,4.5333,3.0206,12,7.4667,3.2264,16,23.1333,5.7305,32,23.1333,5.7305,32,143.5333,20.6842,173,0.0839,0.0192,0.1138
stress,small,4,0.3,cbs-poisson-stress,greedy,cbs,15,1062.4,38.794,1136,100,0,100,0,0,0,0,0,0,9.4242,0.3391,9.9404,336.3947,28.6678,370.69,312.732,28.3213,346.68,23.6627,0.6002,24.86,2366.2667,60.016,2486,2179.0667,84.6315,2384,31.4,7.8084,50,0,0,0,0,0,0,8,0,8,0,0,0,0,0,0,0,0,0,0,0,0,0,0,0,0,0,0,291.6,7.5857,306,987.8,192.3717,1659,64652.3333,6248.0415,77324,120.5694,23.096,178.8019,3.2022,1.7747,8.5355,0.1134,0.0207,0.1677,0.5571,0.0117,0.5788,0.6692,0.0478,0.7308,1062.4,38.794,1136,4249.6,155.1758,4544,0,0,0,0,0,0,0,0,0,0,0,0,87.7333,31.5877,139,5.8,2.8586,13,7.4,2.5579,14,20.9333,4.5743,29,20.9333,4.5743,29,135.8,23.4405,169,0.0953,0.0162,0.1225
stress,small,4,inf,cbs-batch-normal,hungarian,cbs,15,779.1333,69.095,888,100,0,100,0,0,0,0,0,0,12.9297,1.1512,15.015,307.5,13.3815,332.93,283.158,12.6549,307.54,24.342,0.903,25.68,2434.2,90.302,2568,2154.7333,90.9038,2278,60,16.1511,101,0,0,0,0,0,0,2.3333,1.291,4,0,0,0,0,0,0,0,0,0,0,0,0,0,0,0,0,0,0,230.2667,15.3598,257,1034.6,33.581,1090,95248.9333,8428.7474,108214,148.9344,12.3948,173.4811,3.455,1.484,6.7108,0.1929,0.0261,0.2331,0.7857,0.0616,0.8938,0.534,0.1743,0.7964,779.1333,69.095,888,3116.5333,276.3801,3552,0,0,0,0,0,0,0,0,0,0,0,0,22.0667,20.2254,92,9.3333,5.3541,18,11.2667,4.758,19,28.4667,11.2305,56,28.4667,11.2305,56,15.7333,36.1534,111,0.174,0.0231,0.231
stress,small,4,inf,cbs-batch-normal,pact-proxy,cbs,15,758.9333,79.1359,900,100,0,100,0,0,0,0,0,0,13.309,1.3697,15.7233,305.8713,19.6554,341.34,281.8113,18.6293,316.13,24.06,1.1585,25.92,2406,115.854,2592,2125.5333,132.864,2309,49,7.874,65,0,0,0,0,0,0,2.6,1.2421,4,0.0667,0.2582,1,0,0,0,0,0,0,0,0,0,0,0,0,0,0,0,226.7333,16.5377,256,991.8667,43.6494,1051,87604.0667,4914.9993,95042,150.1765,20.5567,195.5667,3.5822,0.958,5.1971,0.1989,0.0278,0.2679,0.7974,0.0537,0.8789,0.5442,0.1448,0.7985,758.9333,79.1359,900,3035.7333,316.5437,3600,0,0,0,0,0,0,0,0,0,0,0,0,21.7333,24.7227,111,5.8667,3.1366,14,8.2667,3.3481,15,24.4667,8.1141,41,24.4667,8.1141,41,23.2667,45.2571,145,0.1656,0.0137,0.1852
stress,small,4,inf,cbs-batch-normal,pact,cbs,15,796.2,71.1931,902,100,0,100,0,0,0,0,0,0,12.657,1.1702,14.771,318.4427,20.4859,355.76,294.104,19.5787,329.47,24.3387,1.2012,26.42,2433.8667,120.1189,2642,2168.4,139.5302,2369,45,10.057,63,0,0,0,0,0,0,3,1.069,4,0,0,0,0,0,0,0,0,0,0,0,0,0,0,0,0,0,0,236.2,14.8189,259,1272.4667,53.5575,1352,101096.3333,7862.5222,120134,171.3707,34.0538,270.3481,29.9404,6.7433,47.3168,0.2153,0.0356,0.3017,0.7686,0.062,0.8981,0.5833,0.1612,0.808,796.2,71.1931,902,3184.8,284.7724,3608,0,0,0,0,0,0,0,0,0,0,0,0,15.4667,0.8338,16,7.0667,4.8176,16,8.7333,4.3991,17,23.6667,5.3807,33,23.6667,5.3807,33,31.4,48.292,165,0.1612,0.016,0.1843
stress,small,4,inf,cbs-batch-normal,greedy,cbs,15,784,50.4989,866,100,0,100,0,0,0,0,0,0,12.8061,0.8506,14.3678,310.3013,14.2724,330.22,285.76,13.5439,305.29,24.5413,0.8854,26.05,2454.1333,88.5412,2605,2174.9333,84.564,2318,53.2667,12.1094,82,0,0,0,0,0,0,2.5333,0.7432,4,0,0,0,0.0667,0.2582,1,0.0667,0.2582,1,0,0,0,0,0,0,0,0,0,232.2,11.315,249,1172.2667,514.5372,3026,94917.4667,11895.578,132772,155.2274,30.7896,252.0278,2.6043,0.362,3.6259,0.1987,0.0404,0.3146,0.7845,0.0373,0.8487,0.5686,0.1162,0.724,784,50.4989,866,3136,201.9958,3464,0,0,0,0,0,0,0,0,0,0,0,0,15.2,1.2649,16,5.9333,2.3135,10,8.5333,2.8251,15,30.2667,12.6404,61,30.2667,12.6404,61,18.4,36.8545,120,0.163,0.0117,0.1819
stress,small,4,inf,cbs-batch-stress,hungarian,cbs,15,1045.3333,41.4912,1126,100,0,100,0,0,0,0,0,0,9.5802,0.374,10.1729,477.8393,25.3612,525.48,454.5513,24.8159,501.43,23.288,0.802,24.96,2328.8,80.1955,2496,2156.8,100.648,2325,33.6667,11.7453,55,0,0,0,0,0,0,8,0,8,0,0,0,0,0,0,0,0,0,0,0,0,0,0,0,0,0,0,286.4,8.757,304,922.8667,35.6789,986,66442.7333,6644.337,78048,108.0403,9.5582,125.177,2.6467,0.6049,3.8011,0.1033,0.0077,0.1134,0.5572,0.013,0.5829,0.6765,0.047,0.736,1045.3333,41.4912,1126,4181.3333,165.965,4504,0,0,0,0,0,0,0,0,0,0,0,0,99.6667,33.9131,166,5.9333,4.7879,18,8.1333,4.5961,19,23.6667,11.9801,63,23.6667,11.9801,63,128.0667,24.6213,171,0.0929,0.0209,0.119
stress,small,4,inf,cbs-batch-stress,pact-proxy,cbs,15,1044.6667,51.9074,1116,100,0,100,0,0,0,0,0,0,9.5951,0.49,10.6724,489.5107,28.0526,533.85,466.25,27.2777,509.42,23.2607,0.9895,24.58,2326.0667,98.9513,2458,2132.9333,114.1894,2292,34.0667,8.9799,51,0,0,0,0,0,0,8,0,8,0,0,0,0,0,0,0,0,0,0,0,0,0,0,0,0,0,0,286.4,8.2271,296,906.2,37.1622,974,67005.1333,5275.4681,74556,117.5782,18.946,156.1046,3.9555,2.0872,10.5342,0.1128,0.0188,0.153,0.5569,0.0096,0.5731,0.6747,0.0485,0.7423,1044.6667,51.9074,1116,4178.6667,207.6297,4464,0,0,0,0,0,0,0,0,0,0,0,0,109.2,24.8458,152,4.6667,2.6367,10,6.0667,2.4044,11,21.2667,4.3337,29,21.2667,4.3337,29,143.2667,19.8619,167,0.0884,0.0197,0.1138
stress,small,4,inf,cbs-batch-stress,pact,cbs,15,1063.8667,47.1894,1129,100,0,100,0,0,0,0,0,0,9.4172,0.4238,10.2987,496.3107,24.7384,532.14,472.6327,24.0991,506.83,23.678,1.0608,25.31,2367.8,106.0837,2531,2177.1333,136.4116,2363,33.6,11.4692,54,0,0,0,0,0,0,8,0,8,0,0,0,0,0,0,0,0,0,0,0,0,0,0,0,0,0,0,289.7333,11.003,307,1187.4667,28.5854,1234,76119.0667,7637.8708,91286,132.3071,29.7928,218.0641,24.4675,6.0682,39.4509,0.124,0.0247,0.1952,0.5565,0.0115,0.5709,0.6533,0.067,0.7405,1063.8667,47.1894,1129,4255.4667,188.7575,4516,0,0,0,0,0,0,0,0,0,0,0,0,104.6667,27.861,147,5.5333,3.4198,12,7.6667,3.4778,15,21.0667,5.9817,32,21.0667,5.9817,32,144.6667,21.4465,180,0.0949,0.0127,0.1178
stress,small,4,inf,cbs-batch-stress,greedy,cbs,15,1044.6667,30.1678,1093,100,0,100,0,0,0,0,0,0,9.5799,0.2777,10.0301,479.0213,23.0327,514.13,455.4287,22.3993,489.24,23.5927,0.8359,25.03,2359.2667,83.5929,2503,2167.5333,86.829,2308,33.4667,9.0937,49,0,0,0,0,0,0,8,0,8,0,0,0,0,0,0,0,0,0,0,0,0,0,0,0,0,0,0,286,6.8139,300,899.6,37.6199,989,64396.5333,7055.2302,76380,109.6444,11.9912,129.3644,2.1452,0.4235,3.0525,0.1051,0.0122,0.1252,0.5646,0.0099,0.5841,0.6798,0.0401,0.7504,1044.6667,30.1678,1093,4178.6667,120.6711,4372,0,0,0,0,0,0,0,0,0,0,0,0,87.3333,25.1841,134,4.9333,2.9873,10,7.4,3.4393,15,24.6667,10.6077,48,24.6667,10.6077,48,132.3333,25.8088,170,0.0946,0.0134,0.1158
stress,small,6,0.3,pp-poisson-normal,hungarian,pp,15,599.2667,26.3939,630,100,0,100,0,0,0,0,0,0,16.7185,0.7648,18.2815,114.9393,18.2034,149.93,87.2813,18.0721,123.14,27.658,1.3471,29.71,2765.8,134.7141,2971,2366.2667,133.1682,2497,140.8,23.4922,177,0,0,0,0,0,0,1.6667,1.0465,4,0.2,0.414,1,0,0,0,0,0,0,0,0,0,0,0,0,0,0,0,187.9333,7.4878,199,1075.4667,44.4649,1145,160586.6,8008.3683,171796,225.2243,25.4596,270.1969,4.1717,2.1064,10.5541,0.3766,0.0469,0.453,0.7696,0.0284,0.8131,0.4276,0.0693,0.5561,599.2667,26.3939,630,3595.6,158.3634,3780,0,0,0,0,0,0,0,0,0,0,0,0,14.2667,1.3345,16,10.2667,3.693,15,18.2,5.7346,31,57.2667,23.1253,124,57.2667,23.1253,124,24.4,43.5313,131,0.1782,0.0399,0.3086
stress,small,6,0.3,pp-poisson-normal,pact-proxy,pp,15,585.1333,25.3289,626,100,0,100,0,0,0,0,0,0,17.1207,0.7575,18.9036,119.3933,19.5335,146.97,91.5593,19.2782,119.16,27.834,1.0365,29.85,2783.4,103.649,2985,2383.9333,69.1391,2463,130.5333,22.2546,167,0,0,0,0,0,0,1.3333,0.8165,3,0,0,0,0,0,0,0,0,0,0,0,0,0,0,0,0,0,0,186.8,7.912,203,1077.0667,48.7464,1191,157348.6667,10389.3491,176895,217.8238,31.5925,277.174,4.501,1.9732,8.9955,0.3717,0.0458,0.4428,0.7932,0.018,0.8306,0.404,0.0582,0.4624,585.1333,25.3289,626,3510.8,151.9733,3756,0,0,0,0,0,0,0,0,0,0,0,0,14.4667,2.2636,16,10.4667,3.563,17,19.2,6.6569,35,55.1333,19.6027,90,55.1333,19.6027,90,14.4667,36.7265,142,0.1813,0.0305,0.2845
stress,small,6,0.3,pp-poisson-normal,pact,pp,15,618.6,39.1021,688,100,0,100,0,0,0,0,0,0,16.2261,1.0293,18.4502,125.374,19.4442,161.42,97.2747,18.4783,131.22,28.0993,1.3033,30.2,2809.9333,130.3328,3020,2413.4667,80.2326,2531,141.6,29.5461,208,0,0,0,0,0,0,1.9333,1.0998,4,0.0667,0.2582,1,0,0,0,0,0,0,0,0,0,0,0,0,0,0,0,193.1333,7.5391,211,1278.7333,52.9548,1396,172208.4,11955.4656,193253,238.2313,40.8065,360.5686,23.0885,4.7066,32.3291,0.3851,0.0575,0.5358,0.7586,0.0375,0.8389,0.4425,0.0702,0.5668,618.6,39.1021,688,3711.6,234.6124,4128,0,0,0,0,0,0,0,0,0,0,0,0,14.4667,1.4075,16,10.6667,3.4572,18,21.3333,9.1235,45,62.4,23.9905,119,62.4,23.9905,119,18.1333,35.9163,132,0.1735,0.0208,0.238
stress,small,6,0.3,pp-poisson-normal,greedy,pp,15,599.1333,42.9499,719,100,0,100,0,0,0,0,0,0,16.7663,1.1372,18.7617,120.1853,14.3278,143.52,91.8387,14.0683,115.61,28.3467,0.8392,29.53,2834.6667,83.9155,2953,2412.2,78.897,2559,141.4667,29.2376,183,0,0,0,0,0,0,1.5333,1.0601,4,0,0,0,0,0,0,0,0,0,0,0,0,0,0,0,0,0,0,188.2,8.579,210,1077.9333,20.1192,1104,161474.2667,10484.8282,187506,222.9476,33.5342,306.3815,3.5969,2.3389,11.606,0.374,0.0643,0.5461,0.7914,0.0481,0.8773,0.4177,0.066,0.5542,599.1333,42.9499,719,3594.8,257.6995,4314,0,0,0,0,0,0,0,0,0,0,0,0,14.0667,2.3135,18,11.4667,4.486,20,19.8,6.1899,31,59.2667,16.0733,89,59.2667,16.0733,89,18.1333,41.5776,155,0.1775,0.0219,0.2173
stress,small,6,0.3,pp-poisson-stress,hungarian,pp,15,861.3333,55.3,973,100,0,100,0,0,0,0,0,0,11.6547,0.7496,13.0208,271.184,29.3972,315.92,246.814,28.887,290.92,24.37,1.0838,26.08,2437,108.3757,2608,2235.5333,125.619,2366,71.5333,11.5997,90,0,0,0,0.0667,0.2582,1,8.9333,0.7988,10,0.1333,0.5164,2,0,0,0,0,0,0,0,0,0,0,0,0,0,0,0,244,13.5225,269,900.1333,42.7833,979,94663.8667,9176.0877,116660,130.3869,17.9706,162.5318,3.1059,2.8372,12.3705,0.1522,0.0251,0.2116,0.4723,0.0164,0.5078,0.5066,0.0415,0.5816,861.3333,55.3,973,5168,331.8003,5838,0,0,0,0,0,0,0,0,0,0.0667,0.2582,1,81.5333,26.2267,134,8.7333,3.6345,14,13.2,4.6322,20,34,10.0712,63,34,10.0712,63,289.9333,21.1541,323,0.0242,0.0177,0.0542
stress,small,6,0.3,pp-poisson-stress,pact-proxy,pp,15,875.7333,37.0183,935,100,0,100,0,0,0,0,0,0,11.4381,0.4851,12.2549,296.2693,19.8364,345.64,271.47,19.39,319.14,24.7993,1.0372,26.5,2479.9333,103.7163,2650,2280.6,82.6281,2422,68.3333,14.351,94,0,0,0,0.2,0.414,1,9,0.9258,10,0.1333,0.3519,1,0,0,0,0,0,0,0,0,0,0,0,0,0,0,0,247.9333,9.1766,265,908.3333,30.7424,963,94496,9504.5655,109340,129.5815,16.7806,155.0455,2.7979,0.4689,3.6483,0.1479,0.0178,0.1743,0.4722,0.0158,0.5039,0.5041,0.0464,0.5605,875.7333,37.0183,935,5254.4,222.1096,5610,0,0,0,0,0,0,0,0,0,0.2,0.414,1,81.8,25.1089,141,9.5333,3.6619,16,12.6667,4.0297,18,43.7333,19.7067,85,43.7333,19.7067,85,318.8667,25.2385,365,0.0136,0.0119,0.0328
stress,small,6,0.3,pp-poisson-stress,pact,pp,15,886.3333,43.5442,978,100,0,100,0,0,0,0,0,0,11.308,0.5585,12.5471,286.738,34.2215,346.98,261.896,33.5869,321.5,24.842,0.9573,26.16,2484.2,95.7259,2616,2297.2,73.7933,2406,60.3333,13.1022,86,0,0,0,0.0667,0.2582,1,9.4667,0.6399,10,0,0,0,0,0,0,0,0,0,0,0,0,0,0,0,0,0,0,251,10.0995,271,1173.6667,24.8472,1211,104493.5333,8067.7412,119672,146.9701,20.7563,208.0663,24.891,5.3363,38.8041,0.1656,0.0194,0.2127,0.4674,0.0082,0.4787,0.5454,0.0396,0.6008,886.3333,43.5442,978,5318,261.2651,5868,0,0,0,0,0,0,0,0,0,0.0667,0.2582,1,78.0667,34.9765,131,7.6667,3.8668,16,12.2667,5.1612,21,41.5333,13.8144,78,41.5333,13.8144,78,305.0667,33.881,357,0.0195,0.012,0.0475
stress,small,6,0.3,pp-poisson-stress,greedy,pp,15,873.6,37.334,967,100,0,100,0,0,0,0,0,0,11.4658,0.4739,12.1507,279.5907,20.9006,310.41,254.8447,20.74,285.73,24.746,0.8015,27,2474.6,80.1461,2700,2292.7333,77.3383,2472,64.2,14.2889,90,0,0,0,0.1333,0.3519,1,9.2,0.7746,10,0,0,0,0,0,0,0,0,0,0,0,0,0,0,0,0,0,0,246.4,8.1749,261,907.3333,29.1392,965,89577.2667,7732.1804,106672,120.745,14.6901,145.267,2.4315,1.2658,6.4039,0.1383,0.0165,0.1683,0.4725,0.0162,0.4935,0.5094,0.063,0.6058,873.6,37.334,967,5241.6,224.0041,5802,0,0,0,0,0,0,0,0,0,0.1333,0.3519,1,69.2667,23.0975,124,8.6,3.5214,15,13.2667,5.0209,24,35.1333,8.1141,54,35.1333,8.1141,54,303.0667,22.16,346,0.0204,0.014,0.0474
stress,small,6,inf,pp-batch-normal,hungarian,pp,15,592.5333,35.3773,677,100,0,100,0,0,0,0,0,0,16.9314,0.9854,18.6567,273.0427,10.1677,287.29,244.648,9.8605,258.91,28.3947,1.0473,30.07,2839.4667,104.7336,3007,2376,88.1468,2538,151.4667,29.493,202,0,0,0,0,0,0,1.6667,1.0465,4,0.1333,0.3519,1,0,0,0,0,0,0,0,0,0,0,0,0,0,0,0,188.6667,8.4403,209,1072.8,36.0638,1140,169002.6667,12835.3403,189832,210.4584,19.0848,242.3992,2.8803,1.2343,7.2412,0.357,0.0449,0.4522,0.8009,0.0487,0.885,0.4438,0.0855,0.5745,592.5333,35.3773,677,3555.2,212.2637,4062,0,0,0,0,0,0,0,0,0,0,0,0,14.4,1.3522,16,13,3.1848,17,20.2667,5.4963,34,62.5333,16.3089,86,62.5333,16.3089,86,22.0667,42.1824,116,0.1803,0.0507,0.3586
stress,small,6,inf,pp-batch-normal,pact-proxy,pp,15,574.0667,43.5488,651,100,0,100,0,0,0,0,0,0,17.5111,1.2954,19.4932,270.5793,14.6316,303.3,242.194,13.7192,274.33,28.3853,1.1835,31.71,2838.5333,118.3541,3171,2371.0667,111.01,2551,147.6667,27.8354,198,0,0,0,0,0,0,1.2667,1.0328,4,0.0667,0.2582,1,0,0,0,0,0,0,0,0,0,0,0,0,0,0,0,183.6667,9.7882,202,1059.8667,47.0196,1132,168499.6,9570.8961,189716,217.2612,26.0449,274.7575,3.0766,0.2716,3.502,0.3795,0.0465,0.5115,0.8265,0.0392,0.8773,0.4175,0.0666,0.5136,574.0667,43.5488,651,3444.4,261.2926,3906,0,0,0,0,0,0,0,0,0,0,0,0,13.9333,2.0517,16,11.1333,4.4379,22,19.8,6.795,34,61.6667,19.4336,89,61.6667,19.4336,89,22,38.9065,126,0.1791,0.0288,0.2762
stress,small,6,inf,pp-batch-normal,pact,pp,15,589.3333,46.7969,683,100,0,100,0,0,0,0,0,0,17.0658,1.3194,19.4175,270.926,15.6282,303.74,242.3193,14.2443,272.19,28.6067,1.5723,31.55,2860.6667,157.2322,3155,2394.6667,139.4902,2636,153.0667,35.8418,244,0,0,0,0,0,0,1.8,1.0142,4,0.2,0.414,1,0,0,0,0,0,0,0,0,0,0,0,0,0,0,0,187.5333,10.3432,209,1250.6,59.9676,1399,180300.3333,11899.7517,204042,239.1572,17.8226,266.8656,21.0919,3.8962,28.8291,0.4072,0.0325,0.4535,0.8109,0.0351,0.8596,0.4353,0.0644,0.5456,589.3333,46.7969,683,3536,280.7816,4098,0,0,0,0,0,0,0,0,0,0,0,0,14.7333,1.0998,16,12.8,3.6878,18,21.0667,7.4973,36,61.2,29.0792,138,61.2,29.0792,138,18.2,44.5761,173,0.1789,0.031,0.2826
stress,small,6,inf,pp-batch-normal,greedy,pp,15,582.2667,31.2306,646,100,0,100,0,0,0,0,0,0,17.2192,0.8988,18.4843,269.7747,12.2982,303.07,241.154,11.1262,270.55,28.6207,1.3343,32.52,2862.0667,133.4292,3252,2403.7333,77.3355,2592,154,37.0212,255,0,0,0,0,0,0,1.6,0.9856,4,0.0667,0.2582,1,0,0,0,0,0,0,0,0,0,0,0,0,0,0,0,186.3333,8.0238,204,1070.8,36.1173,1156,171343.6667,10428.5659,196520,224.4382,24.5632,270.2042,2.7098,1.3548,7.4236,0.3859,0.0416,0.4845,0.8203,0.0365,0.8808,0.4126,0.0773,0.5442,582.2667,31.2306,646,3493.6,187.3838,3876,0,0,0,0,0,0,0,0,0,0,0,0,14.8,1.5675,16,10.8,3.9677,18,21.4667,7.4533,36,62.9333,19.0205,111,62.9333,19.0205,111,13,26.8328,100,0.1767,0.0235,0.2301
stress,small,6,inf,pp-batch-stress,hungarian,pp,15,950.0667,293.1451,1994,99.2,3.0984,100,0.8,3.0984,12,0.0667,0.2582,1,10.9886,1.9258,12.5,436.6368,30.7157,494.95,412.0341,30.326,470,24.6027,0.6871,25.56,2440.1333,91.3939,2556,2256.5333,92.5734,2417,174.2667,405.4538,1638,0,0,0,0.3333,0.6172,2,8.7333,0.7037,10,0.0667,0.2582,1,0,0,0,0,0,0,0,0,0,0,0,0,0,0,0,262.4,58.5306,471,961.6,249.2789,1854,104615.0667,45871.6384,264892,143.2574,51.2969,318.8464,2.3729,0.4069,3.3149,0.1506,0.0215,0.1815,0.4587,0.0449,0.5156,0.4922,0.0745,0.5891,950.0667,293.1451,1994,5700.4,1758.8708,11964,0,0,0,0,0,0,0,0,0,0.3333,0.6172,2,148,237.2735,1001,111.0667,390.0754,1521,115.1333,388.9748,1521,140.1333,383.0285,1523,140.1333,383.0285,1523,301,27.7746,344,0.0238,0.0177,0.0433
stress,small,6,inf,pp-batch-stress,pact-proxy,pp,15,868.3333,60.0127,975,100,0,100,0,0,0,0,0,0,11.5695,0.8277,13.587,446.5967,27.4112,485.29,422.048,26.7885,460.52,24.5487,1.0566,26.47,2454.8667,105.6631,2647,2243.4,110.2457,2420,65.6,18.6693,103,0,0,0,0.3333,0.488,1,9,0.6547,10,0.0667,0.2582,1,0,0,0,0,0,0,0,0,0,0,0,0,0,0,0,246.4,13.3299,267,880.7333,25.3588,925,93813.8667,6261.3358,102351,131.0809,18.423,173.9623,3.2566,1.035,6.2313,0.1515,0.022,0.1857,0.4724,0.0237,0.5075,0.51,0.0396,0.5598,868.3333,60.0127,975,5210,360.0762,5850,0,0,0,0,0,0,0,0,0,0.3333,0.488,1,88.6667,27.1626,146,8.9333,4.3665,15,11.8,5.24,26,35.8,9.7921,64,35.8,9.7921,64,308.7333,18.2736,339,0.0145,0.0133,0.0465
stress,small,6,inf,pp-batch-stress,pact,pp,15,867.6,45.9966,946,100,0,100,0,0,0,0,0,0,11.5565,0.6167,12.6582,441.196,25.0942,492.81,416.226,24.3359,466.67,24.97,1.1229,27.59,2497,112.2943,2759,2296.6667,126.0486,2515,74.2,17.5345,108,0,0,0,0,0,0,9.3333,0.8997,10,0.0667,0.2582,1,0,0,0,0,0,0,0,0,0,0,0,0,0,0,0,246.2667,8.6806,264,1164.4667,32.0086,1211,111652.4,7159.9074,126327,150.2028,14.9343,179.3802,24.9193,4.2204,33.9272,0.1737,0.0205,0.2166,0.48,0.0139,0.5103,0.5441,0.0411,0.6113,867.6,45.9966,946,5205.6,275.9795,5676,0,0,0,0,0,0,0,0,0,0,0,0,90,23.6613,134,10.8667,5.7055,26,15.2,5.1158,27,38.7333,13.8537,72,38.7333,13.8537,72,312.4,25.0365,343,0.0246,0.0115,0.0414
stress,small,6,inf,pp-batch-stress,greedy,pp,15,864.3333,43.5393,955,100,0,100,0,0,0,0,0,0,11.5971,0.5849,12.6103,434.0487,16.9787,458.71,409.2107,16.6262,432.78,24.838,0.9619,26.47,2483.8,96.1934,2647,2262.1333,90.3287,2395,73.6667,19.0551,107,0,0,0,0.1333,0.3519,1,9.0667,0.7037,10,0,0,0,0,0,0,0,0,0,0,0,0,0,0,0,0,0,0,246.4667,12.8944,267,890.1333,41.9606,985,96649.2,8870.3374,113805,131.501,12.2054,152.6599,2.2068,1.2088,6.3875,0.1526,0.0174,0.1855,0.4798,0.0254,0.5246,0.5203,0.0385,0.609,864.3333,43.5393,955,5186,261.2355,5730,0,0,0,0,0,0,0,0,0,0.1333,0.3519,1,87.3333,21.3263,132,10.4667,3.9255,18,14.6,4.9828,25,41,13.0548,77,41,13.0548,77,302,22.3766,333,0.0229,0.0155,0.0565
stress,small,6,0.3,cbs-poisson-normal,hungarian,cbs,15,544.7333,31.599,586,100,0,100,0,0,0,0,0,0,18.4175,1.1074,20.5339,92.1013,19.2986,130.66,66.768,18.7911,104.76,25.3333,1.0798,26.63,2533.3333,107.9793,2663,2231.6,112.128,2354,105.1333,18.8296,142,0,0,0,0,0,0,1.2,0.7746,2,0,0,0,0.1333,0.3519,1,0.1333,0.3519,1,0,0,0,0,0,0,0,0,0,181.6,8.1398,194,2071.2,841.9657,3486,179511.6,23457.5107,214090,303.0895,68.9248,405.3167,3.4393,1.6747,9.3354,0.5579,0.1311,0.7735,0.7762,0.0288,0.8282,0.4139,0.0634,0.4928,544.7333,31.599,586,3268.4,189.5939,3516,0,0,0,0,0,0,0,0,0,0,0,0,14.2,2.0424,16,10,4.504,18,12.5333,3.5227,19,31.8667,12.153,67,31.8667,12.153,67,13.1333,25.4105,92,0.1905,0.0454,0.3416
stress,small,6,0.3,cbs-poisson-normal,pact-proxy,cbs,15,544.1333,18.9882,574,100,0,100,0,0,0,0,0,0,18.399,0.6498,19.5695,99.8033,15.8151,124.87,73.942,15.6226,98.44,25.8613,0.7801,27.07,2586.1333,78.0127,2707,2285.0667,68.3849,2384,98.5333,16.1151,134,0,0,0,0,0,0,1.0667,0.7037,2,0.0667,0.2582,1,0.1333,0.3519,1,0.1333,0.3519,1,0,0,0,0,0,0,0,0,0,182.1333,6.9268,191,1791.4,888.4719,4076,173939.2667,25130.3469,232516,286.8143,67.6405,465.7015,3.5722,0.2518,3.9414,0.5287,0.1338,0.9114,0.7928,0.0311,0.8604,0.3923,0.0516,0.4606,544.1333,18.9882,574,3264.8,113.9293,3444,0,0,0,0,0,0,0,0,0,0,0,0,13.9333,1.9445,16,8.8,4.0567,19,12.5333,5.7305,26,40.6667,24.2271,114,40.6667,24.2271,114,9.5333,20.3254,69,0.1887,0.0442,0.3301
stress,small,6,0.3,cbs-poisson-normal,pact,cbs,15,571.6,35.8784,648,100,0,100,0,0,0,0,0,0,17.5595,1.1091,19.9601,100.712,17.4242,136.49,74.6213,16.6644,109.13,26.0907,1.0004,27.54,2609.0667,100.0425,2754,2299.6,89.0271,2465,104.9333,22.515,147,0,0,0,0,0,0,1.5333,0.7432,3,0,0,0,0.0667,0.2582,1,0.0667,0.2582,1,0,0,0,0,0,0,0,0,0,189.5333,7.7078,207,1766.1333,757.1383,4478,182648.3333,24304.6065,256198,287.079,68.2171,512.8477,24.604,6.5066,42.526,0.506,0.1392,0.9731,0.7629,0.0448,0.856,0.4374,0.0615,0.538,571.6,35.8784,648,3429.6,215.2702,3888,0,0,0,0,0,0,0,0,0,0,0,0,14.2667,2.0166,16,9.4667,3.72,18,12.6,4.1369,21,33.3333,10.3349,56,33.3333,10.3349,56,16.2667,37.4423,141,0.181,0.0308,0.284
stress,small,6,0.3,cbs-poisson-normal,greedy,cbs,15,538.9333,29.2244,620,100,0,100,0,0,0,0,0,0,18.6036,0.9595,20.0803,95.18,16.2744,132.21,69.5373,15.8487,105.39,25.6427,0.6756,26.82,2564.2667,67.5642,2682,2279.4667,71.0109,2438,99.0667,22.6856,135,0,0,0,0,0,0,1.1333,0.8338,2,0,0,0,0.1333,0.3519,1,0.1333,0.3519,1,0,0,0,0,0,0,0,0,0,181.3333,7.8437,193,1774.1333,727.6858,3449,175503.4667,27238.544,237762,276.06,67.9234,436.8257,2.5476,0.5161,4.2027,0.5142,0.1292,0.8135,0.7945,0.033,0.8444,0.3951,0.0602,0.5033,538.9333,29.2244,620,3233.6,175.3465,3720,0,0,0,0,0,0,0,0,0,0,0,0,12.8667,2.2949,16,10.2,4.7087,17,12.2667,4.5272,19,32.0667,8.932,51,32.0667,8.932,51,12.1333,38.6021,151,0.1859,0.0291,0.266
stress,small,6,0.3,cbs-poisson-stress,hungarian,cbs,15,838.1333,50.4011,909,100,0,100,0,0,0,0,0,0,11.9726,0.7368,13.2626,260.7553,29.0943,298.28,237.452,28.7133,274.97,23.3033,0.8595,24.3,2330.3333,85.9515,2430,2176.2667,113.5539,2320,60.6667,18.787,99,0,0,0,0.0667,0.2582,1,8.8,0.6761,10,0,0,0,0.0667,0.2582,1,0.0667,0.2582,1,0,0,0,0,0,0,0,0,0,245,11.0776,261,1227.0667,515.0436,3078,99620.3333,12102.8416,133326,165.16,41.1987,294.4931,2.2747,0.3881,3.2945,0.1989,0.0588,0.387,0.4642,0.0182,0.5071,0.5055,0.0434,0.5695,838.1333,50.4011,909,5028.8,302.4063,5454,0,0,0,0,0,0,0,0,0,0.0667,0.2582,1,84.6667,24.0555,124,8.0667,4.0261,15,10.8,4.2122,16,27.0667,6.1233,39,27.0667,6.1233,39,295.4667,23.7362,324,0.025,0.016,0.0534
stress,small,6,0.3,cbs-poisson-stress,pact-proxy,cbs,15,844.2,36.8165,908,100,0,100,0,0,0,0,0,0,11.8661,0.5051,12.6103,283.948,20.0034,331.8,260.1207,19.6998,306.53,23.8273,0.7965,25.28,2382.7333,79.6514,2528,2209.9333,75.6472,2348,61.0667,14.7089,82,0,0,0,0.2,0.414,1,8.6667,0.6172,10,0.1333,0.3519,1,0,0,0,0,0,0,0,0,0,0,0,0,0,0,0,245.1333,9.1407,261,1091.9333,89.1984,1374,99191.2,11365.6469,126184,170.5259,33.46,255.0895,2.976,0.4521,4.1447,0.202,0.0382,0.2879,0.4712,0.0242,0.5163,0.4999,0.0381,0.57,844.2,36.8165,908,5065.2,220.8992,5448,0,0,0,0,0,0,0,0,0,0.2,0.414,1,80.5333,26.5676,144,8.1333,4.1034,14,10.0667,3.5349,16,28.4,10.4389,49,28.4,10.4389,49,316.8,18.2608,343,0.015,0.0112,0.0315
stress,small,6,0.3,cbs-poisson-stress,pact,cbs,15,868.8667,62.1816,977,100,0,100,0,0,0,0,0,0,11.5635,0.8146,12.9366,276.4513,36.8887,341.65,252.7373,36.1974,316.68,23.714,1.0398,25.64,2371.4,103.9827,2564,2229.3333,79.6902,2323,48.2667,15.818,84,0,0,0,0.2667,0.4577,1,8.9333,0.7037,10,0,0,0,0.0667,0.2582,1,0.0667,0.2582,1,0,0,0,0,0,0,0,0,0,251.3333,14.3062,279,1448.3333,528.0491,3351,109470.6,19553.6395,169685,185.3303,47.0136,334.238,28.182,5.7822,39.8499,0.2139,0.0534,0.3751,0.4559,0.0188,0.481,0.5175,0.0376,0.5711,868.8667,62.1816,977,5213.2,373.0896,5862,0,0,0,0,0,0,0,0,0,0.2667,0.4577,1,81.7333,39.0631,152,7.3333,5.0943,17,9.1333,4.7339,18,25.3333,5.0662,32,25.3333,5.0662,32,304.4,28.3695,348,0.0209,0.016,0.0511
stress,small,6,0.3,cbs-poisson-stress,greedy,cbs,15,856.0667,64.3234,1034,100,0,100,0,0,0,0,0,0,11.7383,0.8175,13.3333,269.3573,27.3426,330.62,245.6373,27.2562,306.64,23.72,0.634,24.82,2372,63.4046,2482,2221.6667,80.4165,2348,55.1333,15.6929,89,0,0,0,0.3333,0.6172,2,8.6667,0.8165,10,0,0,0,0.0667,0.2582,1,0.0667,0.2582,1,0,0,0,0,0,0,0,0,0,247.6667,14.9889,290,1209.2,532.8755,3129,96191.8,16106.955,150539,167.6475,47.7105,300.1662,2.7502,1.5247,7.3042,0.1973,0.0598,0.3595,0.4635,0.0262,0.5013,0.4966,0.0429,0.5663,856.0667,64.3234,1034,5136.4,385.9402,6204,0,0,0,0,0,0,0,0,0,0.3333,0.6172,2,74.2,28.5086,139,7.9333,4.3337,19,9.6667,4.3205,20,26.9333,8.916,48,26.9333,8.916,48,304.6667,21.4931,332,0.0259,0.018,0.0479
stress,small,6,inf,cbs-batch-normal,hungarian,cbs,15,531.1333,28.3546,593,100,0,100,0,0,0,0,0,0,18.8778,1.0086,21.1416,241.924,7.1992,253.22,216.126,6.9973,227.87,25.798,0.8923,27.42,2579.8,89.2262,2742,2234.6667,92.9198,2351,112.1333,17.2124,142,0,0,0,0,0,0,1.2667,0.9612,3,0.2,0.414,1,0.1333,0.3519,1,0.1333,0.3519,1,0,0,0,0,0,0,0,0,0,179.4,7.7164,196,1722.9333,716.2042,3440,178626.8667,16710.1678,223697,283.9654,49.9626,413.5718,3.7415,1.7567,8.5005,0.5339,0.0815,0.7412,0.8113,0.0452,0.8655,0.4143,0.0724,0.532,531.1333,28.3546,593,3186.8,170.1273,3558,0,0,0,0,0,0,0,0,0,0,0,0,13.4,2.0976,16,11.2667,4.0965,19,14.4,3.6214,20,31.1333,9.5459,60,31.1333,9.5459,60,21.4667,47.5663,153,0.1893,0.0567,0.3841
stress,small,6,inf,cbs-batch-normal,pact-proxy,cbs,15,525.5333,40.0658,600,100,0,100,0,0,0,0,0,0,19.1304,1.4401,21.978,243.4433,9.8392,263.24,217.6367,8.9692,236.15,25.8067,1.0352,27.28,2580.6667,103.522,2728,2239.7333,112.3213,2423,111.8,19.6512,139,0,0,0,0,0,0,1.1333,0.5164,2,0.1333,0.3519,1,0,0,0,0,0,0,0,0,0,0,0,0,0,0,0,178.3333,7.8255,195,1363.2,65.4841,1442,166261.4,10593.7032,186676,251.2526,21.8653,299.4497,3.7835,0.9901,6.8451,0.4815,0.0635,0.6013,0.8208,0.0379,0.8956,0.387,0.0542,0.4776,525.5333,40.0658,600,3153.2,240.3947,3600,0,0,0,0,0,0,0,0,0,0,0,0,13.4,2.8735,16,10.8,4.5857,19,13.4,3.8693,21,36.2,16.9039,75,36.2,16.9039,75,10.8,36.0321,141,0.1902,0.0406,0.3304
stress,small,6,inf,cbs-batch-normal,pact,cbs,15,539.8,38.6471,613,100,0,100,0,0,0,0,0,0,18.6122,1.3023,21.0084,246.8253,10.1464,265.24,220.5827,9.2275,236.7,26.2427,1.0956,28.54,2624.2667,109.5572,2854,2279.2,114.3786,2454,112.4,19.8523,158,0,0,0,0,0,0,1.6,0.7368,3,0.0667,0.2582,1,0.0667,0.2582,1,0.0667,0.2582,1,0,0,0,0,0,0,0,0,0,180.8,7.8758,191,1905.6667,740.5847,3587,192049.0667,20878.2516,243921,322.3854,55.8955,443.0034,24.9431,4.704,34.4698,0.6008,0.1185,0.8636,0.8125,0.0406,0.878,0.4263,0.0693,0.5585,539.8,38.6471,613,3238.8,231.8827,3678,0,0,0,0,0,0,0,0,0,0,0,0,14.2667,1.6676,16,11.6667,4.4024,19,13.8,3.8582,20,32.6,9.3335,48,32.6,9.3335,48,9.7333,26.639,105,0.1845,0.0448,0.343
stress,small,6,inf,cbs-batch-normal,greedy,cbs,15,526.2,29.297,573,100,0,100,0,0,0,0,0,0,19.0595,1.0671,21.097,241.362,8.2881,250.04,215.1933,7.2927,223.9,26.1687,1.1276,27.63,2616.8667,112.7601,2763,2263.8,102.9842,2382,108.1333,16.5869,151,0,0,0,0,0,0,1.0667,0.7988,2,0.0667,0.2582,1,0.2,0.414,1,0.2,0.414,1,0,0,0,0,0,0,0,0,0,181.6,8.2877,196,1821.2667,873.5719,3684,194412.6,52680.6208,373845,324.588,124.0265,665.1684,3.1342,1.5302,6.9464,0.6105,0.2012,1.1609,0.83,0.0346,0.8695,0.3936,0.0561,0.5024,526.2,29.297,573,3157.2,175.782,3438,0,0,0,0,0,0,0,0,0,0,0,0,14.4667,2.1996,16,10.8667,5.0972,21,13.4667,4.5177,22,35.8,12.7906,70,35.8,12.7906,70,9.1333,20.2515,68,0.1842,0.0226,0.2484
stress,small,6,inf,cbs-batch-stress,hungarian,cbs,15,918.4667,284.388,1919,99.1333,3.3566,100,0.8667,3.3566,13,0.0667,0.2582,1,11.3829,2.0784,13.0208,416.4434,30.8106,480.58,392.8587,30.2584,456.44,23.5847,0.7756,24.75,2337.2667,93.7066,2475,2172.4,91.2624,2313,159.9333,384.1695,1548,0,0,0,0.4,0.6325,2,8.4,0.7368,9,0.0667,0.2582,1,0,0,0,0,0,0,0,0,0,0,0,0,0,0,0,260.2667,56.2361,457,1108.2667,230.2491,1918,105740.0667,39761.9089,244421,172.8752,63.2757,383.4148,3.802,2.3997,10.6167,0.188,0.0311,0.2592,0.4549,0.046,0.5012,0.4863,0.0765,0.5699,918.4667,284.388,1919,5510.8,1706.3282,11514,0,0,0,0,0,0,0,0,0,0.4,0.6325,2,149.6,237.153,1001,109.8,389.0336,1516,113.6667,387.9819,1516,130.4,383.7363,1516,130.4,383.7363,1516,295.8,28.9882,344,0.0248,0.0187,0.0526
stress,small,6,inf,cbs-batch-stress,pact-proxy,cbs,15,827.4667,49.467,926,100,0,100,0,0,0,0,0,0,12.1258,0.7308,13.2979,423.7393,24.7434,458.35,400.318,23.9247,433.55,23.4213,1.1446,25.46,2342.1333,114.4601,2546,2174.5333,110.6422,2328,64.3333,18.4107,109,0,0,0,0.1333,0.3519,1,8.7333,0.7988,10,0.0667,0.2582,1,0.1333,0.3519,1,0.1333,0.3519,1,0,0,0,0,0,0,0,0,0,241.7333,10.7002,263,1408.6667,710.5631,3062,108010.6667,17485.7472,141864,190.5764,56.5464,300.8886,3.8142,1.5352,7.6618,0.2295,0.0628,0.3621,0.4725,0.0211,0.5084,0.5114,0.0372,0.5793,827.4667,49.467,926,4964.8,296.8018,5556,0,0,0,0,0,0,0,0,0,0.1333,0.3519,1,86.9333,24.9785,129,9.8,5.0171,18,12.3333,5.5635,25,30.8,12.3474,61,30.8,12.3474,61,311,21.2233,336,0.0176,0.0136,0.0481
stress,small,6,inf,cbs-batch-stress,pact,cbs,15,837.7333,51.7321,943,100,0,100,0,0,0,0,0,0,11.9788,0.7262,12.9534,425.5773,24.9745,472.86,401.7033,24.1942,447.01,23.874,1.1984,26.18,2387.4,119.8438,2618,2215.5333,140.3627,2430,56.1333,9.6944,75,0,0,0,0.1333,0.3519,1,8.8,1.0823,10,0.0667,0.2582,1,0,0,0,0,0,0,0,0,0,0,0,0,0,0,0,243.2,10.2274,265,1395.2667,223.6248,2126,111919.2,8352.935,125632,192.1222,31.1085,247.399,28.4729,7.7084,40.9326,0.2294,0.0345,0.2857,0.4755,0.0144,0.4914,0.5125,0.0656,0.6109,837.7333,51.7321,943,5026.4,310.3926,5658,0,0,0,0,0,0,0,0,0,0.1333,0.3519,1,86.6,24.0291,130,8.9333,3.8816,16,11.3333,3.4365,17,24.3333,4.761,33,24.3333,4.761,33,304.5333,25.0424,338,0.0248,0.0156,0.051
stress,small,6,inf,cbs-batch-stress,greedy,cbs,15,835.2,60.3161,956,100,0,100,0,0,0,0,0,0,12.0312,0.864,13.8313,413.458,22.1796,448.92,389.7953,21.5091,423.78,23.6627,0.9744,25.14,2366.2667,97.4434,2514,2212.7333,101.0109,2347,53.4,11.6116,75,0,0,0,0.1333,0.3519,1,8.7333,0.7988,10,0,0,0,0,0,0,0,0,0,0,0,0,0,0,0,0,0,0,244.8667,11.7222,267,1098.9333,95.8343,1319,95755.6,8294.9457,108774,168.6506,31.2406,247.4111,2.2369,0.4314,3.4503,0.2035,0.0428,0.2963,0.4736,0.0252,0.5191,0.4896,0.0645,0.5564,835.2,60.3161,956,5011.2,361.8964,5736,0,0,0,0,0,0,0,0,0,0.1333,0.3519,1,84.2667,16.748,107,6.9333,3.575,15,9.2667,3.3693,16,30.8,14.0163,72,30.8,14.0163,72,296,27.3809,342,0.0222,0.0144,0.0513
stress,small,8,0.3,pp-poisson-normal,hungarian,pp,15,533,26.9974,583,100,0,100,0,0,0,0,0,0,18.8061,0.9403,20.2429,95.8827,18.9161,125.58,68.462,18.3272,99.3,27.4207,1.7063,30.14,2742.0667,170.631,3014,2504.3333,132.4336,2691,231.0667,37.2088,320,0,0,0,0,0,0,0.7333,0.7037,2,0.4,0.5071,1,0,0,0,0,0,0,0,0,0,0,0,0,0,0,0,173.0667,8.2503,187,1353.8667,71.3321,1474,203838.3333,16849.8261,231757,283.3701,34.6604,350.5625,3.4435,1.0535,6.9569,0.5319,0.0619,0.6202,0.6433,0.0285,0.685,0.4123,0.058,0.5068,533,26.9974,583,4264,215.9788,4664,0,0,0,0,0,0,0,0,0,0,0,0,14.3333,1.633,16,13.6667,3.1547,18,31.3333,18.0383,92,83.8,41.6537,222,83.8,41.6537,222,12.0667,31.7838,119,0.2117,0.0639,0.3996
stress,small,8,0.3,pp-poisson-normal,pact-proxy,pp,15,549.4667,27.0393,603,100,0,100,0,0,0,0,0,0,18.242,0.9282,20.7039,109.202,19.8531,143.01,80.9693,19.3571,112.7,28.2327,1.3257,30.31,2823.2667,132.5742,3031,2559.2,86.849,2687,231.2,44.2012,292,0,0,0,0,0,0,0.8667,0.7432,2,0.4667,0.6399,2,0,0,0,0,0,0,0,0,0,0,0,0,0,0,0,179.4667,6.6748,194,1405.2,51.4479,1536,211577.8,15484.2056,247400,286.4086,32.432,353.4267,4.4039,1.0397,7.5628,0.5211,0.0498,0.5936,0.6431,0.0316,0.7016,0.4104,0.0331,0.4729,549.4667,27.0393,603,4395.7333,216.3144,4824,0,0,0,0,0,0,0,0,0,0,0,0,14.2667,1.8696,16,13.4667,3.9437,21,34.4667,17.4432,77,101.8667,48.3157,246,101.8667,48.3157,246,2.6667,5.7404,23,0.1993,0.0308,0.2751
stress,small,8,0.3,pp-poisson-normal,pact,pp,15,555.2667,39.6727,630,100,0,100,0,0,0,0,0,0,18.0934,1.2634,20.284,105.6133,13.5765,123.26,77.6253,12.6356,95.13,27.988,1.3575,30.67,2798.8,135.7451,3067,2582.5333,101.6414,2723,203.8667,29.0317,254,0,0,0,0,0,0,1,0.7559,2,0.3333,0.6172,2,0,0,0,0,0,0,0,0,0,0,0,0,0,0,0,180.7333,8.1807,196,1684.8,80.9375,1806,228972.2667,13293.1405,250365,317.1967,31.8583,380.2138,41.758,11.1358,65.4863,0.5743,0.072,0.6837,0.6323,0.0434,0.6881,0.398,0.054,0.4704,555.2667,39.6727,630,4442.1333,317.3817,5040,0,0,0,0,0,0,0,0,0,0,0,0,13.8667,2.2318,16,13.8667,3.9976,20,29.4667,11.655,52,86.6667,32.8865,173,86.6667,32.8865,173,1.8667,1.4573,5,0.1864,0.0213,0.252
stress,small,8,0.3,pp-poisson-normal,greedy,pp,15,533.1333,28.7051,574,100,0,100,0,0,0,0,0,0,18.8087,1.0296,20.8333,99.6933,20.4176,149.61,72.0173,20.0408,120.88,27.676,1.1143,29.6,2767.6,111.4334,2960,2559.1333,93.3648,2722,210.7333,26.3234,253,0,0,0,0,0,0,0.8667,0.7432,2,0.7333,0.7988,2,0,0,0,0,0,0,0,0,0,0,0,0,0,0,0,174.2667,7.1361,184,1367.3333,54.7405,1441,206543.2,11756.2115,228531,288.153,39.3137,361.9646,3.7421,2.6411,13.0559,0.5416,0.0776,0.6988,0.6503,0.0363,0.7115,0.4076,0.0436,0.4877,533.1333,28.7051,574,4265.0667,229.6405,4592,0,0,0,0,0,0,0,0,0,0,0,0,14.2,2.1778,16,12.8,3.4059,18,25.3333,6.8417,40,78.8667,20.5039,115,78.8667,20.5039,115,7.4,25.3597,99,0.1987,0.0409,0.3005
stress,small,8,0.3,pp-poisson-stress,hungarian,pp,15,811.7333,44.0267,893,100,0,100,0,0,0,0,0,0,12.3527,0.6609,13.5501,239.972,29.1441,276.14,215.842,28.761,250.03,24.13,1.5514,26.73,2413,155.14,2673,2239.2667,137.934,2445,86.3333,22.0896,124,0,0,0,1.9333,0.4577,3,8.4,0.9856,10,0.0667,0.2582,1,0,0,0,0,0,0,0,0,0,0,0,0,0,0,0,235.5333,10.7495,254,936.6667,50.145,1011,101192.6667,10283.7315,117691,137.4901,11.7657,154.1622,2.5489,1.0983,5.9833,0.1695,0.0136,0.1876,0.3718,0.018,0.3998,0.3755,0.0644,0.4753,811.7333,44.0267,893,6493.8667,352.2138,7144,0,0,0,0,0,0,0,0,0,1.9333,0.4577,3,68.8,29.8716,111,9.9333,4.8766,22,16.2,5.6846,25,45.1333,21.1385,97,45.1333,21.1385,97,435.9333,30.9688,500,0.0004,0.0005,0.0016
stress,small,8,0.3,pp-poisson-stress,pact-proxy,pp,15,957.4667,350.5785,1840,99.3333,1.9149,100,0.6667,1.9149,7,0.1333,0.3519,1,11.2276,2.5204,13.3869,259.7619,22.1251,313.01,235.0003,21.4865,285.56,24.7616,1.1936,27.45,2459.4,123.3947,2745,2296.8,96.8764,2511,252.8667,437.0444,1373,0,0,0,2.2,0.6761,4,8.6667,1.0465,11,0.0667,0.2582,1,0,0,0,0,0,0,0,0,0,0,0,0,0,0,0,264.4,69.0215,440,1078,335.3329,1990,119521.4,48049.6511,238893,159.0663,58.9539,299.0678,3.1946,1.1766,6.9441,0.1665,0.019,0.1965,0.3583,0.0464,0.3984,0.3697,0.053,0.4285,957.4667,350.5785,1840,7659.7333,2804.6278,14720,0,0,0,0,0,0,0,0,0,2.2,0.6761,4,183.9333,332.3848,1001,143.5333,338.2877,1101,147.9333,337.3304,1104,168.8,329.7263,1108,166.1333,330.7167,1108,425.4667,27.8846,477,0.0002,0.0001,0.0004
stress,small,8,0.3,pp-poisson-stress,pact,pp,15,839.2,57.269,965,100,0,100,0,0,0,0,0,0,11.9667,0.7981,13.4228,252.9047,32.0211,293.58,228.2153,31.6551,268.81,24.6893,0.9444,25.76,2468.9333,94.4355,2576,2291.8667,73.0126,2407,80.9333,24.6561,142,0,0,0,2.0667,0.4577,3,8.5333,0.9155,10,0.0667,0.2582,1,0,0,0,0,0,0,0,0,0,0,0,0,0,0,0,240.4667,14.4512,271,1210.7333,46.0194,1298,110186.2667,15235.1476,141763,150.866,21.7457,198.5436,26.434,5.3589,37.2657,0.1805,0.0278,0.2282,0.3688,0.02,0.3978,0.3635,0.0596,0.4257,839.2,57.269,965,6713.6,458.1523,7720,0,0,0,0,0,0,0,0,0,2.0667,0.4577,3,55.8,27.3109,108,11.4667,5.1251,25,16.4667,5.2081,28,38.8,10.5031,64,38.8,10.5031,64,424.7333,30.0392,472,0.0002,0.0002,0.0005
stress,small,8,0.3,pp-poisson-stress,greedy,pp,15,811.4667,38.7886,915,100,0,100,0,0,0,0,0,0,12.3485,0.5642,13.1579,244.3387,18.8686,284.94,219.6933,18.7321,259.31,24.6453,0.9251,26.02,2464.5333,92.507,2602,2306.9333,70.6364,2452,75.6667,20.8281,129,0,0,0,1.9333,0.4577,3,8.5333,0.9155,10,0,0,0,0,0,0,0,0,0,0,0,0,0,0,0,0,0,0,234.9333,10.0816,263,936.2,25.8186,986,99746,10690.8459,118624,138.0653,19.538,179.5869,3.2073,2.9248,11.5017,0.1704,0.0253,0.2256,0.38,0.0133,0.4046,0.3617,0.0501,0.4282,811.4667,38.7886,915,6491.7333,310.3085,7320,0,0,0,0,0,0,0,0,0,1.9333,0.4577,3,51.8,17.749,92,9.0667,4.0438,17,14.9333,6.1466,31,40.2667,17.734,76,40.2667,17.734,76,420.2667,24.6735,466,0.0003,0.0004,0.0015
stress,small,8,inf,pp-batch-normal,hungarian,pp,15,524.4,24.3451,565,100,0,100,0,0,0,0,0,0,19.1081,0.8943,20.7039,252.3673,9.9356,269.72,224.366,9.5054,240.87,28.0013,1.2252,30.19,2800.1333,122.5211,3019,2554.3333,80.6241,2660,217.7333,29.5187,266,0,0,0,0,0,0,0.8667,0.9155,2,0.2,0.414,1,0,0,0,0,0,0,0,0,0,0,0,0,0,0,0,174.6667,5.9,185,1360,45.899,1409,211817.2,12329.6743,237127,272.1639,29.9077,320.2981,3.0813,0.4922,4.2436,0.5196,0.0576,0.6183,0.6686,0.039,0.7276,0.422,0.0619,0.5168,524.4,24.3451,565,4195.2,194.7611,4520,0,0,0,0,0,0,0,0,0,0,0,0,14,2.0354,16,15.0667,4.5586,28,29.2667,6.8917,43,83.4,29.7269,142,83.4,29.7269,142,10.3333,23.4724,68,0.2146,0.0617,0.3998
stress,small,8,inf,pp-batch-normal,pact-proxy,pp,15,529.3333,34.5433,589,100,0,100,0,0,0,0,0,0,18.9645,1.1965,20.4082,252.8613,11.7862,275.14,224.8073,11.3705,245.91,28.054,0.8277,29.38,2805.4,82.774,2938,2533.8,98.1407,2687,232.8,23.9798,278,0,0,0,0,0,0,0.5333,0.5164,1,0.7333,0.5936,2,0,0,0,0,0,0,0,0,0,0,0,0,0,0,0,173.8667,8.8226,191,1367.8,64.7955,1482,210646.2667,10228.207,228958,283.1564,25.3356,341.2435,3.8517,0.5192,5.2176,0.5354,0.0395,0.5915,0.6646,0.0385,0.7092,0.4071,0.0371,0.4599,529.3333,34.5433,589,4234.6667,276.3462,4712,0,0,0,0,0,0,0,0,0,0,0,0,14.3333,1.7182,16,15,1.7728,18,27.2,11.7971,51,73.9333,32.1013,162,73.9333,32.1013,162,1,1.3093,5,0.1974,0.0245,0.2557
stress,small,8,inf,pp-batch-normal,pact,pp,15,539.6667,40.1936,653,100,0,100,0,0,0,0,0,0,18.6179,1.2714,20.3252,255.348,16.0144,298.94,227.0107,15.3603,268.4,28.3373,1.0693,30.54,2833.7333,106.9262,3054,2578.9333,100.8871,2802,219.1333,28.8069,266,0,0,0,0,0,0,0.9333,0.7988,2,0.2,0.414,1,0,0,0,0,0,0,0,0,0,0,0,0,0,0,0,174.5333,9.3187,196,1624.4667,91.8476,1827,226944.7333,11958.6519,241531,294.8093,28.0764,342.4246,33.9118,7.8163,44.7032,0.549,0.0662,0.6393,0.6588,0.0427,0.7274,0.4014,0.0486,0.4668,539.6667,40.1936,653,4317.3333,321.5486,5224,0,0,0,0,0,0,0,0,0,0,0,0,14.3333,1.8772,16,14.4667,6.7068,36,28.4,10.0271,56,80.6667,30.5232,159,80.6667,30.5232,159,2.7333,3.7506,15,0.1914,0.0244,0.26
stress,small,8,inf,pp-batch-normal,greedy,pp,15,529.0667,32.5367,588,100,0,100,0,0,0,0,0,0,18.9663,1.1351,20.3252,255.686,11.8099,272.77,227.2347,11.0083,243.35,28.4513,1.1458,30.44,2845.1333,114.578,3044,2556.0667,94.5806,2702,241.8,34.6662,322,0,0,0,0,0,0,0.8667,0.7432,2,0.8,0.9411,3,0,0,0,0,0,0,0,0,0,0,0,0,0,0,0,175.3333,7.6687,194,1370.1333,49.2934,1473,219808.4,14185.2607,255045,277.5016,31.5659,340.4936,2.8856,0.6729,4.8229,0.5257,0.0607,0.6535,0.6739,0.0376,0.7235,0.4147,0.0427,0.4885,529.0667,32.5367,588,4232.5333,260.2938,4704,0,0,0,0,0,0,0,0,0,0,0,0,14.2667,1.5337,16,15.0667,3.4115,23,32.9333,8.3791,51,99.8,31.4352,161,99.8,31.4352,161,7.9333,19.4145,66,0.2001,0.0439,0.3263
stress,small,8,inf,pp-batch-stress,hungarian,pp,15,806.2,30.1169,857,100,0,100,0,0,0,0,0,0,12.4199,0.4608,13.089,405.9027,21.546,442.7,381.41,21.3161,418.17,24.4927,0.9959,27.08,2449.2667,99.5938,2708,2278.2,78.3647,2381,84.3333,24.7781,127,0,0,0,2,0,2,8.5333,0.9155,10,0.0667,0.2582,1,0,0,0,0,0,0,0,0,0,0,0,0,0,0,0,235.4,10.9009,253,929.1333,33.2047,989,105133.6,11430.4173,128924,135.5974,14.3952,163.8683,1.882,0.1719,2.1642,0.1684,0.0187,0.1968,0.3799,0.0133,0.4011,0.3676,0.0362,0.4197,806.2,30.1169,857,6449.6,240.9353,6856,0,0,0,0,0,0,0,0,0,2,0,2,75.8,25.0861,120,9.6,4.2393,16,14.6,4.1542,22,44.2,20.7612,93,44.2,20.7612,93,432.8,26.3986,480,0.0002,0.0002,0.0007
stress,small,8,inf,pp-batch-stress,pact-proxy,pp,15,820.0667,37.6572,873,100,0,100,0,0,0,0,0,0,12.2194,0.5903,13.8313,415.7393,16.4399,445.56,390.742,15.9821,421.84,24.9973,1.2527,26.97,2499.7333,125.2685,2697,2297,107.6263,2485,91.7333,21.8484,137,0,0,0,2.1333,0.3519,3,8.5333,1.2459,10,0.3333,0.6172,2,0,0,0,0,0,0,0,0,0,0,0,0,0,0,0,237.4,9.0459,251,937.8,36.8592,1003,107038.4667,12101.9742,120397,141.1232,14.6274,160.9957,2.6105,0.3028,3.1594,0.1726,0.0216,0.2158,0.3814,0.0175,0.4034,0.3622,0.0633,0.414,820.0667,37.6572,873,6560.5333,301.2578,6984,0,0,0,0,0,0,0,0,0,2.1333,0.3519,3,67.4,23.6698,112,12.1333,11.5935,49,20.6,12.631,49,51.6667,21.5163,99,51.4,21.5764,99,441.1333,33.166,500,0.0002,0.0002,0.0009
stress,small,8,inf,pp-batch-stress,pact,pp,15,812.1333,44.3603,886,100,0,100,0,0,0,0,0,0,12.3476,0.6742,13.4228,409.3587,20.5597,457.76,384.674,19.672,431.1,24.6847,1.2373,26.66,2468.4667,123.726,2666,2295.4667,135.9763,2530,76,21.5241,111,0,0,0,2,0,2,8.8,0.7746,10,0.2667,0.7037,2,0,0,0,0,0,0,0,0,0,0,0,0,0,0,0,234.2667,11.967,256,1183.6,42.1033,1260,113754.3333,10502.2722,134789,148.6463,16.9939,193.9804,23.1403,4.2561,30.7165,0.183,0.0178,0.2201,0.3802,0.0111,0.402,0.3805,0.0322,0.4131,812.1333,44.3603,886,6497.0667,354.8826,7088,0,0,0,0,0,0,0,0,0,2,0,2,76.4667,19.8993,114,8.4,4.7929,19,13.9333,4.6363,24,46.5333,15.6245,80,46.5333,15.6245,80,430.1333,37.9056,471,0.0003,0.0004,0.0015
stress,small,8,inf,pp-batch-stress,greedy,pp,15,868.4,270.8083,1838,99.7333,1.0328,100,0.2667,1.0328,4,0.0667,0.2582,1,12.0532,1.9807,13.7363,399.4412,16.743,421.56,375.0095,16.3785,396.53,24.4318,0.8183,25.45,2436.6667,85.7469,2545,2272.2,88.7357,2403,171,361.0781,1475,0,0,0,2.0667,0.2582,3,8.3333,0.8997,10,0.0667,0.2582,1,0,0,0,0,0,0,0,0,0,0,0,0,0,0,0,246.8,52.5577,434,991.3333,295.0137,2052,112069.0667,41136.5547,256986,143.6762,44.9653,299.9393,1.8939,0.4439,2.9523,0.1663,0.0207,0.216,0.3741,0.0364,0.4114,0.3484,0.0489,0.4278,868.4,270.8083,1838,6947.2,2166.4661,14704,0,0,0,0,0,0,0,0,0,2.0667,0.2582,3,130.2,241.5741,1001,101.4667,357.8611,1395,105.7333,356.681,1395,126.9333,351.0017,1395,126.9333,351.0017,1395,431.8,27.6591,466,0.0002,0.0002,0.0006
stress,small,8,0.3,cbs-poisson-normal,hungarian,cbs,15,477.8,32.5208,538,100,0,100,0,0,0,0,0,0,21.0206,1.4414,23.3645,69.2027,16.4304,100.17,45.29,15.8999,76.48,23.9127,1.2013,25.85,2391.2667,120.1341,2585,2317.9333,116.9478,2463,151.5333,17.012,178,0,0,0,0,0,0,0.4667,0.6399,2,0.6,0.8281,2,0,0,0,0,0,0,0,0,0,0,0,0,0,0,0,168,8.652,187,1723.9333,180.0085,2189,200841.4,12892.732,224649,292.8902,23.6537,330.2223,3.2591,0.3447,3.8839,0.6153,0.0619,0.7539,0.627,0.0335,0.6907,0.418,0.053,0.4818,477.8,32.5208,538,3822.4,260.1661,4304,0,0,0,0,0,0,0,0,0,0,0,0,12.3333,3.0394,16,10.4667,2.9729,16,14.6,3.3338,23,42.6667,11.0561,66,42.6667,11.0561,66,1.8,3.4059,13,0.2335,0.0704,0.4316
stress,small,8,0.3,cbs-poisson-normal,pact-proxy,cbs,15,485.0667,34.1184,553,100,0,100,0,0,0,0,0,0,20.7066,1.3866,22.6244,80.5693,14.5947,102.74,55.8327,14.2032,76.88,24.7367,0.8562,26.62,2473.6667,85.6193,2662,2361.9333,76.5464,2501,153,22.659,214,0,0,0,0,0,0,0.2,0.414,1,0.0667,0.2582,1,0,0,0,0,0,0,0,0,0,0,0,0,0,0,0,170,7.9732,188,1682.1333,121.8605,2048,200331.6,9402.5561,219177,287.03,19.6965,313.5278,4.1131,0.845,6.6306,0.5945,0.0588,0.6896,0.6395,0.0356,0.6929,0.4134,0.0347,0.4561,485.0667,34.1184,553,3880.5333,272.9474,4424,0,0,0,0,0,0,0,0,0,0,0,0,13.2,2.9081,16,12.5333,4.3403,18,16,3.0472,21,47.0667,12.0325,73,47.0667,12.0325,73,0.6667,1.291,5,0.2182,0.0414,0.3135
stress,small,8,0.3,cbs-poisson-normal,pact,cbs,15,496.6,32.8325,569,100,0,100,0,0,0,0,0,0,20.2176,1.3121,22.4215,77.1533,13.3051,97.96,52.388,12.4631,72.19,24.7653,1.1454,26.69,2476.5333,114.5419,2669,2418.3333,95.1935,2586,126.7333,21.2954,160,0,0,0,0,0,0,0.9333,0.5936,2,0.2,0.414,1,0,0,0,0,0,0,0,0,0,0,0,0,0,0,0,172.4667,8.3141,192,1997.7333,149.9864,2483,227490.6,10943.4326,246355,333.2561,27.4877,388.9374,44.5498,5.586,55.4649,0.6729,0.0628,0.8492,0.6251,0.0371,0.6796,0.4022,0.0541,0.4588,496.6,32.8325,569,3972.8,262.6598,4552,0,0,0,0,0,0,0,0,0,0,0,0,13.2,2.7826,16,11.2,3.4476,16,13.6667,2.8452,17,43.9333,10.9705,72,43.9333,10.9705,72,1.5333,1.5055,5,0.1998,0.0411,0.3221
stress,small,8,0.3,cbs-poisson-normal,greedy,cbs,15,480.4667,21.5037,518,100,0,100,0,0,0,0,0,0,20.8516,0.9216,22.0264,74.3053,18.3482,120.21,49.58,17.9038,94.41,24.7253,1.0113,26.17,2472.5333,101.1328,2617,2368.8,83.2888,2496,156.2667,22.4291,210,0,0,0,0,0,0,0.4,0.5071,1,0.4,0.6325,2,0.0667,0.2582,1,0.0667,0.2582,1,0,0,0,0,0,0,0,0,0,167.4,5.1242,179,1785.6,513.5434,3634,209598.5333,17106.6119,266262,307.098,49.3922,471.8886,3.3838,1.3085,6.7079,0.6415,0.1159,1.0126,0.6439,0.0265,0.6842,0.4173,0.0474,0.524,480.4667,21.5037,518,3843.7333,172.0297,4144,0,0,0,0,0,0,0,0,0,0,0,0,12.3333,2.4976,16,12.3333,3.5389,19,16.2,4.4272,27,50.0667,17.3224,96,50.0667,17.3224,96,0.8667,1.2459,3,0.2218,0.0449,0.3485
stress,small,8,0.3,cbs-poisson-stress,hungarian,cbs,15,784.4,42.9565,865,100,0,100,0,0,0,0,0,0,12.7842,0.6972,14.1243,227.9353,26.7064,256.76,204.9767,26.4051,232.79,22.9587,0.8544,23.97,2295.8667,85.4399,2397,2177.5333,119.3811,2311,76.4667,37.048,178,0,0,0,1.9333,0.4577,3,8.2667,0.7037,9,0,0,0,0,0,0,0,0,0,0,0,0,0,0,0,0,0,0,235.1333,10.5212,254,1152.2,71.7169,1359,106911.6667,10887.8407,137147,169.2219,19.7485,226.4167,2.3074,1.0335,5.978,0.2169,0.033,0.3068,0.3664,0.0156,0.3924,0.3707,0.0615,0.4626,784.4,42.9565,865,6275.2,343.6517,6920,0,0,0,0,0,0,0,0,0,1.9333,0.4577,3,65.1333,29.6066,117,15.5333,20.4446,81,17.6,19.7079,81,33.8667,15.2262,83,29.1333,6.1629,45,449.9333,32.9555,500,0.0004,0.0005,0.0018
stress,small,8,0.3,cbs-poisson-stress,pact-proxy,cbs,15,791.8667,33.5833,873,100,0,100,0,0,0,0,0,0,12.649,0.5217,13.4953,247.9907,18.5045,289.05,224.4007,18.1818,263.49,23.59,1.0035,25.56,2359,100.3508,2556,2256.1333,67.9631,2391,62.6667,17.5689,103,0,0,0,1.8667,0.3519,2,8.4,0.6325,10,0,0,0,0,0,0,0,0,0,0,0,0,0,0,0,0,0,0,233.8,6.0261,245,1250.9333,262.6917,1857,103899.8,9862.6652,119728,161.4755,16.179,189.2041,2.6653,0.3269,3.5514,0.2043,0.0225,0.2423,0.3727,0.0157,0.4003,0.3792,0.0411,0.4484,791.8667,33.5833,873,6334.9333,268.6664,6984,0,0,0,0,0,0,0,0,0,1.8667,0.3519,2,58.0667,21.1541,99,9,4.6904,15,11.6,4.372,21,30.4,11.5189,65,30.4,11.5189,65,432.6,24.5322,474,0.0003,0.0003,0.0011
stress,small,8,0.3,cbs-poisson-stress,pact,cbs,15,810,54.3363,965,100,0,100,0,0,0,0,0,0,12.3944,0.7841,13.986,242.91,32.1171,289.71,219.264,31.599,264.99,23.646,0.7609,24.95,2364.6,76.0862,2495,2243.5333,92.169,2375,58.7333,10.5996,77,0,0,0,2.0667,0.2582,3,8.5333,0.8338,10,0,0,0,0.0667,0.2582,1,0.0667,0.2582,1,0,0,0,0,0,0,0,0,0,237.3333,12.6529,274,1526.2,530.1683,3386,118221.3333,17948.705,178414,178.9839,50.8051,350.0289,25.2216,5.2001,33.6944,0.2227,0.067,0.4386,0.3658,0.0163,0.3874,0.3687,0.0406,0.411,810,54.3363,965,6480,434.69,7720,0,0,0,0,0,0,0,0,0,2.0667,0.2582,3,54.6,28.7596,112,9.0667,4.4476,17,11.4667,4.1553,18,31.0667,10.7402,50,31.0667,10.7402,50,442,25.2162,486,0.0003,0.0004,0.0013
stress,small,8,0.3,cbs-poisson-stress,greedy,cbs,15,775,25.7183,810,100,0,100,0,0,0,0,0,0,12.9166,0.4326,13.7363,229.2533,21.1204,267.79,205.8047,21.1952,244.16,23.4487,0.5493,24.33,2344.8667,54.9284,2433,2239.6,81.9362,2401,67.8,23.8962,118,0,0,0,1.8667,0.3519,2,8.2667,0.5936,10,0,0,0,0,0,0,0,0,0,0,0,0,0,0,0,0,0,0,231.9333,5.4046,244,1210.4667,185.4488,1767,105090.7333,8244.1883,120514,164.3167,18.0228,208.2872,1.8408,0.3948,2.8815,0.2124,0.0254,0.2677,0.3785,0.0111,0.4061,0.3617,0.0296,0.4154,775,25.7183,810,6200,205.746,6480,0,0,0,0,0,0,0,0,0,1.8667,0.3519,2,50.3333,14.9936,81,8.2,5.2942,21,11.4667,4.8824,21,30.7333,13.4136,71,30.7333,13.4136,71,427.4667,22.0093,461,0.0002,0.0001,0.0005
stress,small,8,inf,cbs-batch-normal,hungarian,cbs,15,463.6667,27.4608,503,100,0,100,0,0,0,0,0,0,21.6376,1.2753,23.753,222.36,9.3427,237.37,197.3393,8.992,212.05,25.0207,0.8287,26.32,2502.0667,82.8747,2632,2355.2,67.6168,2442,161.4,19.5952,197,0,0,0,0,0,0,0.6667,0.8165,2,0.2,0.414,1,0.0667,0.2582,1,0.0667,0.2582,1,0,0,0,0,0,0,0,0,0,165.7333,6.6275,173,1760.8,525.0996,3643,214750.4667,21572.8162,282247,317.3067,47.5386,472.8654,3.4618,0.3851,4.4318,0.6875,0.1164,1.0439,0.6764,0.0391,0.7201,0.4255,0.0597,0.5258,463.6667,27.4608,503,3709.3333,219.6864,4024,0,0,0,0,0,0,0,0,0,0,0,0,13.6667,2.6637,16,12.9333,3.6736,22,16.6667,3.8483,27,47.2,17.4118,88,47.2,17.4118,88,0.9333,2.0166,8,0.2275,0.0727,0.4452
stress,small,8,inf,cbs-batch-normal,pact-proxy,cbs,15,461.8,39.0553,528,100,0,100,0,0,0,0,0,0,21.7958,1.7943,24.5098,222.1007,11.9139,244.95,197.248,10.9937,218.31,24.8527,1.0621,26.64,2485.2667,106.2137,2664,2345,108.1652,2518,152.1333,24.1391,201,0,0,0,0,0,0,0.4,0.5071,1,0.0667,0.2582,1,0,0,0,0,0,0,0,0,0,0,0,0,0,0,0,166.6,8.416,180,1671.2667,169.6835,2255,212458.6,7141.2691,220404,313.2188,25.0774,369.8429,4.3275,0.7881,6.3481,0.6839,0.0909,0.8641,0.6753,0.0364,0.728,0.4198,0.0423,0.4882,461.8,39.0553,528,3694.4,312.4422,4224,0,0,0,0,0,0,0,0,0,0,0,0,12.1333,2.9729,16,10.2667,3.3905,18,14.5333,3.1818,19,41.2,12.514,73,41.2,12.514,73,0.8667,1.4075,4,0.2256,0.0356,0.2706
stress,small,8,inf,cbs-batch-normal,pact,cbs,15,468,32.9068,543,100,0,100,0,0,0,0,0,0,21.4601,1.4144,23.4192,224.8047,9.829,245.8,199.5887,9.2406,220.87,25.216,1.1095,27.41,2521.6,110.9516,2741,2386.8,104.7393,2584,142.8,15.4282,161,0,0,0,0,0,0,0.5333,0.6399,2,0.2667,0.4577,1,0.1333,0.3519,1,0.1333,0.3519,1,0,0,0,0,0,0,0,0,0,168.2667,5.4441,181,2377.4,749.036,3899,241267.4667,25134.2773,299875,360.4835,71.6104,506.8374,34.4983,7.0099,44.0666,0.776,0.1739,1.1313,0.6754,0.038,0.7225,0.402,0.0534,0.4821,468,32.9068,543,3744,263.2544,4344,0,0,0,0,0,0,0,0,0,0,0,0,12.2,2.7045,16,10.4667,4.086,18,14.8667,3.9073,21,46,20.6605,112,46,20.6605,112,0.5333,0.5164,1,0.2051,0.0356,0.2681
stress,small,8,inf,cbs-batch-normal,greedy,cbs,15,457.4667,18.2047,493,100,0,100,0,0,0,0,0,0,21.8913,0.856,23.0947,219.258,9.2513,236.63,194.3447,8.4383,210.16,24.9133,0.9399,26.47,2491.3333,93.9929,2647,2366.0667,75.897,2464,145.8,16.2314,174,0,0,0,0,0,0,0.3333,0.488,1,0.4,0.6325,2,0,0,0,0,0,0,0,0,0,0,0,0,0,0,0,167.4667,5.0972,177,1678.2,196.0926,2368,215436.7333,10814.3682,239781,309.9703,30.5119,377.8047,3.3281,0.8032,5.6982,0.679,0.0759,0.8452,0.6814,0.0306,0.7163,0.4213,0.045,0.5235,457.4667,18.2047,493,3659.7333,145.6373,3944,0,0,0,0,0,0,0,0,0,0,0,0,12.4667,2.9244,16,11.6667,3.3947,17,14.8667,2.6421,20,40.6667,10.8408,58,40.6667,10.8408,58,0.6,1.2984,5,0.2289,0.0497,0.3547
stress,small,8,inf,cbs-batch-stress,hungarian,cbs,15,776.6,32.5638,835,100,0,100,0,0,0,0,0,0,12.8974,0.5298,13.5135,389.132,23.4382,431.04,365.6587,23.2297,407.51,23.4733,0.832,25.03,2347.3333,83.2,2503,2208.6667,67.8166,2312,78.0667,31.8332,153,0,0,0,1.9333,0.2582,2,8.2667,0.5936,10,0.2,0.414,1,0.1333,0.3519,1,0.1333,0.3519,1,0,0,0,0,0,0,0,0,0,234.1333,8.3141,247,1549.6667,765.6968,3155,125364.5333,23401.4876,177851,219.8848,75.6226,360.8675,2.9302,1.0961,6.6887,0.2854,0.1059,0.4863,0.3782,0.0156,0.4012,0.3699,0.034,0.4205,776.6,32.5638,835,6212.8,260.5103,6680,0,0,0,0,0,0,0,0,0,1.9333,0.2582,2,80.6667,25.8144,122,14.0667,13.5987,58,16.3333,13.8289,62,35.2667,11.9909,66,32.8,8.6537,48,455.2667,23.1778,490,0.0003,0.0003,0.001
stress,small,8,inf,cbs-batch-stress,pact-proxy,cbs,15,782.8667,36.6954,842,100,0,100,0,0,0,0,0,0,12.8003,0.6124,14.2248,396.456,22.1454,436.4,372.6613,21.58,412.43,23.7947,0.9242,24.99,2379.4667,92.4151,2499,2220.6,104.6052,2399,77.6,19.1042,122,0,0,0,2,0,2,8.2,0.5606,9,0.0667,0.2582,1,0,0,0,0,0,0,0,0,0,0,0,0,0,0,0,233.4667,8.6344,248,1331.6,541.1278,2709,119240.4,15976.2097,158205,194.3072,51.23,318.7226,3.5384,1.1091,7.227,0.2493,0.0706,0.4214,0.3803,0.013,0.406,0.3782,0.0283,0.4201,782.8667,36.6954,842,6262.9333,293.5632,6736,0,0,0,0,0,0,0,0,0,2,0,2,67.0667,15.3226,94,9.6667,5.2599,17,12.2,4.246,18,27.0667,6.0765,38,27.0667,6.0765,38,432.5333,25.0225,477,0.0002,0.0002,0.0007
stress,small,8,inf,cbs-batch-stress,pact,cbs,15,789.2,34.8429,843,100,0,100,0,0,0,0,0,0,12.6944,0.5665,13.5135,397.8467,15.875,425.16,374.0207,15.3708,401.6,23.826,1.0618,25.39,2382.6,106.1817,2539,2245.0667,110.7368,2390,61.4667,13.4688,85,0,0,0,2,0,2,8.6667,0.7237,10,0.1333,0.3519,1,0,0,0,0,0,0,0,0,0,0,0,0,0,0,0,235.7333,7.9054,246,1541.2,454.8849,2851,123843.9333,18370.0413,175183,212.1656,54.0736,359.9446,27.7761,5.3156,39.2436,0.2684,0.064,0.427,0.3775,0.0088,0.3904,0.3742,0.0309,0.4273,789.2,34.8429,843,6313.6,278.7433,6744,0,0,0,0,0,0,0,0,0,2,0,2,75.2667,19.6486,115,8.2,4.9598,18,11.5333,4.0509,19,28.7333,7.851,51,28.7333,7.851,51,438.2,21.9584,474,0.0002,0.0002,0.0008
stress,small,8,inf,cbs-batch-stress,greedy,cbs,15,768.9333,31.8197,844,100,0,100,0,0,0,0,0,0,13.0253,0.5258,13.9082,377.796,15.5676,404.63,354.4167,15.2943,380.18,23.3793,0.9997,24.98,2337.9333,99.9732,2498,2212.4667,87.8569,2322,70.9333,18.1599,109,0,0,0,2,0,2,8,0.6547,10,0.0667,0.2582,1,0,0,0,0,0,0,0,0,0,0,0,0,0,0,0,232,6.7295,248,1180.4667,166.6853,1682,111688.2,11793.0392,137298,176.8189,21.0396,221.9774,2.5089,0.5196,3.7434,0.2307,0.0324,0.2928,0.3804,0.0167,0.4089,0.362,0.0421,0.4339,768.9333,31.8197,844,6151.4667,254.5578,6752,0,0,0,0,0,0,0,0,0,2,0,2,69.9333,14.9067,101,10.8,5.3745,22,13,5.0143,22,29.2667,11.1577,62,29,11.3389,62,429.6,32.1488,477,0.0002,0.0002,0.0008
stress,warehouse,16,0.15,pp-poisson-normal,hungarian,pp,15,745.4,72.7636,884,100,0,100,0,0,0,0,0,0,13.5326,1.2892,15.5521,59.6767,5.4998,74.47,3.88,2.1356,10.08,55.7967,3.5178,64.39,5579.6667,351.7809,6439,7720,313.0187,8291,62.2667,20.9403,113,0,0,0,0,0,0,5.9333,2.1865,11,0.2,0.414,1,0,0,0,0,0,0,0,0,0,0,0,0,0,0,0,175.5333,13.8196,195,2706.9333,194.5374,3040,82890.8667,16571.1385,112734,169.8227,30.9743,246.8728,10.6179,4.2479,23.9601,0.2311,0.054,0.362,0.4734,0.0659,0.6016,0.3692,0.0665,0.5466,745.4,72.7636,884,11926.4,1164.2178,14144,0,0,0,0,0,0,0,0,0,0,0,0,26.2,7.7108,41,6.0667,1.6676,11,10.2,4.4753,20,32.6667,7.8619,48,32.6667,7.8619,48,8,9.1807,32,0.1075,0.0254,0.1402
stress,warehouse,16,0.15,pp-poisson-normal,pact-proxy,pp,15,761.2667,83.6758,969,100,0,100,0,0,0,0,0,0,13.2748,1.3656,15.625,60.4007,3.9835,69.11,3.9053,1.8197,8.53,56.4953,2.8451,62.31,5649.5333,284.5061,6231,7895.7333,362.881,8606,69.8667,13.9636,93,0,0,0,0,0,0,6.6667,2.743,12,0.0667,0.2582,1,0,0,0,0,0,0,0,0,0,0,0,0,0,0,0,178.1333,17.0414,208,2710.3333,226.4164,3163,86158.2,8882.2991,99722,174.411,23.4743,225.4012,13.3057,3.7439,24.2457,0.2322,0.0436,0.3267,0.468,0.046,0.5226,0.4007,0.0896,0.571,761.2667,83.6758,969,12180.2667,1338.8127,15504,0,0,0,0,0,0,0,0,0,0,0,0,24.6667,5.8757,41,8.0667,2.7894,12,13.4667,6.4903,24,36.8,12.025,69,36.8,12.025,69,13.2,15.8574,53,0.0957,0.0201,0.1377
stress,warehouse,16,0.15,pp-poisson-normal,pact,pp,15,752.8667,63.112,879,100,0,100,0,0,0,0,0,0,13.3691,1.1099,14.9477,61.102,4.6096,70.43,4.5113,1.7711,7.83,56.5907,3.5847,62.6,5659.0667,358.472,6260,7831.2667,302.1094,8364,58.8,17.2676,100,0,0,0,0,0,0,7.5333,2.8251,12,0.0667,0.2582,1,0,0,0,0,0,0,0,0,0,0,0,0,0,0,0,181.0667,15.4941,206,3502.3333,273.1223,3830,100400.3333,13101.1812,120271,204.7397,24.9516,250.7678,48.7598,7.0872,66.229,0.2741,0.0429,0.3575,0.4732,0.0524,0.5804,0.4007,0.0727,0.5086,752.8667,63.112,879,12045.8667,1009.7919,14064,0,0,0,0,0,0,0,0,0,0,0,0,28.4,10.8219,60,6.3333,1.5887,11,10.1333,3.9797,21,33.1333,6.7281,44,33.1333,6.7281,44,19.8,22.3102,64,0.0991,0.0209,0.1303
stress,warehouse,16,0.15,pp-poisson-normal,greedy,pp,15,744.8,66.2832,903,100,0,100,0,0,0,0,0,0,13.5216,1.152,15.5039,60.2,3.7274,68.85,3.646,1.1072,5.66,56.554,2.9386,63.31,5655.4,293.859,6331,7821.2,173.1111,8139,69.6,19.1528,106,0,0,0,0,0,0,6.0667,2.1202,9,0.1333,0.3519,1,0,0,0,0,0,0,0,0,0,0,0,0,0,0,0,177,11.3137,195,2714.5333,164.0208,3044,87979.8,16031.2268,110560,165.9626,20.9937,207.9873,8.7232,1.1989,11.4213,0.2258,0.0417,0.2988,0.4786,0.0548,0.5685,0.3867,0.0461,0.4441,744.8,66.2832,903,11916.8,1060.5305,14448,0,0,0,0,0,0,0,0,0,0,0,0,25.9333,10.1381,52,7.4,3.0892,15,12.6,7.1294,27,35.0667,15.9529,81,35.0667,15.9529,81,5.6667,3.7161,19,0.1003,0.0205,0.1219
stress,warehouse,16,0.15,pp-poisson-stress,hungarian,pp,15,1060.9333,284.5195,2051,99.9333,0.2582,100,0.0667,0.2582,1,0.0667,0.2582,1,9.81,1.6277,12.1507,179.8037,49.9099,251.57,119.081,49.2904,189.83,60.7227,2.1397,63.67,6068.2667,215.9879,6367,7332.6,239.5808,7641,280.8667,559.6219,2233,0,0,0,3.2667,2.0517,9,24.9333,2.4044,28,0.2,0.414,1,0,0,0,0,0,0,0,0,0,0,0,0,0,0,0,282.8667,59.2258,487,2745.7333,600.6012,4892,116475.9333,62128.2623,331063,222.1842,78.2474,480.3261,18.2615,8.9015,40.8999,0.2089,0.0358,0.2543,0.3752,0.058,0.474,0.4754,0.0849,0.5767,1060.9333,284.5195,2051,16974.9333,4552.3122,32816,0,0,0,0,0,0,0,0,0,3.2667,2.0517,9,117.6,245.1398,1001,138.2,302.3586,1208,140.6667,301.6378,1208,150.0667,298.2323,1208,146.3333,299.6418,1208,199.7333,16.7906,215,0.0006,0.0008,0.0029
stress,warehouse,16,0.15,pp-poisson-stress,pact-proxy,pp,15,1030.2,312.4201,2125,99.9333,0.2582,100,0.0667,0.2582,1,0.0667,0.2582,1,10.1782,1.7471,12.0773,172.011,31.2521,243.15,110.6196,31.0265,183.74,61.3914,2.5091,66.36,6135,250.1334,6636,7355.6,375.3701,8000,192.4667,442.0488,1768,0,0,0,2.1333,0.9155,4,26.4,2.2297,30,0.1333,0.3519,1,0,0,0,0,0,0,0,0,0,0,0,0,0,0,0,276.2,64.5802,503,2757.4,623.3933,4975,106917.3333,52369.5621,293034,210.5388,65.7259,425.6206,22.4482,6.5721,43.6086,0.2062,0.0353,0.2921,0.393,0.0519,0.4558,0.5218,0.0672,0.6059,1030.2,312.4201,2125,16483.2,4998.7215,34000,0,0,0,0,0,0,0,0,0,2.1333,0.9155,4,134.3333,242.4711,1001,109.0667,308.2709,1211,144.7333,437.0192,1716,160.3333,434.3594,1724,160.3333,434.3594,1724,202.4667,15.3942,220,0.0011,0.0021,0.0085
stress,warehouse,16,0.15,pp-poisson-stress,pact,pp,15,1061.8,305.9032,2147,99.8667,0.5164,100,0.1333,0.5164,2,0.0667,0.2582,1,9.8222,1.5896,11.8203,176.2529,40.3943,274.94,114.7072,39.3833,211.68,61.5457,2.1797,65.71,6146,208.8031,6571,7298.5333,289.4146,7892,226.1333,437.6381,1792,0,0,0,2.9333,1.1629,5,25.6667,1.9881,30,0.2667,0.5936,2,0,0,0,0,0,0,0,0,0,0,0,0,0,0,0,283.8667,63.2138,506,3843.4,688.6725,5881,129164.6,42070.1733,272619,266.0101,62.9774,473.8151,73.035,16.6101,111.1383,0.2543,0.0371,0.3388,0.3802,0.0475,0.4533,0.5176,0.0835,0.6392,1061.8,305.9032,2147,16988.8,4894.4505,34352,0,0,0,0,0,0,0,0,0,2.9333,1.1629,5,113.8667,245.7533,1001,109.1333,200.4983,818,115.1333,201.8093,818,122.8667,198.7679,818,117.7333,200.6046,818,199.2,15.1148,230,0.0003,0.0001,0.0005
stress,warehouse,16,0.15,pp-poisson-stress,greedy,pp,15,1109.1333,384.4523,2096,99.4667,1.4573,100,0.5333,1.4573,5,0.1333,0.3519,1,9.6603,2.1904,12.1803,181.4357,45.1276,257.19,120.5482,44.9217,196.39,60.8874,1.7951,65.8,6056.6,209.4025,6580,7265.9333,241.4541,7743,507,1089.9701,3621,0,0,0,2.8,1.5675,5,25.3333,1.8387,28,0.3333,0.6172,2,0,0,0,0,0,0,0,0,0,0,0,0,0,0,0,293.6667,79.5017,500,2940.1333,873.429,5102,118409.8667,54032.8458,286877,226.082,87.375,469.8205,17.153,6.6974,31.2074,0.2032,0.023,0.2456,0.3779,0.0627,0.4623,0.479,0.0866,0.603,1109.1333,384.4523,2096,17746.1333,6151.2364,33536,0,0,0,0,0,0,0,0,0,2.8,1.5675,5,190.9333,329.6083,1001,251.4667,567.7883,1727,257.2667,565.9161,1727,267.8667,561.2919,1727,265,562.5325,1727,194.0667,15.926,222,0.0006,0.0005,0.0017
stress,warehouse,16,inf,pp-batch-normal,hungarian,pp,15,521.8,35.6014,603,100,0,100,0,0,0,0,0,0,19.2455,1.2763,21.0084,236.42,9.9815,253.27,168.6713,7.8135,180.94,67.7487,2.3699,72.33,6774.8667,236.9885,7233,6897.2667,309.1358,7334,71.6,18.5849,110,0,0,0,0,0,0,3.2,1.6562,7,0.1333,0.3519,1,0,0,0,0,0,0,0,0,0,0,0,0,0,0,0,172.3333,9.6041,197,2680.1333,126.4701,2964,140879.1333,10823.658,159874,239.3652,37.485,327.4373,10.4569,3.2102,21.2956,0.4603,0.0786,0.6696,0.8138,0.0419,0.8786,0.3622,0.0371,0.4312,521.8,35.6014,603,8348.8,569.6218,9648,0,0,0,0,0,0,0,0,0,0,0,0,24.7333,9.4299,52,5.8,3.1893,13,12.2,5.1989,21,39.6,10.6154,71,39.6,10.6154,71,4,1.6475,7,0.0918,0.0252,0.1633
stress,warehouse,16,inf,pp-batch-normal,pact-proxy,pp,15,517.3333,28.1315,580,100,0,100,0,0,0,0,0,0,19.3831,1.0508,21.322,232.7893,10.2431,258.32,165.2493,8.7532,186.88,67.54,1.9489,71.44,6754,194.8941,7144,6899.1333,231.042,7278,71,20.7812,114,0,0,0,0,0,0,3.9333,2.1202,8,0.3333,0.8997,3,0,0,0,0,0,0,0,0,0,0,0,0,0,0,0,171,7.597,186,2657.2,115.7838,2881,137030.3333,13010.2735,162998,234.2312,23.6704,267.5363,14.8321,6.3757,36.1786,0.4545,0.0567,0.5692,0.8179,0.0452,0.9008,0.3642,0.0383,0.4505,517.3333,28.1315,580,8277.3333,450.1039,9280,0,0,0,0,0,0,0,0,0,0,0,0,26.1333,9.5981,50,7.4,3.0426,14,12.6667,4.9952,23,38,10.3717,61,38,10.3717,61,5.4,6.4009,28,0.1071,0.0328,0.1656
stress,warehouse,16,inf,pp-batch-normal,pact,pp,15,535.8,40.2585,635,100,0,100,0,0,0,0,0,0,18.757,1.3363,20.8333,228.938,10.3448,251.62,163.144,8.4495,181.52,65.794,2.1627,70.4,6579.4,216.2746,7040,6820.4667,263.0339,7319,80.9333,18.3788,117,0,0,0,0,0,0,4.6,1.7238,7,0.7333,1.0328,3,0,0,0,0,0,0,0,0,0,0,0,0,0,0,0,173.4,11.8912,195,3240.3333,163.2529,3564,159071.9333,15802.1039,188991,269.6402,28.4974,340.8481,40.0391,4.2176,51.688,0.5045,0.0517,0.622,0.77,0.039,0.8303,0.3801,0.0413,0.4492,535.8,40.2585,635,8572.8,644.1352,10160,0,0,0,0,0,0,0,0,0,0,0,0,34.9333,11.2279,56,7.2667,3.6345,15,14,5.5934,23,44.4667,12.6596,82,44.4667,12.6596,82,4.0667,1.387,5,0.0922,0.0177,0.129
stress,warehouse,16,inf,pp-batch-normal,greedy,pp,15,515.6,39.0033,591,100,0,100,0,0,0,0,0,0,19.4985,1.4738,22.2222,231.2653,11.6355,246.46,164.6427,8.9856,177.25,66.6227,2.9802,69.85,6662.2667,298.02,6985,6751.9333,377.9115,7217,82.2667,16.1399,106,0,0,0,0,0,0,3.2667,1.5796,5,0.4667,0.6399,2,0,0,0,0,0,0,0,0,0,0,0,0,0,0,0,169.1333,12.4031,191,2628,170.4494,2907,144159.7333,14163.7485,166906,229.7006,23.4496,264.0333,10.6405,5.0423,28.1391,0.4462,0.0407,0.5092,0.8099,0.0404,0.8639,0.3672,0.0488,0.4588,515.6,39.0033,591,8249.6,624.0527,9456,0,0,0,0,0,0,0,0,0,0,0,0,22.3333,5.5891,34,7.9333,3.3267,14,14.7333,5.6753,24,39.1333,6.2091,54,39.1333,6.2091,54,3.4667,1.5055,5,0.1002,0.0294,0.1481
stress,warehouse,16,inf,pp-batch-stress,hungarian,pp,15,1213.4,483.2881,2234,99.7333,0.5936,100,0.2667,0.5936,2,0.2,0.414,1,9.1491,2.5722,12.987,492.8245,42.8102,567.2222,430.8766,42.2986,505.2121,61.9479,1.9616,65.8,6178.2,197.0911,6580,7356,284.2929,7738,769.4667,1360.4769,4250,0,0,0,4.3333,2.4398,10,23.5333,2.5598,28,0.3333,0.6172,2,0,0,0,0,0,0,0,0,0,0,0,0,0,0,0,315,97.8191,523,2866.8667,901.5669,5252,134232.6667,66839.7161,303087,214.6123,82.9405,405.9089,11.0412,2.6428,19.4635,0.1802,0.0315,0.2635,0.3626,0.0781,0.4767,0.4072,0.1115,0.5391,1213.4,483.2881,2234,19414.4,7732.6098,35744,0,0,0,0,0,0,0,0,0,4.3333,2.4398,10,268.9333,379.9835,1001,399,640.8971,1954,404.1333,646.7167,1954,411.6667,642.3702,1954,408.2667,644.4011,1954,212.5333,10.9731,226,0.0003,0.0005,0.0018
stress,warehouse,16,inf,pp-batch-stress,pact-proxy,pp,15,1056.4667,346.6604,2290,99.8,0.7746,100,0.2,0.7746,3,0.0667,0.2582,1,9.9615,1.7301,12.0482,480.8579,41.3225,611.6392,419.8513,41.8268,552.9794,61.0067,2.1797,64.44,6088.9333,235.5284,6444,7259.2667,264.1624,7853,449.5333,1229.7554,4884,0,0,0,3.5333,1.6417,7,24.1333,2.1668,28,0.2,0.414,1,0,0,0,0,0,0,0,0,0,0,0,0,0,0,0,286.8667,71.7843,541,2626.4,481.2246,4321,115037.2667,30114.1322,202406,207.4568,38.537,297.3883,19.6802,7.0917,37.0116,0.2036,0.0424,0.3077,0.3881,0.0481,0.4733,0.4771,0.0728,0.5884,1056.4667,346.6604,2290,16903.4667,5546.5659,36640,0,0,0,0,0,0,0,0,0,3.5333,1.6417,7,152.0667,237.2809,1001,193.0667,509.6649,2025,198.6667,508.391,2025,207.9333,505.1126,2025,207.9333,505.1126,2025,212.6667,8.3209,226,0.0004,0.0005,0.0017
stress,warehouse,16,inf,pp-batch-stress,pact,pp,15,1139.2667,391.1243,2135,99.7333,0.7988,100,0.2667,0.7988,3,0.1333,0.3519,1,9.3892,2.0058,11.0375,473.5547,27.6904,526.02,413.7404,27.2878,463.47,59.8143,1.8695,63.28,5966.0667,210.3628,6328,7149.6,259.612,7824,681.4,1334.8382,4113,0,0,0,4.7333,2.1202,11,23,2.4785,26,0.2,0.414,1,0,0,0,0,0,0,0,0,0,0,0,0,0,0,0,302.8,79.477,507,3809.5333,590.2425,5434,165535.8667,96927.8943,487676,280.0604,121.0299,690.9396,68.6843,15.1492,98.3284,0.247,0.0496,0.3382,0.3582,0.06,0.4066,0.4287,0.1256,0.5584,1139.2667,391.1243,2135,18228.2667,6257.9886,34160,0,0,0,0,0,0,0,0,0,4.7333,2.1202,11,204,324.1675,1001,260.6667,497.234,1773,266.6667,494.9772,1773,275.2667,490.6996,1773,255.4667,465.0424,1773,211.2,11.8454,231,0.0004,0.0003,0.0011
stress,warehouse,16,inf,pp-batch-stress,greedy,pp,15,1037.7333,310.0471,2139,99.9333,0.2582,100,0.0667,0.2582,1,0.0667,0.2582,1,10.0741,1.6243,11.4416,469.3162,28.6564,535.3333,408.882,27.521,473.9394,60.4343,2.6006,63.45,6039.3333,258.9202,6345,7172.4,345.1747,7563,330.2,729.6411,2939,0,0,0,3.6667,1.6762,8,24.2,1.6125,27,0.2667,0.5936,2,0,0,0,0,0,0,0,0,0,0,0,0,0,0,0,281.8667,63.9731,508,2603.6667,529.3269,4481,113463.3333,26705.5712,190325,200.602,38.6504,311.436,9.9197,1.1537,12.1156,0.1975,0.0278,0.247,0.3832,0.0496,0.426,0.479,0.0708,0.592,1037.7333,310.0471,2139,16603.7333,4960.7537,34224,0,0,0,0,0,0,0,0,0,3.6667,1.6762,8,149.4667,236.6576,1001,166.8,416.865,1654,169.6,415.5132,1654,183,410.5265,1654,177.4667,412.358,1654,212.3333,7.3743,225,0.0003,0.0004,0.0015
stress,warehouse,16,0.15,cbs-poisson-normal,hungarian,cbs,15,741.7333,70.4237,899,100,0,100,0,0,0,0,0,0,13.5902,1.2276,15.4083,57.546,4.6744,69.04,3.3013,1.7053,8.07,54.2447,3.1558,60.97,5424.4667,315.5822,6097,7686.4,288.7044,8178,61.1333,23.4639,113,0,0,0,0,0,0,5.8,2.2104,11,0.1333,0.3519,1,0,0,0,0,0,0,0,0,0,0,0,0,0,0,0,172.6667,12.7148,194,3637.9333,514.8189,5154,116446.6,59256.4387,309791,286.6426,114.3297,649.0263,10.5688,3.0083,18.8243,0.3955,0.1754,0.9193,0.4621,0.0604,0.5687,0.3623,0.0495,0.4951,741.7333,70.4237,899,11867.7333,1126.7789,14384,0,0,0,0,0,0,0,0,0,0,0,0,26.0667,9.5728,57,6.2667,1.387,10,9.8,2.7308,15,29.3333,7.6687,48,29.3333,7.6687,48,7.4,8.1047,30,0.1036,0.0256,0.1616
stress,warehouse,16,0.15,cbs-poisson-normal,pact-proxy,cbs,15,758.2667,86.961,972,100,0,100,0,0,0,0,0,0,13.3394,1.4289,15.674,58.96,3.6926,65.52,3.7327,1.3333,6.68,55.2273,2.7568,60.12,5522.7333,275.6754,6012,7832.0667,384.7909,8611,67.6,16.6468,95,0,0,0,0,0,0,6.6667,2.895,12,0.0667,0.2582,1,0,0,0,0,0,0,0,0,0,0,0,0,0,0,0,176.9333,16.8161,209,3699.8,416.4105,4751,118047,25591.8511,194603,280.3588,61.4268,462.7391,12.0959,1.8004,17.6184,0.3753,0.0969,0.6356,0.4594,0.0441,0.5312,0.3929,0.0719,0.5341,758.2667,86.961,972,12132.2667,1391.3754,15552,0,0,0,0,0,0,0,0,0,0,0,0,25,5.7196,38,8.4,3.2689,15,13.7333,5.4833,24,35.0667,7.8964,48,35.0667,7.8964,48,16.2667,18.668,59,0.104,0.0272,0.1369
stress,warehouse,16,0.15,cbs-poisson-normal,pact,cbs,15,750.0667,63.7108,880,100,0,100,0,0,0,0,0,0,13.4199,1.1108,15.1515,59.174,4.1878,69.07,4.0627,1.6838,7.17,55.1113,3.1797,62.54,5511.1333,317.9701,6254,7753.6667,311.2499,8335,58.0667,15.4802,85,0,0,0,0,0,0,7.1333,2.1336,10,0.1333,0.3519,1,0,0,0,0,0,0,0,0,0,0,0,0,0,0,0,178.2667,16.2281,207,4323.2,374.3026,4868,124188.6,16203.9331,163270,297.8333,40.0103,381.2086,46.8373,7.0076,58.1328,0.3987,0.0567,0.5052,0.4625,0.0487,0.542,0.3895,0.0568,0.5114,750.0667,63.7108,880,12001.0667,1019.3729,14080,0,0,0,0,0,0,0,0,0,0,0,0,29.5333,8.2277,50,6.2,1.0823,9,10.6667,3.8297,19,30.3333,8.4909,50,30.3333,8.4909,50,19.8,27.2192,102,0.0916,0.0142,0.1153
stress,warehouse,16,0.15,cbs-poisson-normal,greedy,cbs,15,739.7333,67.7068,900,100,0,100,0,0,0,0,0,0,13.6203,1.2002,15.6986,58.1233,3.2088,66.26,3.412,1.0766,5.31,54.7113,2.4002,60.95,5471.1333,240.0196,6095,7773.0667,198.914,8100,59.3333,12.9652,86,0,0,0,0,0,0,5.8667,1.5055,9,0,0,0,0.1333,0.5164,2,0.1333,0.5164,2,0,0,0,0,0,0,0,0,0,174.5333,10.0986,198,3944.2667,1929.1581,10869,142612,147917.5766,674258,337.6489,330.683,1527.3394,8.9654,1.4063,12.0056,0.4615,0.4524,2.0808,0.4662,0.051,0.5561,0.3893,0.0454,0.4564,739.7333,67.7068,900,11835.7333,1083.3087,14400,0,0,0,0,0,0,0,0,0,0,0,0,26.8667,6.0222,37,6.2667,1.6676,12,10.6667,4.3698,23,34.2,8.9299,52,34.2,8.9299,52,5,2.1044,12,0.1031,0.0206,0.1285
stress,warehouse,16,0.15,cbs-poisson-stress,hungarian,cbs,15,1139.7333,429.7442,2230,99.8667,0.3519,100,0.1333,0.3519,1,0.1333,0.3519,1,9.5179,2.2026,12.0919,180.0073,48.7059,236.52,120.6718,48.1131,177.58,59.3355,2.0737,63.19,5925.4667,203.0629,6319,7246.4,234.083,7644,467.2667,922.0481,2799,0,0,0,3.8667,2.774,9,24.1333,2.5598,28,0.1333,0.3519,1,1.0667,4.1312,16,1.0667,4.1312,16,0,0,0,0,0,0,0,0,0,299.8,88.9528,521,7598.6,14153.2403,58686,255539.0667,356170.0525,1520727,557.2642,704.4386,3056.9194,12.8334,3.4225,20.3766,0.4433,0.3148,1.4379,0.3592,0.0678,0.4564,0.4528,0.1185,0.5791,1139.7333,429.7442,2230,18235.7333,6875.907,35680,0,0,0,0,0,0,0,0,0,3.8667,2.774,9,185.1333,332.129,1001,275.1333,589.5994,1791,278.8,588.1461,1791,288.2,583.8328,1791,283.8667,585.5364,1791,202.0667,17.9701,237,0.0011,0.0016,0.0066
stress,warehouse,16,0.15,cbs-poisson-stress,pact-proxy,cbs,15,1011.6,310.4061,2098,99.9333,0.2582,100,0.0667,0.2582,1,0.0667,0.2582,1,10.3784,1.8145,12.5786,165.4193,33.0601,248.82,105.2842,33.0371,191.04,60.1351,2.5948,66.21,6009.4,257.2858,6621,7313.2667,400.8118,8051,171.8,438.283,1748,0,0,0,2.1333,1.2459,5,26.1333,2.3865,30,0.0667,0.2582,1,0,0,0,0,0,0,0,0,0,0,0,0,0,0,0,274.4667,61.4385,489,4183.7333,716.294,5582,176591.9333,60636.8938,285689,420.6404,128.3763,646.2201,17.2583,2.1503,21.1598,0.4334,0.1547,0.766,0.3924,0.0527,0.4547,0.5052,0.0738,0.593,1011.6,310.4061,2098,16185.6,4966.4982,33568,0,0,0,0,0,0,0,0,0,2.1333,1.2459,5,135.6,242.0681,1001,132.7333,434.6967,1697,135.8,433.7518,1697,151.6667,429.0033,1697,150.9333,429.2135,1697,204.2667,12.5554,222,0.0011,0.0021,0.0085
stress,warehouse,16,0.15,cbs-poisson-stress,pact,cbs,15,971.8,73.0403,1115,100,0,100,0,0,0,0,0,0,10.3444,0.7772,12.0337,168.8533,38.9468,264.03,108.8193,37.7079,201.48,60.034,2.0165,64.24,6003.4,201.6538,6424,7304.0667,269.6616,7863,95.8667,66.0377,209,0,0,0,2.8667,1.1255,5,25.6,1.9198,30,0.3333,0.6172,2,0.2,0.5606,2,0.2,0.5606,2,0,0,0,0,0,0,0,0,0,265,17.6514,293,5520.6667,1227.9955,8423,239980.9333,218232.6505,1015747,545.0237,349.3749,1725.7628,67.0954,13.4036,100.019,0.5683,0.3672,1.7664,0.3878,0.0263,0.4419,0.5197,0.0504,0.6017,971.8,73.0403,1115,15548.8,1168.6448,17840,0,0,0,0,0,0,0,0,0,2.8667,1.1255,5,50.3333,12.2455,71,41.4667,36.4611,124,47.2667,40.1612,124,57.4,34.2466,126,53.2667,36.8287,126,198.6667,12.6867,222,0.0003,0.0002,0.0008
stress,warehouse,16,0.15,cbs-poisson-stress,greedy,cbs,15,1099.6,408.8414,2145,99.6,1.0556,100,0.4,1.0556,3,0.1333,0.3519,1,9.8344,2.2925,12.6263,176.7057,50.8384,290.0309,117.0436,50.0582,227.1546,59.6621,1.9321,62.8763,5942.1333,194.956,6247,7239.1333,222.3999,7603,593,1309.9163,3854,0,0,0,2.8,1.8593,7,25.6,2.5014,30,0.1333,0.3519,1,1.6,6.1968,24,1.6,6.1968,24,0,0,0,0,0,0,0,0,0,290.6667,86.1367,509,11703.4667,20446.2699,67894,707734.8,1872743.7389,7405460,1257.0965,2892.3607,11548.5869,11.4835,2.2236,15.9989,0.8056,1.3682,5.6946,0.3802,0.0533,0.4478,0.4772,0.0982,0.5887,1099.6,408.8414,2145,17593.6,6541.4618,34320,0,0,0,0,0,0,0,0,0,2.8,1.8593,7,193.4667,328.785,1001,234.2,512.5479,1746,238.0667,511.9424,1746,245.1333,508.7539,1746,237.4667,511.7995,1746,191.4,14.8699,220,0.0007,0.0005,0.0018
stress,warehouse,16,inf,cbs-batch-normal,hungarian,cbs,15,511.6667,45.4575,632,100,0,100,0,0,0,0,0,0,19.6794,1.647,22.6757,228.0733,10.4291,242.67,162.446,8.6961,175.79,65.6273,2.1341,69.14,6562.7333,213.4062,6914,6837.8667,311.4404,7384,77.8667,19.4528,108,0,0,0,0,0,0,3.1333,1.6847,8,0.1333,0.3519,1,0.5333,0.7432,2,0.5333,0.7432,2,0,0,0,0,0,0,0,0,0,169.8667,10.9666,197,7817.5333,2421.5225,12797,383983.2,148924.8173,831397,984.9639,376.9875,2046.3719,15.8027,8.1381,33.0809,1.9525,0.8413,4.4583,0.8057,0.0518,0.8903,0.3742,0.055,0.5235,511.6667,45.4575,632,8186.6667,727.3194,10112,0,0,0,0,0,0,0,0,0,0,0,0,25.0667,8.956,45,8.0667,2.9147,13,14.5333,5.2354,23,36.0667,5.9936,45,36.0667,5.9936,45,4.2,2.569,12,0.1064,0.0258,0.163
stress,warehouse,16,inf,cbs-batch-normal,pact-proxy,cbs,15,504.8667,31.5705,555,100,0,100,0,0,0,0,0,0,19.8803,1.2549,22.2222,223.4787,10.3979,247.06,158.5873,8.6011,177.94,64.8913,2.2783,69.12,6489.1333,227.8323,6912,6815.3333,222.5263,7123,72.7333,22.5657,116,0,0,0,0,0,0,3.6,1.9928,7,0.4,0.9103,3,0.6,1.0556,4,0.6,1.0556,4,0,0,0,0,0,0,0,0,0,165.4667,9.4934,183,8156.6,3046.6597,16518,461890.9333,237098.5672,1123047,1122.8481,556.2421,2655.7513,16.873,5.8854,36.0889,2.2213,1.0349,4.7851,0.8056,0.0453,0.8847,0.3698,0.0381,0.4411,504.8667,31.5705,555,8077.8667,505.1277,8880,0,0,0,0,0,0,0,0,0,0,0,0,26.3333,12.9376,53,6.6667,2.82,11,12.3333,5.038,18,34.6,7.2388,49,34.6,7.2388,49,5.6,8.5004,36,0.1106,0.0311,0.1654
stress,warehouse,16,inf,cbs-batch-normal,pact,cbs,15,515,33.9264,600,100,0,100,0,0,0,0,0,0,19.4944,1.2572,21.7391,220.1913,9.1861,239.75,156.8587,7.4184,171.37,63.3327,2.2018,68.38,6333.2667,220.1793,6838,6725.7333,249.8904,7179,78.3333,18.0779,117,0,0,0,0,0,0,3.9333,1.4376,7,0.3333,0.6172,2,0.6667,1.3452,5,0.6667,1.3452,5,0,0,0,0,0,0,0,0,0,171.0667,11.5725,192,8974.6,4727.9226,20668,452122.6,268360.5522,1128254,1107.2662,713.0767,2929.3475,42.9462,7.0046,57.7923,2.1243,1.2905,4.9666,0.7706,0.0381,0.839,0.3758,0.0485,0.4892,515,33.9264,600,8240,542.8223,9600,0,0,0,0,0,0,0,0,0,0,0,0,31.2667,5.6375,41,6.4667,2.669,12,11.9333,5.0775,21,40.5333,7.7815,56,40.5333,7.7815,56,4.0667,1.1629,5,0.0999,0.0193,0.1322
stress,warehouse,16,inf,cbs-batch-normal,greedy,cbs,15,499.7333,40.2926,582,100,0,100,0,0,0,0,0,0,20.1287,1.5741,22.5734,221.7473,12.9102,241.79,157.7467,9.7222,172.78,64.0007,3.5157,69.01,6400.0667,351.5725,6901,6659.5333,366.433,7177,79.4667,22.5828,128,0,0,0,0,0,0,3.4,1.5492,6,0.4,0.8281,3,1.5333,1.3558,4,1.5333,1.3558,4,0,0,0,0,0,0,0,0,0,166.8667,12.6766,193,11213.5333,3987.0809,17353,593659,247157.9506,984350,1495.5663,651.7122,2572.4488,15.827,6.4034,31.3485,2.9709,1.2532,5.0639,0.8032,0.0492,0.8635,0.3802,0.0452,0.4555,499.7333,40.2926,582,7995.7333,644.6819,9312,0,0,0,0,0,0,0,0,0,0,0,0,21.3333,7.8255,42,7.8667,3.9255,15,14.4,5.6669,24,38.6,12.794,68,38.6,12.794,68,3.2,1.5675,5,0.1107,0.0147,0.1279
stress,warehouse,16,inf,cbs-batch-stress,hungarian,cbs,15,1154.5333,497.4993,2710,99.8,0.7746,100,0.2,0.7746,3,0.0667,0.2582,1,9.5226,2.2885,11.8483,481.5743,47.286,601.39,419.2945,41.0816,510.9,62.2798,8.1779,90.49,6216.9333,829.0477,9049,7329.9333,335.2868,7906,550.9333,1051.8472,3316,0,0,0,3.8667,2.0999,8,23.9333,2.5765,28,0.4,0.5071,1,0.0667,0.2582,1,0.0667,0.2582,1,0,0,0,0,0,0,0,0,0,303.6667,99.2397,608,4311.1333,1496.6697,8793,217535.7333,144157.8778,638402,511.4165,298.6236,1282.157,20.1983,10.9719,42.7504,0.432,0.104,0.6798,0.3693,0.0663,0.4554,0.4549,0.0986,0.5846,1154.5333,497.4993,2710,18472.5333,7959.9888,43360,0,0,0,0,0,0,0,0,0,3.8667,2.0999,8,217.4,317.0549,1001,201.7333,338.4632,1045,295.4,591.9318,2168,306.4667,591.6301,2186,297.6667,595.3897,2186,211.4667,11.5565,226,0.0006,0.0007,0.002
stress,warehouse,16,inf,cbs-batch-stress,pact-proxy,cbs,15,1047.3333,374.6133,2376,99.8667,0.5164,100,0.1333,0.5164,2,0.0667,0.2582,1,10.1283,1.8274,11.6414,469.6485,44.7196,607.3469,409.845,45.0134,549.7143,59.8035,1.8288,62.73,5972.6667,194.6941,6273,7279.4667,188.7931,7623,464.3333,1057.0126,4206,0,0,0,3.7333,2.3135,9,23.8667,2.6421,27,0.2667,0.4577,1,0.0667,0.2582,1,0.0667,0.2582,1,0,0,0,0,0,0,0,0,0,285.4667,78.4728,562,9957.8,21321.6242,86929,312811.3333,342878.2847,1513490,716.6517,672.8914,3031.7018,21.9811,6.454,37.609,0.633,0.3061,1.276,0.3866,0.0484,0.4522,0.4561,0.1036,0.5396,1047.3333,374.6133,2376,16757.3333,5993.8122,38016,0,0,0,0,0,0,0,0,0,3.7333,2.3135,9,153.3333,237.159,1001,209.7333,527.7603,2091,217,526.705,2091,229.4667,522.1822,2091,227.6667,522.8431,2091,210,8.4346,224,0.0004,0.0005,0.0017
stress,warehouse,16,inf,cbs-batch-stress,pact,cbs,15,1057.5333,308.4706,2147,99.7333,1.0328,100,0.2667,1.0328,4,0.0667,0.2582,1,9.8684,1.6492,11.6144,461.3943,24.2974,510.07,403.122,23.9055,449.56,58.2723,2.0488,62.53,5812.0667,223.6715,6253,7122.9333,279.3164,7737,494.4667,1235.1293,4934,0,0,0,4.6,2.2928,11,23.2667,2.604,28,0.2,0.414,1,3.4,11.8068,46,3.4,11.8068,46,0,0,0,0,0,0,0,0,0,286.9333,64.0708,510,12195,24333.7384,99850,1739877.3333,5242330.6364,20613486,2788.1571,7700.9851,30491.042,77.8551,19.6231,107.1571,1.7444,3.5497,14.2017,0.3653,0.0431,0.4225,0.4634,0.1188,0.5756,1057.5333,308.4706,2147,16920.5333,4935.5299,34352,0,0,0,0,0,0,0,0,0,4.6,2.2928,11,142.8667,238.1242,1001,198.1333,443.1273,1784,204.0667,442.0825,1784,210.5333,439.7265,1784,193.7333,445.2956,1784,205.2,14.2086,225,0.0004,0.0003,0.0011
stress,warehouse,16,inf,cbs-batch-stress,greedy,cbs,15,919.3333,70.1077,1055,100,0,100,0,0,0,0,0,0,10.937,0.8403,12.7389,455.5373,20.9689,484.15,396.4993,18.9962,422.64,59.038,2.517,62.01,5903.8,251.6977,6201,7111.6667,337.1097,7581,97.8,80.0644,345,0,0,0,2.8667,1.302,6,24.2,1.7809,27,0.0667,0.2582,1,0.0667,0.2582,1,0.0667,0.2582,1,0,0,0,0,0,0,0,0,0,256,16.1201,282,4666.3333,1256.8434,7274,207321.7333,69491.0787,357925,520.1538,191.0736,926.9492,14.5982,7.8653,38.705,0.5654,0.2067,1.0867,0.4031,0.0291,0.473,0.4851,0.0513,0.5477,919.3333,70.1077,1055,14709.3333,1121.7238,16880,0,0,0,0,0,0,0,0,0,2.8667,1.302,6,98.9333,27.3168,136,37.0667,48.2426,150,50.3333,65.6491,232,65,60.8933,240,63.3333,61.6704,240,208.3333,7.7244,221,0.0006,0.0005,0.0016
stress,warehouse,32,0.15,pp-poisson-normal,hungarian,pp,15,715.0667,81.1731,896,100,0,100,0,0,0,0,0,0,14.1489,1.5645,16.9779,51.4493,2.2688,56.49,2.4873,0.5567,3.99,48.962,1.8386,52.5,4896.2,183.8564,5250,7351.8667,293.8488,7803,68.1333,16.3264,94,0,0,0,0,0,0,3.5333,1.8848,6,0.0667,0.2582,1,0,0,0,0,0,0,0,0,0,0,0,0,0,0,0,163,16.1201,195,5158.8,494.8495,6153,79741.4667,14778.2664,108526,175.3398,22.5724,222.487,12.4111,3.3045,20.5218,0.2491,0.0468,0.3241,0.2169,0.0285,0.2736,0.4646,0.0313,0.5409,715.0667,81.1731,896,22882.1333,2597.5381,28672,0,0,0,0,0,0,0,0,0,0,0,0,20.4,5.6543,29,6.2667,1.1629,10,10.2,2.8835,16,33.6667,8.2865,49,33.6667,8.2865,49,3.8667,1.5055,5,0.1255,0.0315,0.2124
stress,warehouse,32,0.15,pp-poisson-normal,pact-proxy,pp,15,733.1333,87.8594,946,100,0,100,0,0,0,0,0,0,13.8096,1.5299,16.2602,52.7007,1.93,56.24,2.8027,0.5468,4.44,49.898,1.6536,52.98,4989.8,165.3646,5298,7529.7333,342.8087,8098,70.8,21.0075,116,0,0,0,0,0,0,2.6,1.5946,5,0.2667,0.5936,2,0,0,0,0,0,0,0,0,0,0,0,0,0,0,0,167.2,15.9428,204,5313.6667,486.723,6395,82898.3333,8533.9416,94709,196.265,25.7782,261.3702,20.1745,2.6123,26.7255,0.2702,0.0409,0.3661,0.215,0.0212,0.2419,0.4479,0.0349,0.4833,733.1333,87.8594,946,23460.2667,2811.4994,30272,0,0,0,0,0,0,0,0,0,0,0,0,20.8667,5.4362,36,7.4667,2.9968,14,12.8,5.6846,23,33.6,8.7733,56,33.6,8.7733,56,3.4,1.5946,5,0.1426,0.0438,0.2725
stress,warehouse,32,0.15,pp-poisson-normal,pact,pp,15,714.6667,53.9982,853,100,0,100,0,0,0,0,0,0,14.0624,0.9945,15.7233,52.6687,2.8701,56.44,3.2673,1.1174,5.61,49.4013,2.4714,53.52,4940.1333,247.1416,5352,7402.1333,359.4533,8027,72.7333,15.0971,96,0,0,0,0,0,0,2.2,1.2071,4,0.0667,0.2582,1,0,0,0,0,0,0,0,0,0,0,0,0,0,0,0,166.5333,13.3623,192,7770.2,453.5404,8689,140659.1333,17092.8096,172231,317.992,46.4842,429.18,137.8752,15.5543,176.4292,0.4462,0.0661,0.6096,0.2173,0.0216,0.2601,0.4388,0.0313,0.4897,714.6667,53.9982,853,22869.3333,1727.9436,27296,0,0,0,0,0,0,0,0,0,0,0,0,19.6667,4.6853,33,6.8667,1.8074,11,11.8,4.5857,22,34,8.08,48,34,8.08,48,3.8,1.0142,5,0.135,0.0268,0.1905
stress,warehouse,32,0.15,pp-poisson-normal,greedy,pp,15,730.6,76.27,917,100,0,100,0,0,0,0,0,0,13.8198,1.3713,16,52.4053,2.1277,58.27,2.9293,0.6919,4.98,49.476,1.5968,53.29,4947.6,159.6849,5329,7437.5333,281.4884,7909,76.1333,18.2595,105,0,0,0,0,0,0,3.2667,2.2824,8,0.2,0.5606,2,0,0,0,0,0,0,0,0,0,0,0,0,0,0,0,168.6,11.7279,199,5349.8667,365.4201,6267,85595.7333,12897.8121,107562,186.1776,31.3424,248.3853,11.1752,2.542,16.248,0.2589,0.0576,0.3464,0.214,0.0255,0.2656,0.4572,0.0218,0.4879,730.6,76.27,917,23379.2,2440.6403,29344,0,0,0,0,0,0,0,0,0,0,0,0,24.2667,7.7687,47,7.6,2.8234,14,12.4667,5.5145,24,32.8667,7.8546,49,32.8667,7.8546,49,6.4,9.6422,41,0.1304,0.0279,0.1841
stress,warehouse,32,0.15,pp-poisson-stress,hungarian,pp,15,1090.8667,491.1449,1825,99.5333,0.8338,100,0.4667,0.8338,3,0.3333,0.488,1,10.7271,3.8446,14.4509,94.5032,22.969,137.16,36.5874,21.4371,79.26,57.9158,3.6355,63.8247,5763.1333,338.8984,6261,7975.2667,452.2933,8526,831,1189.431,4029,0,0,0,12.2667,1.5796,16,28.6667,5.7776,40,0.3333,0.6172,2,0,0,0,0,0,0,0,0,0,0,0,0,0,0,0,280.3333,96.7454,422,4536.2667,1689.1627,7143,169013,107861.8289,398920,289.631,130.1778,581.575,12.2753,3.5592,21.5894,0.2768,0.0627,0.3556,0.1998,0.0584,0.2721,0.2856,0.0477,0.3881,1090.8667,491.1449,1825,34907.7333,15716.6353,58400,0,0,0,0,0,0,0,0,0,12.2667,1.5796,16,352.6667,474.5655,1001,418.3333,540.1063,1311,421.4,537.1968,1311,430.5333,530.2293,1311,424.5333,534.7031,1311,372.2667,46.818,424,0.0001,0.0001,0.0003
stress,warehouse,32,0.15,pp-poisson-stress,pact-proxy,pp,15,829.7333,251.7563,1689,99.9333,0.2582,100,0.0667,0.2582,1,0.0667,0.2582,1,12.67,2.3027,15.5039,89.7404,17.0729,131.48,31.2675,16.2465,73.21,58.4729,3.047,61.78,5843.4667,306.6554,6178,7944.2667,493.8138,8911,471.8,1077.5688,4311,0,0,0,11.9333,1.4864,15,26.3333,2.2254,30,0.0667,0.2582,1,0,0,0,0,0,0,0,0,0,0,0,0,0,0,0,227.6,50.8988,405,3611.3333,837.3633,6555,135678.1333,54211.9714,304908,249.1297,68.8924,463.5721,17.0151,3.2124,24.3128,0.3056,0.0589,0.4209,0.2328,0.0388,0.2713,0.2694,0.0431,0.3367,829.7333,251.7563,1689,26551.4667,8056.2,54048,0,0,0,0,0,0,0,0,0,11.9333,1.4864,15,96.0667,250.5247,1001,127.9333,278.764,1118,145.2,277.8507,1118,156.6667,274.5598,1118,126.8,266.2781,1074,373.6667,32.5679,419,0.0001,0.0001,0.0003
stress,warehouse,32,0.15,pp-poisson-stress,pact,pp,15,1081.2667,508.7269,1851,99.6,0.6325,100,0.4,0.6325,2,0.3333,0.488,1,10.9596,4.0024,14.7059,91.3694,27.055,153.5657,32.5911,24.2319,89.8182,58.7783,4.3501,66.83,5854.2667,433.6588,6683,8061.8667,516.0601,8854,1452.3333,2189.1101,7154,0,0,0,12.6667,1.9881,16,27.8,4.8285,36,0.8667,1.1255,4,0,0,0,0,0,0,0,0,0,0,0,0,0,0,0,282.6,105.353,431,5828.0667,1871.7423,9807,256821.7333,176482.8393,644399,436.1449,218.0929,855.1264,80.0172,32.9367,160.6548,0.4046,0.0651,0.5302,0.2076,0.0614,0.2707,0.2704,0.0297,0.3209,1081.2667,508.7269,1851,34600.5333,16279.261,59232,0,0,0,0,0,0,0,0,0,12.6667,1.9881,16,352.0667,475.1134,1001,407.7333,561.6208,1290,420.3333,573.6845,1290,427.4,570.8978,1290,423.6,573.6079,1290,367.8,28.5587,425,0.0001,0.0001,0.0003
stress,warehouse,32,0.15,pp-poisson-stress,greedy,pp,15,1035,466.2361,1893,99.4,1.3522,100,0.6,1.3522,5,0.2667,0.4577,1,11.0948,3.5751,14.3062,98.5173,23.2283,136.6,40.8782,20.8765,74.76,57.639,3.0124,63.8,5729.9333,322.577,6380,7909.1333,343.3072,8652,1647.1333,2736.0818,8874,0,0,0,13.0667,2.7377,21,27,3.8914,36,3.0667,10.8197,42,0,0,0,0,0,0,0,0,0,0,0,0,0,0,0,268.6,91.3782,446,4258.0667,1449.7607,6712,227096.8667,195118.147,742690,356.3164,242.6926,989.906,11.9089,2.1617,18.3811,0.3258,0.0817,0.5229,0.2141,0.0506,0.2741,0.2713,0.048,0.3576,1035,466.2361,1893,33120,14919.5566,60576,0,0,0,0,0,0,0,0,0,13.0667,2.7377,21,294.1333,441.5266,1001,351.2,514.0296,1277,371.3333,530.3548,1313,382.4,524.7828,1315,364,534.2437,1315,369.7333,31.9183,429,0.0001,0.0001,0.0002
stress,warehouse,32,inf,pp-batch-normal,hungarian,pp,15,357.9333,28.8134,420,100,0,100,0,0,0,0,0,0,28.1098,2.2975,32.6797,158.274,5.7135,170,95.4593,4.4509,104.95,62.8147,2.5968,67.63,6281.4667,259.6792,6763,7485.1333,335.1477,8034,160.4,23.3935,208,0,0,0,0,0,0,0.0667,0.2582,1,2.8,2.0071,7,0,0,0,0,0,0,0,0,0,0,0,0,0,0,0,134.8667,9.8551,154,4264.6667,316.8032,4895,254596.9333,17761.9063,282892,391.1476,26.3602,433.3917,10.2837,1.915,16.7193,1.0991,0.1127,1.3246,0.5511,0.0417,0.6387,0.4843,0.0308,0.5308,357.9333,28.8134,420,11453.8667,922.0274,13440,0,0,0,0,0,0,0,0,0,0,0,0,21.8,11.3716,52,10.7333,2.3442,14,18.2,2.5128,22,50.3333,12.0633,73,50.3333,12.0633,73,0.4667,1.2459,4,0.2328,0.0355,0.3036
stress,warehouse,32,inf,pp-batch-normal,pact-proxy,pp,15,359.0667,25.5188,398,100,0,100,0,0,0,0,0,0,27.9851,2.0421,31.6456,154.5607,5.299,162.38,91.6387,4.1994,100.18,62.922,2.1733,67.12,6292.2,217.329,6712,7512.3333,217.1427,7856,140.2,24.5973,186,0,0,0,0,0,0,0.0667,0.2582,1,1.2667,1.5337,5,0,0,0,0,0,0,0,0,0,0,0,0,0,0,0,135.2,6.1783,145,4269.0667,200.2165,4577,248552.0667,20050.1713,278396,394.5948,33.8251,442.0677,13.38,2.1965,19.558,1.105,0.1268,1.2927,0.55,0.041,0.6207,0.4877,0.0306,0.5376,359.0667,25.5188,398,11490.1333,816.6018,12736,0,0,0,0,0,0,0,0,0,0,0,0,23.8,9.8358,47,9.8667,3.9437,16,16.2667,5.2436,26,50.2667,12.4066,83,50.2667,12.4066,83,0.2667,1.0328,4,0.2444,0.0303,0.286
stress,warehouse,32,inf,pp-batch-normal,pact,pp,15,351.1333,29.739,405,100,0,100,0,0,0,0,0,0,28.6681,2.396,32.4675,154.1307,4.5655,161.89,92.7213,4.754,100.46,61.4093,2.1436,63.96,6140.9333,214.3587,6396,7360.3333,199.8688,7810,152.6667,23.7928,180,0,0,0,0,0,0,0,0,0,2.5333,1.6847,7,0,0,0,0,0,0,0,0,0,0,0,0,0,0,0,133.4667,9.4102,151,5138.8667,392.0608,5896,279385.3333,22538.0463,315343,437.2294,27.8185,474.703,57.6053,7.5763,69.5174,1.2529,0.1244,1.4473,0.551,0.0587,0.6366,0.4831,0.022,0.52,351.1333,29.739,405,11236.2667,951.6488,12960,0,0,0,0,0,0,0,0,0,0,0,0,19.6,8.8221,42,11,3.1396,17,18.8,3.8396,26,54.0667,14.4344,89,54.0667,14.4344,89,0.6,1.4541,5,0.2322,0.0309,0.2769
stress,warehouse,32,inf,pp-batch-normal,greedy,pp,15,349.3333,33.2021,412,100,0,100,0,0,0,0,0,0,28.8723,2.7892,33.4448,155.0593,8.5233,165.17,93.0427,6.4402,101.77,62.0167,2.8565,65.95,6201.6667,285.6546,6595,7371.2,289.088,7813,138.4,25.8424,183,0,0,0,0,0,0,0,0,0,2.3333,1.9149,6,0,0,0,0,0,0,0,0,0,0,0,0,0,0,0,130.4,10.8615,149,4123.8667,346.073,4703,248632.0667,23394.3765,293454,382.5547,27.6281,445.1135,12.185,4.2653,25.5255,1.1053,0.1406,1.3719,0.559,0.0547,0.6757,0.4928,0.0224,0.527,349.3333,33.2021,412,11178.6667,1062.4679,13184,0,0,0,0,0,0,0,0,0,0,0,0,24.6667,10.479,46,8.6,3.4806,15,15.7333,4.6363,22,54.3333,17.0364,104,54.3333,17.0364,104,0,0,0,0.2491,0.0289,0.2979
stress,warehouse,32,inf,pp-batch-stress,hungarian,pp,15,934.4,519.5488,2189,99.4667,1.1255,100,0.5333,1.1255,3,0.2,0.414,1,12.6934,4.0069,15.873,341.2152,21.4029,377.65,279.7734,19.4084,316.38,61.4419,3.2972,67.26,6110.9333,324.6929,6726,7688.6,432.0144,8513,938.0667,1808.0298,5998,0,0,0,16.7333,1.6242,20,20.7333,3.3051,27,15.7333,51.1908,200,0,0,0,0,0,0,0,0,0,0,0,0,0,0,0,265.2,104.5768,511,3691.2,1236.9541,6976,199110.3333,61060.089,337490,320.2056,73.8993,486.4886,12.4999,1.6991,16.7846,0.3835,0.0874,0.4864,0.2509,0.057,0.2957,0.1854,0.0244,0.235,934.4,519.5488,2189,29900.8,16625.5621,70048,0,0,0,0,0,0,0,0,0,16.7333,1.6242,20,258.9333,384.5789,1001,308.8,593.3863,1844,339.2667,634.0317,1844,352.8667,627.089,1844,348.4,629.3702,1844,333.5333,29.0268,371,0,0,0.0001
stress,warehouse,32,inf,pp-batch-stress,pact-proxy,pp,15,1228,529.0188,1826,99.1333,1.1255,100,0.8667,1.1255,3,0.4667,0.5164,1,9.8827,4.5214,15.1976,335.5836,17.2754,365.88,273.8728,16.1235,302.4,61.7108,2.4125,66.84,6118,260.0261,6684,7884.3333,370.2595,8520,2321.0667,2306.3794,5945,0,0,0,17.4,2.6403,23,22.9333,4.7278,30,0.8667,0.9155,3,0,0,0,0,0,0,0,0,0,0,0,0,0,0,0,324.4,107.9668,463,4526,1377.6143,6514,326218.8667,161883.9372,605668,474.3305,191.127,796.2503,20.1165,4.3714,28.3801,0.3981,0.0577,0.4755,0.2044,0.0738,0.2874,0.2073,0.0563,0.289,1228,529.0188,1826,39296,16928.6006,58432,0,0,0,0,0,0,0,0,0,17.4,2.6403,23,548.4,464.301,1001,666.4667,606.8714,1356,675.9333,605.4897,1356,684.5333,597.855,1356,680.2,602.534,1356,337.1333,23.2989,385,0,0,0.0001
stress,warehouse,32,inf,pp-batch-stress,pact,pp,15,1187.4,575.9163,2076,99.0667,1.387,100,0.9333,1.387,5,0.4667,0.5164,1,10.5215,4.85,16.2602,332.7407,23.1828,393.5859,273.1445,22.5618,333.4242,59.5961,2.1557,64.71,5905.6,267.4071,6471,7707,311.6523,8116,2075.2667,2290.8563,6821,0,0,0,17.8,3.4888,26,21.6,4.6874,30,1,0.7559,2,0,0,0,0,0,0,0,0,0,0,0,0,0,0,0,315.9333,119.7709,498,5698.9333,1478.7356,8050,318844.3333,145798.1797,632956,489.178,173.251,906.715,87.2763,13.4514,109.6395,0.4529,0.1099,0.6179,0.2143,0.0747,0.2924,0.195,0.0613,0.2904,1187.4,575.9163,2076,37996.8,18429.3204,66432,0,0,0,0,0,0,0,0,0,17.8,3.4888,26,502.2667,483.0225,1001,649,680.2197,1720,656.4,681.6659,1720,664.1333,675.5611,1720,658.6667,680.8873,1720,320.5333,29.1373,353,0.0001,0,0.0001
stress,warehouse,32,inf,pp-batch-stress,greedy,pp,15,1011.6667,477.8237,1732,99.5333,0.7432,100,0.4667,0.7432,2,0.3333,0.488,1,11.7183,4.2808,15.6495,331.1039,19.313,361.96,270.8904,17.3622,300.9,60.2136,3.0343,64.34,5993.5333,310.8709,6434,7614.6,373.6599,8174,1248.7333,2105.4214,7414,0,0,0,16.3333,2.0587,21,21.8,3.9857,29,1.2667,1.0998,4,0,0,0,0,0,0,0,0,0,0,0,0,0,0,0,281.1333,94.7575,419,3985.9333,1197.7628,6038,231340.7333,114853.198,527858,359.414,136.1245,700.8944,13.1906,3.3081,19.7239,0.3802,0.0803,0.4721,0.2307,0.0701,0.3014,0.2114,0.0459,0.3016,1011.6667,477.8237,1732,32373.3333,15290.3596,55424,0,0,0,0,0,0,0,0,0,16.3333,2.0587,21,381.8,453.6736,1001,405.9333,539.3188,1349,407.8,537.9303,1349,421.9333,528.0275,1351,421.9333,528.0275,1351,342.0667,20.8822,389,0,0,0.0001
stress,warehouse,32,0.15,cbs-poisson-normal,hungarian,cbs,15,714,81.7234,900,100,0,100,0,0,0,0,0,0,14.1719,1.5724,17.1233,50.5247,2.2193,55.21,2.442,0.4747,3.84,48.0827,1.893,51.37,4808.2667,189.297,5137,7303.4667,336.9052,7852,67.8,20.8813,97,0,0,0,0,0,0,3.2667,1.6242,6,0.0667,0.2582,1,0,0,0,0,0,0,0,0,0,0,0,0,0,0,0,161.8667,16.3745,194,5621.6,426.4818,6414,93446.7333,19745.5686,124964,239.1294,28.6407,297.7318,10.4673,1.1362,12.799,0.3418,0.0721,0.5098,0.2133,0.0277,0.2722,0.4627,0.0358,0.5409,714,81.7234,900,22848,2615.1488,28800,0,0,0,0,0,0,0,0,0,0,0,0,20.3333,4.3698,29,6.4667,1.4075,10,10.8,3.6684,19,31.5333,7.9899,46,31.5333,7.9899,46,4.1333,1.2459,5,0.1238,0.0193,0.1561
stress,warehouse,32,0.15,cbs-poisson-normal,pact-proxy,cbs,15,733.6,87.7723,950,100,0,100,0,0,0,0,0,0,13.7991,1.5157,16.2602,51.1727,1.9319,54.65,2.674,0.537,3.99,48.4987,1.6564,51.58,4849.8667,165.6394,5158,7422.6667,348.0738,8022,65.7333,14.8923,89,0,0,0,0,0,0,2.2667,1.2799,5,0.0667,0.2582,1,0,0,0,0,0,0,0,0,0,0,0,0,0,0,0,164.5333,17.6144,202,5708.4,508.4614,6623,92921,12190.5776,112713,244.1977,23.6924,288.7952,18.2864,1.3296,21.2145,0.3377,0.0539,0.4285,0.2088,0.0204,0.235,0.4478,0.0302,0.4934,733.6,87.7723,950,23475.2,2808.7126,30400,0,0,0,0,0,0,0,0,0,0,0,0,22.4,5.0114,34,7.8,2.6511,13,13.0667,5.0493,20,32.1333,8.3569,48,32.1333,8.3569,48,3.4667,1.5523,5,0.1361,0.0403,0.2622
stress,warehouse,32,0.15,cbs-poisson-normal,pact,cbs,15,712.7333,54.1776,851,100,0,100,0,0,0,0,0,0,14.1011,0.9988,15.6986,51.6193,2.3346,55.26,3.1467,1.167,5.5,48.4727,1.9382,52.5,4847.2667,193.8237,5250,7363.3333,301.2134,8020,64.3333,15.0412,88,0,0,0,0,0,0,2.2667,1.3345,5,0.1333,0.3519,1,0,0,0,0,0,0,0,0,0,0,0,0,0,0,0,165.9333,12.9806,190,8288.2,503.6325,9108,151417.9333,18038.3252,183321,370.1701,42.7641,465.288,128.7589,8.8102,147.8186,0.5221,0.0709,0.6714,0.2138,0.0193,0.2455,0.4449,0.0346,0.5124,712.7333,54.1776,851,22807.4667,1733.6824,27232,0,0,0,0,0,0,0,0,0,0,0,0,18.5333,3.4407,23,6.8667,2.1668,13,11.3333,3.9581,19,34.0667,11.003,57,34.0667,11.003,57,3.6667,1.3973,5,0.1427,0.0256,0.1937
stress,warehouse,32,0.15,cbs-poisson-normal,greedy,cbs,15,730.8667,76.2851,917,100,0,100,0,0,0,0,0,0,13.8155,1.3795,16.1551,51.1487,2.2004,56.99,2.918,0.8029,5.08,48.2307,1.6247,51.91,4823.0667,162.4739,5191,7401.1333,275.949,7872,71.2667,22.2405,114,0,0,0,0,0,0,3.4,1.8822,8,0.1333,0.3519,1,0,0,0,0,0,0,0,0,0,0,0,0,0,0,0,167.8,12.8297,203,5832.4667,327.6498,6580,95852.6667,17973.5704,123444,251.9994,44.4347,338.798,10.4997,2.216,15.5301,0.3524,0.0932,0.5473,0.2085,0.0246,0.2621,0.4626,0.0301,0.5241,730.8667,76.2851,917,23387.7333,2441.1217,29344,0,0,0,0,0,0,0,0,0,0,0,0,24.5333,8.6756,51,7.1333,2.8251,15,13,4.3425,21,30.8,7.5423,47,30.8,7.5423,47,4.8,3.0519,15,0.1238,0.0209,0.174
stress,warehouse,32,0.15,cbs-poisson-stress,hungarian,cbs,15,1039.4667,470.6116,1907,99.2667,2.0517,100,0.7333,2.0517,8,0.2667,0.4577,1,11.0768,3.6549,14.1443,91.5877,20.7677,129.18,35.338,19.627,73.47,56.2497,2.677,59.3043,5581.8,249.2237,5890,7881.2667,393.9047,8381,1335,2651.3182,10037,0,0,0,12.3333,1.543,15,27.6667,5.2327,39,9.4,36.1303,140,19,71.1035,276,19,71.1035,276,0,0,0,0,0,0,0,0,0,267.6,94.9005,450,47753,155692.6574,610427,8118632.5333,29297367.661,114007215,12894.3786,45386.8302,176927.6739,12.4231,3.1348,19.9015,7.3506,23.65,92.778,0.2076,0.0493,0.256,0.2785,0.0457,0.3656,1039.4667,470.6116,1907,33262.9333,15059.5708,61024,0,0,0,0,0,0,0,0,0,12.3333,1.543,15,287,445.756,1001,360.6,537.5839,1497,377.4667,558.2515,1497,386.7333,552.7165,1497,382.6,555.4169,1497,369.4667,45.5864,417,0.0001,0.0001,0.0002
stress,warehouse,32,0.15,cbs-poisson-stress,pact-proxy,cbs,15,911.9333,424.483,2147,99.9333,0.2582,100,0.0667,0.2582,1,0.0667,0.2582,1,12.2551,3.0804,15.5039,87.908,13.9716,121.72,29.6226,13.1234,64.8,58.2853,5.2741,74.19,5824.8,529.3278,7419,7974.6,602.8107,9308,748.6667,1385.0924,4420,0,0,0,12.2,1.7403,17,27.1333,3.7007,35,0.1333,0.3519,1,7.7333,19.7826,63,7.7333,19.7826,63,0,0,0,0,0,0,0,0,0,242.2667,83.1741,485,21428.4667,41128.8584,139029,3594421.1333,8461458.2756,27946992,6019.2602,13723.8485,46529.2289,19.9416,9.8898,53.4466,5.1633,12.4524,48.2168,0.2217,0.0478,0.2608,0.2759,0.0386,0.3424,911.9333,424.483,2147,29181.8667,13583.4546,68704,0,0,0,0,0,0,0,0,0,12.2,1.7403,17,148.4,316.7019,1001,211.2,391.0378,1310,231.0667,400.1499,1315,243.4667,398.3711,1315,206.1333,406.1734,1315,373.3333,30.9462,411,0.0001,0.0001,0.0002
stress,warehouse,32,0.15,cbs-poisson-stress,pact,cbs,15,947.4667,420.5729,1772,99.6667,0.7237,100,0.3333,0.7237,2,0.2,0.414,1,11.8992,3.3626,14.6843,87.7741,24.2358,144.1818,30.5409,22.2834,83.4444,57.2332,3.6317,63.2959,5703.8667,356.5357,6203,7982.7333,413.5464,8482,724.8,1030.8061,3241,0,0,0,11.9333,1.4376,15,27.7333,4.5272,36,0.4667,0.8338,3,3.8,7.5895,21,3.8,7.5895,21,0,0,0,0,0,0,0,0,0,253.0667,88.4061,426,14745.6667,15823.4742,48300,2481033.3333,4342539.0252,11630427,4276.5649,7129.7627,19358.3985,77.3819,21.7337,120.146,5.232,9.2205,26.6645,0.218,0.0487,0.2636,0.2852,0.0337,0.3417,947.4667,420.5729,1772,30318.9333,13458.3323,56704,0,0,0,0,0,0,0,0,0,11.9333,1.4376,15,221,403.8371,1001,298.4667,429.891,1155,323.9333,459.8634,1291,329.1333,457.959,1295,306.0667,466.4863,1295,370.2,29.6195,425,0.0001,0.0001,0.0005
stress,warehouse,32,0.15,cbs-poisson-stress,greedy,cbs,15,1152.3333,497.765,1885,99.3333,1.1127,100,0.6667,1.1127,3,0.3333,0.488,1,10.1498,3.8334,14.556,96.2565,23.9946,137.5714,39.5283,21.8851,76.5816,56.7282,3.0237,61.3636,5633.7333,280.9366,6075,7936.6667,394.4842,8769,1919.2667,2662.0976,8671,0,0,0,13.8667,3.3138,23,27.3333,4.7157,38,0.6667,1.5887,6,21.6667,54.8448,191,21.6667,54.8448,191,0,0,0,0,0,0,0,0,0,294,105.6632,439,54443.8667,122280.6535,432513,9691695.4667,25576579.0912,94946847,15887.645,40864.1488,151720.6928,13.3311,4.2609,24.3297,9.5205,21.8286,80.4884,0.1895,0.0498,0.2625,0.2601,0.0597,0.3607,1152.3333,497.765,1885,36874.6667,15928.4786,60320,0,0,0,0,0,0,0,0,0,13.8667,3.3138,23,401.1333,468.6607,1001,497.0667,565.0429,1327,505.8667,567.3789,1327,512.2,564.4265,1327,490.9333,575.8145,1327,356.4667,29.5124,406,0.0001,0,0.0002
stress,warehouse,32,inf,cbs-batch-normal,hungarian,cbs,15,344.7333,31.5039,400,100,0,100,0,0,0,0,0,0,29.2328,2.6473,33.4448,150.8073,6.1191,161.7,90.8893,4.6269,100.81,59.918,2.711,65.61,5991.8,271.0976,6561,7364.6667,331.6282,7956,163.8,28.9092,211,0,0,0,0,0,0,0.0667,0.2582,1,1.4,1.1832,4,2.8667,2.5875,9,2.8667,2.5875,9,0,0,0,0,0,0,0,0,0,132.2667,8.3791,149,16060.0667,6137.4991,29446,846106,244707.805,1190598,2543.6693,1052.4022,4816.1583,17.2785,5.5539,27.4573,7.4545,3.0402,13.4155,0.5466,0.0465,0.6211,0.4902,0.0321,0.5413,344.7333,31.5039,400,11031.4667,1008.1246,12800,0,0,0,0,0,0,0,0,0,0,0,0,21.6,9.5454,48,12.4,2.1314,15,20.6667,3.244,27,45,8.4261,59,45,8.4261,59,0.4667,1.2459,4,0.242,0.0363,0.3104
stress,warehouse,32,inf,cbs-batch-normal,pact-proxy,cbs,15,342.1333,27.3362,393,100,0,100,0,0,0,0,0,0,29.4027,2.3463,33.3333,147.0527,4.7516,156.04,87.0533,4.0223,95.62,59.9993,1.7012,62.71,5999.9333,170.1174,6271,7402.9333,214.4013,7651,142.0667,25.927,188,0,0,0,0,0,0,0,0,0,0.9333,0.8837,3,3.4667,2.8999,10,3.4667,2.8999,10,0,0,0,0,0,0,0,0,0,133.3333,7.1979,144,17648,6915.0629,30143,1137395.6,502951.1855,2048102,3181.6535,1392.1839,5228.5822,18.4691,6.9192,38.5126,9.4289,4.2927,15.1529,0.5513,0.0472,0.6489,0.4937,0.0302,0.5415,342.1333,27.3362,393,10948.2667,874.7577,12576,0,0,0,0,0,0,0,0,0,0,0,0,24.3333,11.4746,43,10,3.7033,16,17,5.2372,25,47.3333,10.9913,75,47.3333,10.9913,75,0,0,0,0.2549,0.035,0.3221
stress,warehouse,32,inf,cbs-batch-normal,pact,cbs,15,344.6667,31.764,393,100,0,100,0,0,0,0,0,0,29.2471,2.7233,34.1297,147.704,6.356,159.11,88.7213,5.5922,96.82,58.9827,2.4997,63.05,5898.2667,249.9658,6305,7274.7333,225.6047,7721,162.2667,21.3858,205,0,0,0,0,0,0,0,0,0,1.3333,0.7237,3,3.6667,3.658,14,3.6667,3.658,14,0,0,0,0,0,0,0,0,0,133.8667,10.8947,158,19899.4,9374.4473,41196,1092900.5333,576193.6847,2381587,3252.0184,1813.594,7000.6967,63.7472,9.9057,84.2688,9.4072,4.8347,19.2668,0.5392,0.0559,0.6379,0.4865,0.0226,0.5197,344.6667,31.764,393,11029.3333,1016.4483,12576,0,0,0,0,0,0,0,0,0,0,0,0,23.7333,10.99,50,11.4667,2.2318,15,19.2667,2.9873,25,46.0667,12.5497,85,46.0667,12.5497,85,0.4,1.1212,4,0.2411,0.0326,0.2891
stress,warehouse,32,inf,cbs-batch-normal,greedy,cbs,15,331.6667,29.2371,379,100,0,100,0,0,0,0,0,0,30.3691,2.6665,35.8423,147.09,7.3755,156.01,88.0713,5.6019,95.5,59.0187,2.4103,62.71,5901.8667,241.029,6271,7257.6,325.8117,7671,147.1333,28.4752,196,0,0,0,0,0,0,0,0,0,1.4,1.4541,5,4.3333,4.3698,11,4.3333,4.3698,11,0,0,0,0,0,0,0,0,0,128.3333,9.2633,145,19692.1333,10073.0804,35637,1097927,604474.7755,2130352,3317.008,1907.2436,5864.712,14.5344,7.0266,36.968,9.9744,5.7686,18.4885,0.5591,0.0416,0.6281,0.4992,0.0236,0.5413,331.6667,29.2371,379,10613.3333,935.588,12128,0,0,0,0,0,0,0,0,0,0,0,0,23.0667,9.5728,43,10.7333,3.1952,15,19.2667,4.5114,25,45.3333,11.2292,66,45.3333,11.2292,66,0,0,0,0.2597,0.0362,0.3338
stress,warehouse,32,inf,cbs-batch-stress,hungarian,cbs,15,1144.4667,594.125,2393,99.5333,0.7432,100,0.4667,0.7432,2,0.3333,0.488,1,10.8958,4.669,15.7233,337.592,20.967,371.4141,277.2454,19.0897,310.8586,60.3466,4.9564,74.81,6007.6667,511.3247,7481,7748.4667,438.6883,8409,1866.4,2777.29,10057,0,0,0,17.0667,2.7894,22,22.3333,4.5617,32,7.9333,25.9215,101,27.1333,56.8279,161,27.1333,56.8279,161,0,0,0,0,0,0,0,0,0,307.6667,120.6611,557,63521.6,115943.257,334483,13281401.8,26922902.8365,74899343,20163.0649,39684.9302,114011.8353,21.6489,8.8476,37.7628,11.1133,20.0961,62.1549,0.2138,0.0726,0.2851,0.2044,0.06,0.346,1144.4667,594.125,2393,36622.9333,19012.001,76576,0,0,0,0,0,0,0,0,0,17.0667,2.7894,22,442.4,460.6701,1001,573.8,666.4402,2016,578.4,663.5055,2016,585.4667,658.2697,2016,579.0667,663.7372,2016,340.2,30.9613,382,0,0,0.0001
stress,warehouse,32,inf,cbs-batch-stress,pact-proxy,cbs,15,1008.7333,489.7856,1708,99.6667,0.488,100,0.3333,0.488,1,0.3333,0.488,1,11.8654,4.3901,15.7233,328.1251,17.817,362.81,269.0095,16.9717,301.83,59.1156,1.7792,62.33,5892.3333,195.8821,6233,7705.2,333.5905,8287,794.5333,1005.2669,3143,0,0,0,15.6,1.1212,18,22.6667,5.3675,31,0.7333,0.7988,2,0.6,0.9103,3,0.6,0.9103,3,0,0,0,0,0,0,0,0,0,277.8,99.1515,426,9371.4667,3444.8965,14213,643040.3333,460425.7908,1725090,1494.2294,835.1479,3171.1427,24.0942,4.7747,35.2865,1.6783,1.1921,4.35,0.2278,0.073,0.2873,0.2336,0.0524,0.3232,1008.7333,489.7856,1708,32279.4667,15673.1389,54656,0,0,0,0,0,0,0,0,0,15.6,1.1212,18,388.2,449.2942,1001,352.4,457.9925,1245,385.7333,479.8264,1245,392.5333,476.6301,1245,353.2667,469.7255,1245,359.8,23.8753,404,0,0,0.0001
stress,warehouse,32,inf,cbs-batch-stress,pact,cbs,15,1098.4,527.8467,1826,99.2667,1.0328,100,0.7333,1.0328,3,0.4,0.5071,1,11.0804,4.5693,15.8479,323.657,17.8712,350.9694,265.5029,17.0546,292.13,58.1541,2.1311,61.2929,5772.3333,208.1458,6124,7657.7333,347.8948,8382,1682.2,2193.6033,7174,0,0,0,16.8667,2.7997,23,22.2,4.0918,33,0.8667,0.9155,3,1.6667,3.244,12,1.6667,3.244,12,0,0,0,0,0,0,0,0,0,299.6667,106.7906,453,12822.0667,7305.2959,35570,948339.3333,1291809.1477,5512592,2054.4321,2214.299,9672.1139,99.1603,26.8259,148.6653,2.4288,3.4717,14.4576,0.2141,0.0653,0.294,0.2148,0.046,0.324,1098.4,527.8467,1826,35148.8,16891.0937,58432,0,0,0,0,0,0,0,0,0,16.8667,2.7997,23,440.4667,473.8756,1001,482.7333,556.4689,1374,496.6667,567.3105,1374,504.0667,563.0348,1374,465.6667,542.4421,1374,341.6667,25.9633,391,0,0,0.0001
stress,warehouse,32,inf,cbs-batch-stress,greedy,cbs,15,936.8,456.4785,1709,99.6667,0.6172,100,0.3333,0.6172,2,0.2667,0.4577,1,12.5199,4.1482,15.7729,324.8496,20.4068,353.99,266.8093,18.3673,295.22,58.0403,2.7382,61.56,5785.4,289.963,6156,7573.0667,303.2984,8206,966.6,1516.928,4132,0,0,0,16.0667,1.9809,19,21.2667,3.4737,28,0.6,0.6325,2,0.5333,1.1255,4,0.5333,1.1255,4,0,0,0,0,0,0,0,0,0,265.1333,90.8208,427,7894.9333,3660.4743,19059,526091.1333,482116.3018,1995522,1211.2778,929.5263,3950.7915,16.2527,5.065,27.0992,1.2576,0.4945,2.3118,0.2361,0.0663,0.2889,0.2116,0.0401,0.2961,936.8,456.4785,1709,29977.6,14607.3113,54688,0,0,0,0,0,0,0,0,0,16.0667,1.9809,19,326.2667,421.6873,1001,330.2,530.6072,1268,333.8667,528.4163,1268,346.4667,520.3768,1268,341.4667,523.3536,1268,334.4667,32.0176,383,0,0,0.0002
stress,console,16,0.15,pp-poisson-normal,hungarian,pp,15,731.2667,74.0391,904,100,0,100,0,0,0,0,0,0,13.802,1.3577,16.5289,55.0233,4.0707,63.79,4.6713,2.1228,10.02,50.352,2.1958,54.54,5035.2,219.5766,5454,6120.8667,186.6459,6470,100.0667,25.3982,158,0,0,0,0,0,0,3.4667,2.2318,7,0.1333,0.3519,1,0,0,0,0,0,0,0,0,0,0,0,0,0,0,0,179,9,197,2809.4667,142.3958,3084,99824.5333,18631.7103,134850,169.6333,32.0839,220.4314,8.1872,2.4194,14.2931,0.2364,0.0609,0.3643,0.4351,0.0544,0.5634,0.3812,0.0398,0.4645,731.2667,74.0391,904,11700.2667,1184.6248,14464,0,0,0,0,0,0,0,0,0,0,0,0,21.9333,5.6753,36,8.8,3.2994,13,16,6.0828,26,40.4,8.5507,58,40.4,8.5507,58,7.2,10.1714,33,0.1356,0.0183,0.177
stress,console,16,0.15,pp-poisson-normal,pact-proxy,pp,15,731.6,87.127,940,100,0,100,0,0,0,0,0,0,13.8367,1.525,15.8983,53.808,2.8477,60.36,4.6327,1.8526,9.4,49.1753,1.5584,52.35,4917.5333,155.841,5235,6085.2,172.1055,6359,84.7333,28.5744,174,0,0,0,0,0,0,2.9333,1.4864,6,0.2667,0.5936,2,0,0,0,0,0,0,0,0,0,0,0,0,0,0,0,178.4,11.0892,205,2802.2667,180.3075,3243,88396.0667,16722.9886,123078,166.1963,37.0503,276.5583,11.3706,2.2184,18.2192,0.2332,0.0741,0.4397,0.4257,0.0523,0.5008,0.3695,0.0377,0.4629,731.6,87.127,940,11705.6,1394.032,15040,0,0,0,0,0,0,0,0,0,0,0,0,22.2,3.9316,27,7.1333,2.669,14,12.8,4.9454,24,32.6,8.5674,54,32.6,8.5674,54,4.6,3.3552,16,0.1441,0.0202,0.189
stress,console,16,0.15,pp-poisson-normal,pact,pp,15,728.1333,62.1287,882,100,0,100,0,0,0,0,0,0,13.8209,1.0987,15.4321,55.5613,3.2184,60.04,5.0027,1.6674,7.85,50.5587,1.9708,54.3,5055.8667,197.0772,5430,6191.0667,209.8164,6580,95,29.372,144,0,0,0,0,0,0,3.8667,1.9591,8,0.3333,0.6172,2,0,0,0,0,0,0,0,0,0,0,0,0,0,0,0,180.4667,14.8414,212,3651.1333,228.9401,4162,116456.1333,18944.5723,150234,212.5596,25.9818,263.0246,52.4,7.5537,73.3135,0.2947,0.049,0.4059,0.437,0.042,0.4865,0.3808,0.0346,0.4644,728.1333,62.1287,882,11650.1333,994.0599,14112,0,0,0,0,0,0,0,0,0,0,0,0,22.8,4.1438,30,7.2667,1.7099,11,14.1333,4.764,21,34.2,6.6997,43,34.2,6.6997,43,5.6667,7.017,25,0.1341,0.0135,0.1573
stress,console,16,0.15,pp-poisson-normal,greedy,pp,15,729.1333,69.4857,894,100,0,100,0,0,0,0,0,0,13.8241,1.2339,15.5039,54.5493,2.6716,58.97,4.9773,1.8359,8.77,49.572,1.4496,51.45,4957.2,144.9562,5145,6103.5333,230.0093,6398,89.4667,23.0802,125,0,0,0,0,0,0,3.1333,1.0601,5,0.0667,0.2582,1,0,0,0,0,0,0,0,0,0,0,0,0,0,0,0,178.4,11.3691,197,2789.8,178.7565,3109,91738.6,17535.8707,122450,166.178,31.7868,223.1078,7.7164,1.6739,13.0522,0.2322,0.0587,0.3359,0.4282,0.0395,0.4763,0.3872,0.0301,0.4261,729.1333,69.4857,894,11666.1333,1111.7717,14304,0,0,0,0,0,0,0,0,0,0,0,0,20.6,3.1803,29,7.4,2.7203,15,13.7333,5.7752,27,36.4,10.3565,59,36.4,10.3565,59,3.8,1.2649,5,0.1404,0.0193,0.1781
stress,console,16,0.15,pp-poisson-stress,hungarian,pp,15,960,572.0124,3020,100,0,100,0,0,0,0,0,0,11.7439,2.4429,13.3333,135.8427,39.2735,203.2,78.7553,34.0632,139.74,57.0873,21.0924,133.1,5708.7333,2109.239,13310,5722.6,227.4086,6091,720,2363.7891,9263,0,0,0,4.1333,2.7997,14,18.6667,1.5887,22,19.7333,74.4949,289,0,0,0,0,0,0,0,0,0,0,0,0,0,0,0,260.2667,115.1418,674,2338.8,732.3174,4963,134505.1333,102192.2423,498003,214.9473,111.2828,605.6408,7.8841,0.8909,9.6261,0.2292,0.0386,0.3092,0.3898,0.0361,0.4258,0.318,0.096,0.413,960,572.0124,3020,15360,9152.1978,48320,0,0,0,0,0,0,0,0,0,4.1333,2.7997,14,91.8667,207.7343,840,180.0667,584.6181,2290,184,583.4398,2290,198.3333,579.2005,2290,194.1333,580.4037,2290,277.1333,36.7479,362,0.0003,0.0003,0.0009
stress,console,16,0.15,pp-poisson-stress,pact-proxy,pp,15,1112.9333,490.3569,1929,99.2667,1.4864,100,0.7333,1.4864,5,0.2667,0.4577,1,10.2792,3.3472,13.5135,121.0018,27.7267,185.64,70.0908,27.9289,134.98,50.911,1.3331,52.72,5053.9333,158.8033,5272,5700.7333,258.5278,6312,1222.1333,1902.1623,5223,0,0,0,4.5333,1.9591,9,18.9333,1.5337,22,0.4667,0.7432,2,0,0,0,0,0,0,0,0,0,0,0,0,0,0,0,290.1333,101.474,463,2658.5333,947.8713,4400,150767,86600.0532,408524,227.9869,88.303,475.2217,9.7859,1.0933,12.6354,0.2123,0.0358,0.2737,0.3481,0.0724,0.4377,0.319,0.0554,0.4353,1112.9333,490.3569,1929,17806.9333,7845.711,30864,0,0,0,0,0,0,0,0,0,4.5333,1.9591,9,298.4667,439.0294,1001,410.4667,639.5342,1539,429.5333,650.9688,1539,440.1333,644.5758,1539,437.0667,646.5081,1539,281.2667,48.9526,374,0.0002,0.0001,0.0004
stress,console,16,0.15,pp-poisson-stress,pact,pp,15,917.4667,327.1155,2083,99.7333,1.0328,100,0.2667,1.0328,4,0.0667,0.2582,1,11.543,2.0685,13.3333,125.2725,33.2365,181.4,73.3445,32.853,129.4,51.928,1.6249,54.45,5178.8,166.2104,5445,5767.7333,202.4706,6209,467.4667,1203.4453,4775,0,0,0,4.4667,2.9968,14,18.4667,2.3865,22,0.2667,0.5936,2,0,0,0,0,0,0,0,0,0,0,0,0,0,0,0,254.9333,69.4174,500,2758.4,312.6072,3757,136455.5333,52008.1919,312150,231.8045,65.0799,415.5661,36.0173,7.6548,51.8903,0.2578,0.0464,0.3556,0.38,0.0469,0.4292,0.3333,0.1022,0.4545,917.4667,327.1155,2083,14679.4667,5233.848,33328,0,0,0,0,0,0,0,0,0,4.4667,2.9968,14,97.8667,250.0505,1001,159.6,423.7433,1660,166.8,421.8363,1660,177,418.2077,1660,170.4,419.7638,1660,273.1333,30.6824,322,0.0004,0.0003,0.0011
stress,console,16,0.15,pp-poisson-stress,greedy,pp,15,1008.9333,445.4127,2366,99.4,1.8439,100,0.6,1.8439,7,0.1333,0.3519,1,10.9296,2.7018,13.6426,138.4717,50.3497,264.129,87.2309,50.3402,213.2688,51.2408,1.9597,54.15,5094.1333,235.0364,5415,5717.6,266.4815,6282,945.6,2331.9057,9082,0,0,0,4.5333,2.615,11,18.6,2.1647,22,5.3333,19.8302,77,0,0,0,0,0,0,0,0,0,0,0,0,0,0,0,271.9333,92.5847,550,2421.4,677.8405,4147,128317.2,57494.2214,296665,205.7104,63.3009,379.338,7.3668,1.5291,11.2753,0.2123,0.0386,0.2764,0.3672,0.0557,0.4213,0.3238,0.0838,0.4461,1008.9333,445.4127,2366,16142.9333,7126.6036,37856,0,0,0,0,0,0,0,0,0,4.5333,2.615,11,171.1333,337.2322,1001,261.7333,550.7847,1911,278.0667,584.4379,2075,287.2667,580.2922,2075,284.9333,581.3537,2075,264.2,49.5944,355,0.0004,0.0005,0.0016
stress,console,16,inf,pp-batch-normal,hungarian,pp,15,463,26.9417,512,100,0,100,0,0,0,0,0,0,21.6661,1.2527,24.3902,209.514,5.4464,217.83,153.4867,4.6082,160.32,56.0273,1.431,57.57,5602.7333,143.0956,5757,5458.2,170.0106,5742,146.3333,18.196,176,0,0,0,0,0,0,1.1333,1.2459,5,1.2667,1.2228,4,0,0,0,0,0,0,0,0,0,0,0,0,0,0,0,160.9333,10.423,179,2517.9333,161.5083,2793,191358.4,17085.882,222056,285.7928,27.9941,328.1167,8.0663,0.7723,9.5842,0.6188,0.0684,0.7642,0.7588,0.0504,0.8776,0.4067,0.0414,0.4679,463,26.9417,512,7408,431.0678,8192,0,0,0,0,0,0,0,0,0,0,0,0,22.5333,9.6353,42,10.0667,3.3267,16,18,4.0532,28,44.7333,12.7586,75,44.7333,12.7586,75,2.6667,1.7593,5,0.1754,0.0248,0.2281
stress,console,16,inf,pp-batch-normal,pact-proxy,pp,15,451.8667,32.2842,520,100,0,100,0,0,0,0,0,0,22.2338,1.5561,25,209.2153,9.8453,224.68,153.3027,8.2598,165.75,55.9127,1.8718,58.93,5591.2667,187.1781,5893,5485.8667,239.9092,5895,141.6,15.9096,169,0,0,0,0,0,0,1.1333,1.0601,3,0.4,0.5071,1,0,0,0,0,0,0,0,0,0,0,0,0,0,0,0,157.4667,9.1015,177,2471.5333,140.7885,2776,186057.7333,14595.4339,211897,279.318,29.0964,322.8265,10.0703,1.658,15.0165,0.6212,0.0797,0.7551,0.7764,0.0516,0.873,0.3929,0.0394,0.4607,451.8667,32.2842,520,7229.8667,516.5465,8320,0,0,0,0,0,0,0,0,0,0,0,0,22.9333,7.8237,37,10.1333,3.1593,15,18.4,4.372,24,39.0667,7.2945,60,39.0667,7.2945,60,2.2667,1.7512,5,0.1721,0.0353,0.2452
stress,console,16,inf,pp-batch-normal,pact,pp,15,485.4667,50.1809,570,100,0,100,0,0,0,0,0,0,20.7972,2.0657,23.9808,212.8593,7.0077,227.57,156.8787,6.2402,169.13,55.9807,1.2508,58.44,5598.0667,125.0751,5844,5520.5333,125.0496,5690,144.1333,22.69,178,0,0,0,0,0,0,2.1333,1.3558,5,1.0667,0.7037,2,0,0,0,0,0,0,0,0,0,0,0,0,0,0,0,166.5333,12.3454,187,3041.1333,220.4774,3445,197960.2,17208.1877,226382,299.8516,28.662,345.1115,31.983,5.1142,40.5931,0.6226,0.0778,0.7585,0.7275,0.0726,0.8365,0.3965,0.0414,0.4587,485.4667,50.1809,570,7767.4667,802.8946,9120,0,0,0,0,0,0,0,0,0,0,0,0,19.3333,6.1721,34,10.8,2.9809,15,18.3333,4.6701,25,37.2667,10.0887,60,37.2667,10.0887,60,2.8,1.7403,5,0.1506,0.0254,0.2106
stress,console,16,inf,pp-batch-normal,greedy,pp,15,456.9333,40.779,581,100,0,100,0,0,0,0,0,0,22.0267,1.7122,24.0964,212.458,5.9433,221.09,155.1793,5.0814,165.31,57.2787,1.9174,60.76,5727.8667,191.7386,6076,5516.0667,177.1176,5824,142.8667,16.3177,168,0,0,0,0,0,0,1.6667,1.2344,4,1.0667,0.9612,3,0,0,0,0,0,0,0,0,0,0,0,0,0,0,0,160.6667,11.3871,183,2514.4667,170.3882,2869,196199.2,19495.8243,238073,284.22,34.1088,372.0168,7.4528,0.8196,9.7871,0.6256,0.0882,0.8455,0.7888,0.0681,0.8643,0.3983,0.0285,0.4397,456.9333,40.779,581,7310.9333,652.4634,9296,0,0,0,0,0,0,0,0,0,0,0,0,21.6,9.4778,37,9.2,2.8082,13,17.4,3.6994,22,45.4,6.412,59,45.4,6.412,59,2.1333,1.8465,5,0.1676,0.0289,0.2146
stress,console,16,inf,pp-batch-stress,hungarian,pp,15,991.2667,460.7857,1902,99.8,0.414,100,0.2,0.414,1,0.2,0.414,1,11.4875,3.3015,14.5985,404.5077,22.5509,437.4848,352.9557,21.0786,383.7273,51.552,1.9826,54.2,5144.8,196.6913,5420,5593.2667,188.0317,5832,599.8,1124.2743,3783,0,0,0,4.6,1.2984,7,17.6667,1.6762,20,0.4667,0.8338,2,0,0,0,0,0,0,0,0,0,0,0,0,0,0,0,272.6667,94.0476,456,2401.5333,767.6265,3990,147979.4,61785.8388,351186,242.6964,80.5474,498.6913,8.412,1.5028,13.3817,0.2601,0.0528,0.3301,0.3787,0.0838,0.4502,0.3073,0.0531,0.3978,991.2667,460.7857,1902,15860.2667,7372.5718,30432,0,0,0,0,0,0,0,0,0,4.6,1.2984,7,266.4,381.6511,1001,300.4,596.1486,1462,304.4,594.0245,1462,320.1333,585.8744,1462,320.1333,585.8744,1462,301.2,56.517,388,0.0002,0.0003,0.0013
stress,console,16,inf,pp-batch-stress,pact-proxy,pp,15,1171,584.3282,2197,99,2,100,1,2,7,0.3333,0.488,1,10.3137,4.0607,15.2905,415.6027,36.2845,502.8182,364.682,35.2323,450.8586,50.9207,1.859,54.32,5041.5333,220.9065,5432,5564.4,237.1394,5928,1602.2667,2346.8516,7933,0,0,0,5.8667,2.6957,13,16.9333,1.9074,21,0.8,1.0823,4,0,0,0,0,0,0,0,0,0,0,0,0,0,0,0,309.1333,120.0838,519,2598,880.7215,4069,196024.1333,128775.4955,575407,297.9003,147.6415,728.1168,12.7515,3.2896,20.9097,0.2696,0.0674,0.3765,0.3556,0.0915,0.4573,0.2634,0.0762,0.3546,1171,584.3282,2197,18736,9349.251,35152,0,0,0,0,0,0,0,0,0,5.8667,2.6957,13,396.1333,443.3072,1001,525.8667,709.1969,1826,532.1333,710.9904,1826,538.1333,706.8601,1826,509.2667,692.6355,1826,288.7333,49.0458,368,0.0002,0.0003,0.0011
stress,console,16,inf,pp-batch-stress,pact,pp,15,1174.9333,524.0869,1996,99.4,1.5492,100,0.6,1.5492,6,0.2667,0.4577,1,9.9094,3.5142,13.6986,419.4459,18.7552,460.2424,366.8878,19.4048,406.7778,52.5581,4.7913,68.63,5225.9333,502.4636,6863,5642.2667,220.812,5940,1429.8,2098.8744,6515,0,0,0,6,2.6186,13,17.4667,1.9223,20,1.8667,6.1396,24,0,0,0,0,0,0,0,0,0,0,0,0,0,0,0,310.4,108.6336,472,3170.2,828.6405,4594,206260.5333,111216.4146,451051,327.0049,138.8219,617.3814,43.3865,8.189,60.668,0.2858,0.0472,0.3865,0.3421,0.0808,0.4421,0.2901,0.0947,0.4102,1174.9333,524.0869,1996,18798.9333,8385.3902,31936,0,0,0,0,0,0,0,0,0,6,2.6186,13,364.7333,406.0478,1001,456.5333,618.8093,1587,473.0667,628.4279,1587,484,620.8548,1587,477.4,625.3625,1587,267.3333,48.7144,349,0.0002,0.0002,0.0006
stress,console,16,inf,pp-batch-stress,greedy,pp,15,1046.5333,506.7346,2225,99.7333,0.7988,100,0.2667,0.7988,3,0.1333,0.3519,1,10.9705,3.2495,13.9276,414.8624,21.083,450.95,360.0618,18.3916,391.7,54.8006,12.0383,98.01,5466.8,1210.4054,9801,5654.7333,120.7391,5857,1029.8667,2216.2249,8122,0,0,0,5.3333,2.3805,12,17.8,1.8593,23,17.2667,65.7685,255,0,0,0,0,0,0,0,0,0,0,0,0,0,0,0,286.6667,104.437,532,2504.8,955.3054,4869,174471.7333,122022.5274,471740,284.9963,176.7783,739.4392,9.2874,2.4374,16.4266,0.2654,0.0437,0.3686,0.3707,0.0779,0.4486,0.293,0.0875,0.385,1046.5333,506.7346,2225,16744.5333,8107.754,35600,0,0,0,0,0,0,0,0,0,5.3333,2.3805,12,251,355.3407,1001,317.1333,556.4334,1596,353.4667,607.9342,1596,364.9333,605.9986,1596,360.2,608.5351,1596,280,53.0431,372,0.0003,0.0003,0.0012
stress,console,16,0.15,cbs-poisson-normal,hungarian,cbs,15,728.9333,73.8236,897,100,0,100,0,0,0,0,0,0,13.8477,1.3789,16.8634,53.8527,3.6891,62.33,4.3913,1.926,9.6,49.4613,1.9981,53.57,4946.1333,199.8109,5357,6050.8667,199.5842,6368,97.9333,16.06,123,0,0,0,0,0,0,3.4667,2.1336,7,0.2,0.414,1,0,0,0,0,0,0,0,0,0,0,0,0,0,0,0,176.4667,9.2803,195,3641.3333,340.7764,4443,118284.1333,22693.474,153877,279.2721,56.5945,393.8526,9.4027,1.4558,13.5957,0.3914,0.111,0.6321,0.4286,0.0522,0.5646,0.3865,0.0458,0.4582,728.9333,73.8236,897,11662.9333,1181.1776,14352,0,0,0,0,0,0,0,0,0,0,0,0,21.6667,3.4983,28,9.0667,2.5204,15,17.0667,3.9182,23,40.3333,10.9131,64,40.3333,10.9131,64,7.2,9.608,33,0.1383,0.0179,0.1643
stress,console,16,0.15,cbs-poisson-normal,pact-proxy,cbs,15,734.8,86.1081,942,100,0,100,0,0,0,0,0,0,13.7728,1.509,15.7978,53.5473,3.3829,61.05,4.7213,1.9668,9.73,48.826,1.7428,51.32,4882.6,174.2821,5132,6049.9333,176.4347,6383,92.8,21.8737,148,0,0,0,0,0,0,2.7333,1.387,5,0.4667,0.7432,2,0.0667,0.2582,1,0.0667,0.2582,1,0,0,0,0,0,0,0,0,0,179.4667,11.9694,202,3863.4,810.0631,6499,148973.7333,121125.5447,580860,343.3452,243.4727,1203.8573,13.9578,5.2823,32.0652,0.4868,0.3947,1.8752,0.4208,0.0525,0.4996,0.3696,0.0411,0.4797,734.8,86.1081,942,11756.8,1377.7291,15072,0,0,0,0,0,0,0,0,0,0,0,0,23.5333,4.9116,33,8.1333,3.0907,14,15.6667,5.5506,26,38.3333,8.0858,59,38.3333,8.0858,59,3.0667,1.6242,5,0.1408,0.0249,0.2059
stress,console,16,0.15,cbs-poisson-normal,pact,cbs,15,726.1333,62.0919,884,100,0,100,0,0,0,0,0,0,13.8601,1.1163,15.748,54.8993,3.2342,60.1,5.016,1.8581,9.3,49.8833,1.8522,52.84,4988.3333,185.2171,5284,6157.6,227.5176,6646,93.6,25.0935,127,0,0,0,0,0,0,3.8667,2.0307,8,0.4,0.5071,1,0.1333,0.5164,2,0.1333,0.5164,2,0,0,0,0,0,0,0,0,0,179.5333,12.495,210,4967.0667,2008.6715,12101,166248.3333,112507.3026,560608,410.3894,323.0106,1550.0078,59.8588,7.4675,75.3093,0.5633,0.4137,2.0052,0.4323,0.0397,0.4898,0.3782,0.0491,0.5153,726.1333,62.0919,884,11618.1333,993.4711,14144,0,0,0,0,0,0,0,0,0,0,0,0,21.2667,4.9493,30,7.3333,1.7182,11,14.4,4.9685,21,37.4667,8.1404,62,37.4667,8.1404,62,4.6667,4.0297,18,0.1336,0.0179,0.1767
stress,console,16,0.15,cbs-poisson-normal,greedy,cbs,15,729.8,71.1991,896,100,0,100,0,0,0,0,0,0,13.8171,1.2664,15.456,54.1007,3.0794,59.33,4.948,1.9529,9.08,49.1527,1.8589,50.81,4915.2667,185.8934,5081,6051.9333,229.9868,6359,92.9333,29.2122,163,0,0,0,0,0,0,3,1.5584,6,0.2,0.414,1,0.0667,0.2582,1,0.0667,0.2582,1,0,0,0,0,0,0,0,0,0,178,9.8778,196,3733.2,608.4746,5658,155265.3333,120900.2982,568754,341.1482,234.6412,1148.6755,12.1695,7.6189,30.0072,0.4814,0.3506,1.6575,0.4242,0.0402,0.4792,0.3891,0.0371,0.4439,729.8,71.1991,896,11676.8,1139.1859,14336,0,0,0,0,0,0,0,0,0,0,0,0,21.8,4.6935,30,7.2,2.2104,13,14.4667,4.6116,22,39.9333,9.5429,53,39.9333,9.5429,53,5.3333,5.0521,23,0.1371,0.0198,0.1865
stress,console,16,0.15,cbs-poisson-stress,hungarian,cbs,15,816,57.5549,952,100,0,100,0,0,0,0,0,0,12.3091,0.8258,13.2979,124.24,36.0951,181.93,73.6553,35.5689,130.31,50.5847,1.4785,52.63,5058.4667,147.8507,5263,5670.4,232.9837,6152,171.6,185.3382,700,0,0,0,3.5333,0.6399,5,18.1333,1.4075,21,0.3333,0.7237,2,0.6,1.5946,5,0.6,1.5946,5,0,0,0,0,0,0,0,0,0,231.6667,13.5418,248,4909.5333,3755.3895,15571,431455.6667,716133.104,2469790,814.1603,1171.9057,3863.7337,11.4174,5.5957,30.8676,0.9632,1.3347,4.5349,0.3889,0.0236,0.4186,0.3264,0.048,0.4127,816,57.5549,952,13056,920.8791,15232,0,0,0,0,0,0,0,0,0,3.5333,0.6399,5,38.4667,20.1738,90,52.3333,86.3007,273,56.2,84.3447,273,75.2,75.6979,275,75.2,75.6979,275,271.6667,22.1445,328,0.0003,0.0003,0.0009
stress,console,16,0.15,cbs-poisson-stress,pact-proxy,cbs,15,1120.3333,529.2647,2098,98.9333,1.8696,100,1.0667,1.8696,5,0.2667,0.4577,1,10.3465,3.4707,13.7741,120.6619,32.7348,211.8557,71.0909,32.7803,163.2165,49.571,1.8996,52.65,4905,229.169,5265,5594.6667,240.9643,6151,1385.1333,2164.0597,6062,0,0,0,4.5333,1.7265,9,18.3333,1.4475,20,0.2667,0.4577,1,4.8,16.2665,63,4.8,16.2665,63,0,0,0,0,0,0,0,0,0,293.3333,110.2722,505,13386.1333,32762.4862,130645,3667507.9333,11855892.249,46124735,5700.0608,18002.3393,70125.0909,12.5461,1.8291,15.7421,3.3768,8.8338,33.4247,0.3477,0.064,0.4194,0.3083,0.0656,0.3901,1120.3333,529.2647,2098,17925.3333,8468.2348,33568,0,0,0,0,0,0,0,0,0,4.5333,1.7265,9,300.5333,437.8331,1001,454.2667,697.3517,1651,462.7333,705.137,1730,469.9333,701.0611,1734,466.0667,703.6162,1734,283.3333,48.0397,347,0.0002,0.0002,0.0006
stress,console,16,0.15,cbs-poisson-stress,pact,cbs,15,977.4667,451.1373,2196,99.5333,1.3558,100,0.4667,1.3558,5,0.1333,0.3519,1,11.3793,2.8136,13.4048,123.3668,32.3564,177.53,72.1145,31.8936,125.49,51.2523,1.6812,55.1368,5100,135.1031,5317,5713,164.2494,5950,763.2667,1794.448,6385,0,0,0,4.0667,2.6313,13,18.8667,1.8465,22,0.2,0.414,1,2.6667,9.0053,35,2.6667,9.0053,35,0,0,0,0,0,0,0,0,0,264.6667,95.3293,518,12111.5333,20033.8443,75806,1430709,3834686.8579,15119391,2412.1575,6056.05,23988.6534,37.5997,5.1856,47.4516,1.5372,2.7069,10.9238,0.3727,0.0636,0.4386,0.3393,0.0921,0.4671,977.4667,451.1373,2196,15639.4667,7218.1964,35136,0,0,0,0,0,0,0,0,0,4.0667,2.6313,13,162.0667,340.7465,1001,229.6667,528.4939,1777,259.1333,576.3949,1777,270.0667,574.0447,1777,266.2,575.5449,1777,268.5333,34.3467,322,0.0004,0.0004,0.0015
stress,console,16,0.15,cbs-poisson-stress,greedy,cbs,15,1026.5333,455.7971,2040,99.6,1.2984,100,0.4,1.2984,5,0.1333,0.3519,1,10.9744,3.1135,14.0252,128.4503,38.74,183.0211,77.6113,39.0091,131.2421,50.8391,3.01,60.72,5063.2667,302.8709,6072,5705.2667,318.4322,6579,685,1211.9042,3877,0,0,0,4.3333,2.2887,9,18.8667,1.8465,23,0.1333,0.3519,1,21.1333,68.5752,267,21.1333,68.5752,267,0,0,0,0,0,0,0,0,0,270.8,93.8602,485,46174.2,137911.9714,540510,9748656,31959176.0828,124705682,15294.1295,49569.9921,193497.838,10.2491,2.3626,14.6477,8.1274,24.2235,94.8519,0.3546,0.0719,0.429,0.3257,0.0627,0.4599,1026.5333,455.7971,2040,16424.5333,7292.7533,32640,0,0,0,0,0,0,0,0,0,4.3333,2.2887,9,213.0667,364.83,1001,285.3333,504.7756,1462,317.5333,556.6295,1632,329.6,550.7364,1636,328.2667,551.4672,1636,272.2667,43.7908,356,0.0004,0.0004,0.0012
stress,console,16,inf,cbs-batch-normal,hungarian,cbs,15,457.3333,30.5162,526,100,0,100,0,0,0,0,0,0,21.9552,1.4403,24.3902,202.5773,6.4485,212.93,148.4893,5.5817,157.04,54.088,1.4501,55.89,5408.8,145.006,5589,5372.1333,172.9587,5674,144.7333,30.146,211,0,0,0,0,0,0,1.2667,1.4376,5,0.8,0.9411,3,1.0667,1.3345,4,1.0667,1.3345,4,0,0,0,0,0,0,0,0,0,159,6.8348,174,9833.6667,3267.3548,15755,569386.7333,201010.9568,918504,1268.7283,470.3624,2057.1767,11.8977,3.8832,22.3595,2.7674,0.9796,4.5162,0.7426,0.058,0.8441,0.4125,0.0397,0.469,457.3333,30.5162,526,7317.3333,488.2591,8416,0,0,0,0,0,0,0,0,0,0,0,0,21.3333,7.384,41,11.2,3.0284,16,18.7333,3.9545,24,40.6667,8.1824,52,40.6667,8.1824,52,2.1333,1.5523,5,0.173,0.028,0.2357
stress,console,16,inf,cbs-batch-normal,pact-proxy,cbs,15,440.5333,30.3924,505,100,0,100,0,0,0,0,0,0,22.7972,1.5168,25.1256,203.1813,9.9139,214.49,148.712,8.0593,159.31,54.4693,2.1027,58.17,5446.9333,210.2653,5817,5410.2,219.3778,5786,139.9333,16.4163,173,0,0,0,0,0,0,1.2,1.0142,3,0.8,0.6761,2,0.6667,0.9759,3,0.6667,0.9759,3,0,0,0,0,0,0,0,0,0,156.0667,11.5787,176,8132.8,3563.1728,17781,516048.8667,186938.4365,1003916,1111.7501,483.1114,2426.4493,12.1073,2.475,16.81,2.4974,0.9557,4.9722,0.7753,0.0489,0.8478,0.3991,0.0418,0.4611,440.5333,30.3924,505,7048.5333,486.2777,8080,0,0,0,0,0,0,0,0,0,0,0,0,23,8.8156,38,11.3333,1.5887,14,19.5333,3.0441,26,45.0667,6.6275,63,45.0667,6.6275,63,2.1333,1.5976,5,0.1689,0.033,0.2466
stress,console,16,inf,cbs-batch-normal,pact,cbs,15,478.9333,52.2924,590,100,0,100,0,0,0,0,0,0,21.0976,2.1484,23.8663,207.556,7.5123,220.96,153.18,6.4457,165.25,54.376,1.514,57.07,5437.6,151.4038,5707,5453.2667,143.2363,5695,147.4667,22.7026,190,0,0,0,0,0,0,2,1.2536,5,1.2667,1.5796,5,0.5333,0.8338,3,0.5333,0.8338,3,0,0,0,0,0,0,0,0,0,163.0667,10.6668,184,8473.2667,3759.4913,16852,495326.0667,233684.6597,1039068,1096.7225,576.6161,2437.6646,38.1354,8.5494,61.6461,2.2999,1.2186,5.591,0.7166,0.0726,0.8097,0.4026,0.0445,0.4727,478.9333,52.2924,590,7662.9333,836.6784,9440,0,0,0,0,0,0,0,0,0,0,0,0,22.6667,5.4336,35,10.3333,2.4103,14,18.2667,3.9905,23,46.6,11.7826,71,46.6,11.7826,71,3.2667,1.2799,5,0.152,0.0206,0.1842
stress,console,16,inf,cbs-batch-normal,greedy,cbs,15,436.0667,33.9758,516,100,0,100,0,0,0,0,0,0,23.0583,1.7424,26.455,202.2827,3.8834,211.26,147.7093,3.3189,153.44,54.5733,1.6075,57.82,5457.3333,160.7472,5782,5417.4667,166.1982,5734,126.5333,21.3871,168,0,0,0,0,0,0,1.2667,1.1629,4,0.5333,0.6399,2,0.9333,1.387,5,0.9333,1.387,5,0,0,0,0,0,0,0,0,0,153.7333,8.1457,171,9623.3333,4542.2034,21374,524851.2667,240200.1012,1119273,1222.397,633.2289,2852.2623,11.8918,3.0479,20.5752,2.8132,1.4358,6.4385,0.7865,0.0633,0.8762,0.4023,0.0311,0.4489,436.0667,33.9758,516,6977.0667,543.6122,8256,0,0,0,0,0,0,0,0,0,0,0,0,21.4,9.0538,35,11.0667,3.5349,16,19.2667,3.7315,25,44.1333,6.9371,57,44.1333,6.9371,57,2.3333,1.7995,5,0.1735,0.0361,0.2486
stress,console,16,inf,cbs-batch-stress,hungarian,cbs,15,1059.2667,539.505,2168,99.4,1.3522,100,0.6,1.3522,5,0.2667,0.4577,1,11.1832,3.827,14.4928,399.3059,23.0972,449,348.9268,22.0647,398.7857,50.3791,1.7716,54.59,5008.5333,210.5798,5459,5484.8,207.3975,5814,1129.5333,1726.6556,4437,0,0,0,5.3333,2.582,13,16.7333,1.9074,20,0.5333,0.6399,2,0.0667,0.2582,1,0.0667,0.2582,1,0,0,0,0,0,0,0,0,0,285.8,112.3567,514,7721,13153.7742,55127,361811.4667,464408.5661,2015904,724.9674,809.2605,3565.1913,10.2379,3.0606,16.9341,0.6859,0.4808,2.068,0.3685,0.0942,0.4436,0.2678,0.0742,0.4124,1059.2667,539.505,2168,16948.2667,8632.0799,34688,0,0,0,0,0,0,0,0,0,5.3333,2.582,13,334.3333,417.1118,1001,422.2,648.7063,1602,424.3333,647.2659,1602,436.4667,639.6009,1604,432.9333,641.8768,1604,310.9333,61.1245,376,0.0002,0.0002,0.0008
stress,console,16,inf,cbs-batch-stress,pact-proxy,cbs,15,993.8,458.9974,1940,99.4667,1.1255,100,0.5333,1.1255,3,0.2,0.414,1,11.4382,3.3632,15.3846,402.3474,26.5092,438.67,351.9914,24.7486,386.81,50.356,2.1947,54.26,5008.3333,216.589,5426,5573.3333,217.3423,5901,872,1567.5525,4428,0,0,0,4.6667,1.543,9,17.7333,1.2799,20,0.2,0.414,1,21.8,84.1548,326,21.8,84.1548,326,0,0,0,0,0,0,0,0,0,273.3333,92.261,462,47864.6667,169213.7991,659514,10149689.4667,38254665.7624,148430471,15529.0373,58084.3174,225488.525,12.2834,2.6349,18.941,8.2923,29.8613,116.2312,0.3764,0.0661,0.4357,0.3143,0.0499,0.3805,993.8,458.9974,1940,15900.8,7343.9582,31040,0,0,0,0,0,0,0,0,0,4.6667,1.543,9,268.2,380.231,1001,300.0667,544.3341,1502,320.2667,575.6021,1502,329.2667,571.736,1502,329.1333,571.8103,1502,296.2,52.333,369,0.0002,0.0003,0.0011
stress,console,16,inf,cbs-batch-stress,pact,cbs,15,1091.8667,524.5738,2082,99.4667,1.1255,100,0.5333,1.1255,4,0.2667,0.4577,1,10.6787,3.5186,13.986,413.7207,19.306,449.25,363.0767,18.4633,398.6458,50.644,1.619,53.58,5037.4,171.413,5358,5573.5333,156.6921,5869,905.6,1581.2172,5596,0,0,0,4.9333,1.2228,7,17.8,1.0142,19,7,26.0082,101,24.4,94.5008,366,24.4,94.5008,366,0,0,0,0,0,0,0,0,0,292.1333,108.0217,499,53608.6667,189807.9628,739713,11842125.6667,44903577.5834,174158444,18155.6818,68443.9273,265564.7617,39.3455,6.4438,51.015,8.9722,32.8048,127.5527,0.3587,0.0816,0.4293,0.3066,0.048,0.3766,1091.8667,524.5738,2082,17469.8667,8393.1812,33312,0,0,0,0,0,0,0,0,0,4.9333,1.2228,7,338.6,414.1287,1001,350,574.3538,1484,379.6667,621.6416,1619,391.1333,616.1428,1625,390.5333,616.5051,1625,294.2667,54.4787,385,0.0003,0.0003,0.0011
stress,console,16,inf,cbs-batch-stress,greedy,cbs,15,842.5333,289.9805,1883,99.9333,0.2582,100,0.0667,0.2582,1,0.0667,0.2582,1,12.5247,2.0925,13.986,404.0602,15.0804,428.3737,353.2268,14.351,377.202,50.8334,1.4951,53.33,5079.9333,149.2675,5333,5583.4,165.6536,5823,245.4,548.6962,2220,0,0,0,4.4667,1.0601,7,17.4667,1.1872,19,0.1333,0.3519,1,0.4,0.7368,2,0.4,0.7368,2,0,0,0,0,0,0,0,0,0,242.6,59.1437,454,5387.7333,2681.9906,11130,298802,158627.163,630432,673.2262,390.2214,1488.5861,10.4321,4.2917,23.0625,0.7998,0.4111,1.9357,0.4006,0.0547,0.4337,0.2992,0.0382,0.3575,842.5333,289.9805,1883,13480.5333,4639.6881,30128,0,0,0,0,0,0,0,0,0,4.4667,1.0601,7,141.1333,239.5483,1001,81.0667,213.882,842,92.4,243.3278,962,104.6,240.4976,966,103.8667,240.696,966,287.8,54.7999,381,0.0003,0.0003,0.001
stress,console,24,0.15,pp-poisson-normal,hungarian,pp,15,716.4,72.281,887,100,0,100,0,0,0,0,0,0,14.0843,1.3425,16.2602,48.3027,2.6565,55.01,3.6673,1.3227,6.83,44.6353,1.6398,48.64,4463.5333,163.9838,4864,6109.6,202.5832,6514,96.2,23.5226,151,0,0,0,0,0,0,2.4667,1.7265,5,0.3333,0.488,1,0,0,0,0,0,0,0,0,0,0,0,0,0,0,0,170.5333,11.0961,194,4054.6667,249.4739,4559,95218,13935.4271,119293,173.0706,20.6,206.6962,8.8949,1.15,11.1641,0.2453,0.0476,0.3281,0.2622,0.03,0.3295,0.4516,0.0289,0.4957,716.4,72.281,887,17193.6,1734.744,21288,0,0,0,0,0,0,0,0,0,0,0,0,22.3333,6.9144,42,7.8,2.9326,16,14.2667,5.0209,26,31,6.8868,44,31,6.8868,44,3.3333,1.7593,5,0.1545,0.024,0.2008
stress,console,24,0.15,pp-poisson-normal,pact-proxy,pp,15,725.0667,82.9617,922,100,0,100,0,0,0,0,0,0,13.9474,1.4671,16.1031,47.9287,1.7857,51.38,3.7407,1.1701,6.19,44.188,1.1712,46.08,4418.8,117.1173,4608,6070.7333,165.4951,6375,94.0667,15.6181,116,0,0,0,0,0,0,1.6,1.5024,5,0,0,0,0,0,0,0,0,0,0,0,0,0,0,0,0,0,0,172.6,11.7035,201,4116,257.2628,4726,94625.3333,16235.7106,122789,187.0307,35.4514,275.889,14.6773,1.8678,18.8871,0.2639,0.0731,0.4443,0.2569,0.0285,0.2942,0.4354,0.035,0.5158,725.0667,82.9617,922,17401.6,1991.08,22128,0,0,0,0,0,0,0,0,0,0,0,0,18.8667,4.7036,30,7.7333,1.9809,12,15.4667,5.0408,26,37.6667,8.3209,56,37.6667,8.3209,56,3,1.6903,5,0.1635,0.0279,0.2313
stress,console,24,0.15,pp-poisson-normal,pact,pp,15,714.7333,57.5431,865,100,0,100,0,0,0,0,0,0,14.0694,1.045,15.5039,48.366,2.243,51.5,3.6947,0.9926,5.41,44.6713,1.6365,47.3,4467.1333,163.6494,4730,6241.0667,222.3258,6675,99.6667,30.7633,163,0,0,0,0,0,0,3.2667,1.7915,7,0.4,0.8281,3,0,0,0,0,0,0,0,0,0,0,0,0,0,0,0,171.4,11.6668,197,5786.6667,292.7499,6437,134580.9333,17595.7534,158449,272.342,33.8663,329.1038,99.7514,7.0922,112.7844,0.3849,0.067,0.4846,0.262,0.0235,0.2996,0.4426,0.0288,0.5015,714.7333,57.5431,865,17153.6,1381.0346,20760,0,0,0,0,0,0,0,0,0,0,0,0,18.8,3.8582,27,7.9333,3.0111,14,14.6,6.2997,26,34.9333,5.9217,45,34.9333,5.9217,45,3.8667,1.5976,5,0.148,0.0301,0.2386
stress,console,24,0.15,pp-poisson-normal,greedy,pp,15,719.3333,71.0208,895,100,0,100,0,0,0,0,0,0,14.0212,1.3059,15.873,48.924,2.8847,54.83,4.2233,1.7838,9.22,44.7007,1.7089,46.51,4470.0667,170.8941,4651,6099.8667,257.5616,6513,110.0667,38.5254,181,0,0,0,0,0,0,2.3333,1.5887,6,0.3333,0.6172,2,0,0,0,0,0,0,0,0,0,0,0,0,0,0,0,172,11.582,193,4096,274.0441,4579,99021.6,25218.75,146841,180.6362,29.1725,217.6681,8.5037,1.4566,11.7089,0.2555,0.0582,0.3349,0.2613,0.028,0.3043,0.4428,0.028,0.4972,719.3333,71.0208,895,17264,1704.4989,21480,0,0,0,0,0,0,0,0,0,0,0,0,20.2,4.8433,30,9.2667,3.3693,14,17.6,6.0095,30,40.3333,10.7149,60,40.3333,10.7149,60,2.7333,1.2799,5,0.1561,0.0256,0.2066
stress,console,24,0.15,pp-poisson-stress,hungarian,pp,15,1145.6,577.8744,2376,99.4667,1.0601,100,0.5333,1.0601,4,0.3333,0.488,1,10.5037,3.9469,14.2857,89.6795,26.4208,153.94,38.846,25.6457,100.04,50.8335,2.5146,56.8384,5056.8,266.4881,5627,6249,443.0289,7140,1310.8,2072.8627,6372,0,0,0,10.0667,2.3745,15,21.2,5.0313,32,5.9333,22.7045,88,0,0,0,0,0,0,0,0,0,0,0,0,0,0,0,291.4667,111.0134,520,3533.6,1590.4941,7174,202928.6,138898.6452,585941,300.1742,165.3207,705.9744,7.6972,1.1141,9.3015,0.266,0.0596,0.3964,0.236,0.0661,0.3071,0.2612,0.0661,0.3758,1145.6,577.8744,2376,27494.4,13868.9857,57024,0,0,0,0,0,0,0,0,0,10.0667,2.3745,15,349.7333,476.7529,1001,471.4,671.8836,2011,473.3333,666.65,2011,484.6667,659.2564,2011,482.7333,660.6638,2011,340.6,30.2485,425,0.0001,0.0001,0.0003
stress,console,24,0.15,pp-poisson-stress,pact-proxy,pp,15,1073.3333,529.6546,2390,99.6667,0.6172,100,0.3333,0.6172,2,0.2667,0.4577,1,10.8918,3.5928,14.7059,80.8579,17.8163,123.34,30.6708,18.0724,73.44,50.1871,1.9271,54.21,5002.2,200.6825,5421,6202.1333,271.5421,6750,1182.8,2010.9727,5709,0,0,0,9.8,1.5675,13,20.9333,3.6345,28,0.4,0.8281,3,0,0,0,0,0,0,0,0,0,0,0,0,0,0,0,277.0667,111.7775,551,3337,1510.1788,7116,198860.7333,179500.2862,631523,297.4134,212.2308,746.0762,11.191,4.2095,25.4095,0.2636,0.0786,0.4412,0.238,0.0603,0.3096,0.2708,0.0462,0.3465,1073.3333,529.6546,2390,25760,12711.7094,57360,0,0,0,0,0,0,0,0,0,9.8,1.5675,13,288.4,444.983,1001,345.1333,550.6391,1778,347.9333,548.8378,1778,355.8667,543.7636,1778,353.4667,545.2543,1778,341.9333,41.4478,387,0.0001,0.0001,0.0002
stress,console,24,0.15,pp-poisson-stress,pact,pp,15,817.5333,246.6851,1691,99.9333,0.2582,100,0.0667,0.2582,1,0.0667,0.2582,1,12.8019,2.1013,14.6199,82.0709,19.926,130.2,31.1126,19.1294,78.56,50.9583,2.2571,53.99,5092.4667,226.887,5399,6214.2,261.0266,6763,275.3333,488.183,2011,0,0,0,9.3333,1.496,12,19.9333,2.5204,26,0.2,0.414,1,0,0,0,0,0,0,0,0,0,0,0,0,0,0,0,224,53.3559,410,3221.1333,737.0129,5828,144983.0667,72876.7488,400531,240.4537,94.256,562.3938,37.785,6.3109,52.1103,0.2917,0.0428,0.3767,0.2738,0.0398,0.318,0.2748,0.0518,0.3413,817.5333,246.6851,1691,19620.8,5920.4431,40584,0,0,0,0,0,0,0,0,0,9.3333,1.496,12,87.2,252.8815,1001,88.8667,149.5392,586,91.2667,148.3916,586,102.4,143.7561,586,85.2,142.8922,586,342.6667,34.0958,431,0.0001,0.0001,0.0002
stress,console,24,0.15,pp-poisson-stress,greedy,pp,15,959.0667,430.7197,1795,99.6,1.0556,100,0.4,1.0556,4,0.2,0.414,1,11.7825,3.3648,14.2857,88.4377,22.1961,113.71,38.263,21.2661,63.05,50.1747,1.7975,54.22,4997.2,181.4581,5422,6192.2667,302.1134,6693,642.8667,1352.2978,5227,0,0,0,9.8,2.1448,15,20.1333,3.1593,27,0.1333,0.3519,1,0,0,0,0,0,0,0,0,0,0,0,0,0,0,0,255.6,92.5641,440,3010.4,1052.2232,5244,150344.0667,92371.5046,369899,239.1587,125.7015,542.388,7.6621,1.4132,10.1897,0.2468,0.0411,0.3323,0.2538,0.0537,0.3015,0.2663,0.0541,0.3707,959.0667,430.7197,1795,23017.6,10337.2738,43080,0,0,0,0,0,0,0,0,0,9.8,2.1448,15,218.6667,404.9451,1001,241.5333,441.2437,1328,263.5333,458.415,1328,275.9333,454.7295,1328,269.2,457.9905,1328,353.1333,39.4785,453,0.0001,0.0001,0.0002
stress,console,24,inf,pp-batch-normal,hungarian,pp,15,397.4667,35.2012,471,100,0,100,0,0,0,0,0,0,25.338,2.1685,28.5714,175.9013,6.3969,189.15,124.5147,5.736,136.26,51.3867,1.4505,53.55,5138.6667,145.055,5355,5886.8667,130.9225,6118,179.3333,33.3117,263,0,0,0,0,0,0,0.0667,0.2582,1,2.1333,1.3558,5,0,0,0,0,0,0,0,0,0,0,0,0,0,0,0,146.9333,12.6743,174,3476,299.6212,4127,237782.8667,15325.4627,265224,347.2186,30.7255,408.638,8.8741,1.1981,11.6614,0.8764,0.0742,0.9967,0.5426,0.0501,0.6099,0.4777,0.0335,0.5306,397.4667,35.2012,471,9539.2,844.8286,11304,0,0,0,0,0,0,0,0,0,0,0,0,21.8,7.8029,36,9.5333,3.9976,16,18.5333,5.4624,27,44,8.9363,62,44,8.9363,62,0.9333,1.9445,5,0.2283,0.036,0.3127
stress,console,24,inf,pp-batch-normal,pact-proxy,pp,15,376.3333,34.696,449,100,0,100,0,0,0,0,0,0,26.7811,2.4466,32.2581,177.0307,9.623,190.54,124.8833,8.1075,136.12,52.1473,1.8269,55.81,5214.7333,182.692,5581,5963.0667,221.5544,6427,179.4,32.6776,222,0,0,0,0,0,0,0.0667,0.2582,1,2.1333,1.8465,5,0,0,0,0,0,0,0,0,0,0,0,0,0,0,0,142.3333,9.5294,161,3365.2,230.69,3809,236448.2667,21365.3377,276102,347.1528,31.0252,392.931,11.724,2.6077,19.9054,0.9269,0.0952,1.062,0.5808,0.0429,0.644,0.4759,0.0301,0.5274,376.3333,34.696,449,9032,832.703,10776,0,0,0,0,0,0,0,0,0,0,0,0,18.0667,5.3381,30,10.4667,2.9968,15,19.2,3.5697,25,41.9333,9.9962,65,41.9333,9.9962,65,0.7333,1.7512,5,0.2353,0.0381,0.3025
stress,console,24,inf,pp-batch-normal,pact,pp,15,403.5333,27.715,455,100,0,100,0,0,0,0,0,0,24.886,1.6397,27.3973,176.7427,4.6248,184.87,125.1473,4.2794,133.61,51.5953,1.0411,52.91,5159.5333,104.1139,5291,5948.4,92.0596,6137,164.2,27.3344,202,0,0,0,0,0,0,0.4667,0.6399,2,2.3333,1.496,6,0,0,0,0,0,0,0,0,0,0,0,0,0,0,0,149.3333,9.6115,170,4354.6667,260.4852,4851,254690.2667,20063.7513,287133,390.3848,27.8197,432.6316,56.5958,5.1859,66.509,0.9709,0.0867,1.0957,0.535,0.0367,0.59,0.4537,0.03,0.5251,403.5333,27.715,455,9684.8,665.1611,10920,0,0,0,0,0,0,0,0,0,0,0,0,21.4,7.4143,39,10.0667,2.8402,15,18,4.9281,25,47.8,7.7662,59,47.8,7.7662,59,1.5333,1.9223,5,0.2026,0.0369,0.2656
stress,console,24,inf,pp-batch-normal,greedy,pp,15,377.5333,24.7988,419,100,0,100,0,0,0,0,0,0,26.5944,1.7425,28.9855,178.4353,4.5892,187.28,125.7067,3.3997,132.5,52.7287,1.9205,55.62,5272.8667,192.0464,5562,5907.5333,199.509,6267,179,20.0784,208,0,0,0,0,0,0,0,0,0,2.2667,1.9809,6,0,0,0,0,0,0,0,0,0,0,0,0,0,0,0,142,8.2115,157,3359.8,194.6998,3721,238410.8667,20197.6669,271446,357.0736,38.2634,424.668,8.8204,2.1038,13.8681,0.9501,0.1258,1.2309,0.5843,0.0432,0.6447,0.4787,0.0281,0.5317,377.5333,24.7988,419,9060.8,595.1714,10056,0,0,0,0,0,0,0,0,0,0,0,0,18.8,8.8737,41,10.5333,2.8502,16,19.6,3.7187,29,51,13.9233,79,51,13.9233,79,0,0,0,0.248,0.0332,0.311
stress,console,24,inf,pp-batch-stress,hungarian,pp,15,1084.4667,741.1489,3189,99,2.1381,100,1,2.1381,7,0.2667,0.4577,1,11.8346,4.4961,15.361,336.4851,19.5037,383.2842,283.3542,14.9317,302.1505,53.1309,8.7063,84.3053,5251.6667,781.6255,8009,5942.0667,277.8207,6723,1838.8,3600.163,13009,0,0,0,13.3333,3.244,23,15.6667,2.5261,23,6.7333,21.1203,83,0,0,0,0,0,0,0,0,0,0,0,0,0,0,0,295.7333,154.8153,734,2989.8667,1192.2332,6011,277583.8,261346.9591,1132519,379.5508,277.8172,1258.7274,8.3703,1.6065,11.9241,0.3507,0.0327,0.3947,0.2767,0.0568,0.3305,0.177,0.0606,0.2967,1084.4667,741.1489,3189,26027.2,17787.5737,76536,0,0,0,0,0,0,0,0,0,13.3333,3.244,23,320.9333,425.0604,1001,408.2,653.787,1752,446.3333,723.5731,2212,457.5333,719.3585,2224,451.2667,723.0441,2224,336.9333,29.1779,386,0.0001,0,0.0001
stress,console,24,inf,pp-batch-stress,pact-proxy,pp,15,966.4,463.5746,1824,99.5333,0.9155,100,0.4667,0.9155,3,0.2667,0.4577,1,12.0763,3.997,15.949,335.9854,22.4571,361.24,285.0957,20.908,311.7374,50.8897,2.1133,55.04,5065.6,224.9002,5504,5916.0667,181.6506,6316,1054,1782.2445,4843,0,0,0,13.1333,2.2636,19,15.3333,1.9149,21,0.8667,1.2459,5,0,0,0,0,0,0,0,0,0,0,0,0,0,0,0,270.4667,94.8004,449,2786.6667,813.627,4556,207022.2,116192.0863,463068,308.9676,143.7427,643.6109,11.1574,4.9146,28.5194,0.3248,0.044,0.3913,0.2671,0.0714,0.3309,0.1735,0.0385,0.2695,966.4,463.5746,1824,23193.6,11125.7901,43776,0,0,0,0,0,0,0,0,0,13.1333,2.2636,19,311,431.1614,1001,309.0667,493.3148,1231,321.0667,503.897,1231,333.2,499.2389,1231,320.1333,482.8645,1231,323.6667,31.0131,394,0.0001,0.0001,0.0002
stress,console,24,inf,pp-batch-stress,pact,pp,15,950.5333,491.859,2075,99.5333,0.9904,100,0.4667,0.9904,3,0.2,0.414,1,12.2429,3.6986,15.2207,341.1623,18.677,384.3402,290.2701,17.8023,331.4536,50.8922,1.3242,53.2,5065,121.9988,5320,5924.4,130.4469,6091,978.9333,1773.2036,5338,0,0,0,12.6667,2.0931,17,16.2,1.8974,18,1.4667,3.5227,14,0,0,0,0,0,0,0,0,0,0,0,0,0,0,0,267.4667,101.0593,498,3309.7333,784.9312,5089,216310.5333,100110.6928,450655,320.4353,114.3377,593.2085,36.4112,4.8639,45.5018,0.3566,0.0607,0.4692,0.2681,0.0592,0.3234,0.1937,0.0369,0.2719,950.5333,491.859,2075,22812.8,11804.6158,49800,0,0,0,0,0,0,0,0,0,12.6667,2.0931,17,249.1333,389.6132,1001,277.2,503.1573,1415,310.6,563.5511,1639,321.0667,559.1463,1641,307.8,565.3972,1641,328.3333,30.118,369,0,0,0.0001
stress,console,24,inf,pp-batch-stress,greedy,pp,15,1287.3333,904.2394,3817,98.5333,2.8752,100,1.4667,2.8752,10,0.4,0.5071,1,10.6426,5.0279,15.5039,341.6832,24.3838,422.101,287.3573,14.3849,326.9394,54.3259,11.3923,95.1616,5355.2,1147.9992,9421,5887,228.2849,6197,2596.9333,3741.1468,10424,0,0,0,13.8667,3.796,23,15.7333,2.7377,19,18.9333,70.0311,272,0,0,0,0,0,0,0,0,0,0,0,0,0,0,0,337.8,182.7384,850,3248.2667,1149.3578,5117,326530.8,301533.9083,1193477,441.9305,371.0677,1560.141,8.3155,1.9018,14.2411,0.3399,0.0703,0.4686,0.2623,0.0736,0.3303,0.163,0.0669,0.2247,1287.3333,904.2394,3817,30896,21701.7445,91608,0,0,0,0,0,0,0,0,0,13.8667,3.796,23,437.8667,476.3093,1001,617.5333,818.3499,2271,623.4667,818.3516,2271,633.2667,810.5756,2271,614.4,807.8639,2271,310.6,39.3061,366,0.0001,0.0001,0.0002
stress,console,24,0.15,cbs-poisson-normal,hungarian,cbs,15,718.6,69.777,886,100,0,100,0,0,0,0,0,0,14.0321,1.2905,16.3666,47.5973,3.0764,55.43,3.5967,1.4127,6.81,44.0007,1.9254,48.62,4400.0667,192.5418,4862,6089.4,196.6352,6418,102.5333,31.2773,154,0,0,0,0,0,0,2.5333,1.5523,5,0.5333,0.8338,2,0.0667,0.2582,1,0.0667,0.2582,1,0,0,0,0,0,0,0,0,0,169.9333,10.4981,190,4880.4,737.4495,6612,152233.9333,146120.2828,669823,338.2045,229.8666,1102.3632,9.9063,1.838,15.1427,0.4793,0.3317,1.5504,0.2575,0.03,0.3316,0.4506,0.0343,0.5093,718.6,69.777,886,17246.4,1674.6478,21264,0,0,0,0,0,0,0,0,0,0,0,0,23.2667,7.4878,45,8.4,2.8486,16,14.6667,5.1223,26,34.7333,11.2216,66,34.7333,11.2216,66,3.8667,1.3558,5,0.1499,0.019,0.1984
stress,console,24,0.15,cbs-poisson-normal,pact-proxy,cbs,15,727.2,84.1896,923,100,0,100,0,0,0,0,0,0,13.9118,1.4953,16.1031,47.1593,1.9698,50.35,3.612,1.1961,6.03,43.5473,1.2705,45.33,4354.7333,127.0531,4533,6040.9333,199.0669,6354,94.2,24.5973,138,0,0,0,0,0,0,2.2,1.8205,6,0.0667,0.2582,1,0,0,0,0,0,0,0,0,0,0,0,0,0,0,0,172.4667,11.5255,198,4583.2,263.8266,5164,103253.8667,16004.2354,129019,247.05,28.2072,288.7155,16.3722,1.928,19.3705,0.3436,0.0536,0.4453,0.2523,0.0265,0.2901,0.4475,0.0349,0.5137,727.2,84.1896,923,17452.8,2020.55,22152,0,0,0,0,0,0,0,0,0,0,0,0,18.9333,6.216,38,8.6,3.6016,15,15.7333,6.7238,28,41.0667,9.5578,61,41.0667,9.5578,61,2.7333,2.0166,5,0.1566,0.0247,0.2038
stress,console,24,0.15,cbs-poisson-normal,pact,cbs,15,714.6,56.2657,857,100,0,100,0,0,0,0,0,0,14.0691,1.0283,15.3846,47.926,2.1858,51.86,3.6473,1.136,5.87,44.2787,1.4623,46.15,4427.8667,146.2282,4615,6170.6667,188.5655,6575,97.5333,26.3652,153,0,0,0,0,0,0,3.2667,1.4864,6,0.2,0.414,1,0,0,0,0,0,0,0,0,0,0,0,0,0,0,0,170.2667,12.7921,196,6264.6,336.3956,6856,145021.6,18743.9171,175847,329.2166,36.836,377.4293,97.7646,6.3336,105.5263,0.4649,0.0731,0.563,0.2596,0.0208,0.2874,0.4437,0.0349,0.4968,714.6,56.2657,857,17150.4,1350.3767,20568,0,0,0,0,0,0,0,0,0,0,0,0,19.8667,4.086,26,9.2,3.8396,16,16.5333,6.9782,28,38.6667,6.6512,49,38.6667,6.6512,49,3.4667,1.4573,5,0.1494,0.0283,0.239
stress,console,24,0.15,cbs-poisson-normal,greedy,cbs,15,718.5333,69.0216,892,100,0,100,0,0,0,0,0,0,14.0299,1.2661,16,47.1127,1.8907,50.74,3.7167,1.0889,6.07,43.396,1.2393,44.67,4339.6,123.9273,4467,6017.3333,277.8208,6437,90.3333,28.0297,147,0,0,0,0,0,0,2,1.4142,4,0,0,0,0.2,0.7746,3,0.2,0.7746,3,0,0,0,0,0,0,0,0,0,171.5333,11.0056,191,5026.4667,1546.6196,10537,113771.8667,37882.3346,218414,301.9444,200.3819,1003.7507,9.2892,1.6045,12.3494,0.4236,0.2707,1.3437,0.2537,0.0244,0.2953,0.4416,0.0253,0.4899,718.5333,69.0216,892,17244.8,1656.5183,21408,0,0,0,0,0,0,0,0,0,0,0,0,21.5333,4.5019,31,8.0667,2.8149,14,14.0667,5.5993,23,37.6667,11.0108,57,37.6667,11.0108,57,3.5333,1.6847,5,0.1516,0.0263,0.2074
stress,console,24,0.15,cbs-poisson-stress,hungarian,cbs,15,972.9333,425.5157,1828,99.6,0.9103,100,0.4,0.9103,3,0.2,0.414,1,11.5568,3.2733,14.3885,85.8553,27.5494,150.2727,36.7674,26.2959,98.1111,49.0879,1.8653,52.1616,4889,186.5062,5190,6140,312.8452,6740,847.4667,1517.0444,4981,0,0,0,10.2667,2.4631,16,19.5333,2.9729,24,3.0667,10.5117,41,20.6667,53.2147,193,20.6667,53.2147,193,0,0,0,0,0,0,0,0,0,254.8,88.1559,434,51767.6,118497.5597,392792,7827435.5333,22984648.5596,89586510,13050.8622,37072.1277,144209.7747,11.6674,4.34,22.873,8.7121,21.5801,83.9894,0.2429,0.0511,0.2966,0.2524,0.0613,0.3421,972.9333,425.5157,1828,23350.4,10212.3776,43872,0,0,0,0,0,0,0,0,0,10.2667,2.4631,16,219.5333,404.5955,1001,266.6,446.444,1195,271.6667,450.1467,1195,280.2667,446.0821,1195,254.6667,409.4902,1195,343.6667,28.6323,422,0.0001,0.0001,0.0003
stress,console,24,0.15,cbs-poisson-stress,pact-proxy,cbs,15,947.9333,407.1864,1834,99.6667,0.8165,100,0.3333,0.8165,3,0.2,0.414,1,11.8286,3.3236,14.556,77.1172,16.6663,122.57,28.0247,16.962,73.6,49.0925,1.7601,51.84,4893.2667,189.9754,5184,6131.4667,363.5922,6928,995.6667,2029.4904,6513,0,0,0,9.6667,1.8387,14,20.2,2.678,26,1.1333,3.0907,12,25.2,60.8302,182,25.2,60.8302,182,0,0,0,0,0,0,0,0,0,251.0667,85.2974,425,55492.6667,124943.6465,372630,15412261.8,36682516.5881,122615778,25442.5398,59171.5665,194904.3259,14.5746,4.8307,27.0767,16.8422,34.7393,106.2728,0.2498,0.0551,0.3038,0.2755,0.0437,0.3605,947.9333,407.1864,1834,22750.4,9772.4741,44016,0,0,0,0,0,0,0,0,0,9.6667,1.8387,14,219.2,404.6773,1001,261.2667,444.8965,1304,266.6,442.2612,1304,275.2667,437.8616,1304,264.3333,442.7574,1304,344.2,39.2487,395,0.0001,0,0.0002
stress,console,24,0.15,cbs-poisson-stress,pact,cbs,15,1061.5333,600.6936,2622,99.6667,0.8165,100,0.3333,0.8165,3,0.2,0.414,1,11.419,3.964,14.6843,83.6501,22.9928,140.7,31.3155,18.7329,76.93,52.3346,7.0509,73.1546,5212.2667,662.9954,7096,6215.6,261.0478,6892,1234.8,2138.9893,7408,0,0,0,9.8,2.2741,15,20.6667,2.8702,27,0.0667,0.2582,1,35.6,99.8047,386,35.6,99.8047,386,0,0,0,0,0,0,0,0,0,275,124.4651,598,76583.7333,201081.5318,781794,22270962.6667,68029244.3943,265207341,34837.2479,104276.5943,406515.4718,44.1575,7.3401,58.2318,15.503,39.8301,155.0402,0.249,0.0645,0.3057,0.261,0.0437,0.3118,1061.5333,600.6936,2622,25476.8,14416.6471,62928,0,0,0,0,0,0,0,0,0,9.8,2.2741,15,278.6667,442.0583,1001,403.9333,619.3156,1864,404,614.2727,1864,412.5333,608.6302,1864,402.2667,613.6356,1864,337.2,31.6232,398,0.0001,0.0001,0.0001
stress,console,24,0.15,cbs-poisson-stress,greedy,cbs,15,1164.4,687.1616,2918,99.7333,0.4577,100,0.2667,0.4577,1,0.2667,0.4577,1,10.8149,4.27,14.7059,89.1761,22.9725,136.54,35.525,18.8632,58.0909,53.6511,17.287,115.97,5351.9333,1732.2889,11597,6250.1333,447.0361,7176,1882.1333,4569.2364,17806,0,0,0,10.2667,2.604,16,21.8,4.5071,31,0.4,0.9103,3,29.6667,90.5055,345,29.6667,90.5055,345,0,0,0,0,0,0,0,0,0,295.1333,135.4178,651,64549.0667,183348.2114,703058,24552163.0667,83541987.0442,324529507,34761.6921,115901.4558,450132.05,11.9568,3.6874,21.4685,13.3798,39.897,154.2605,0.2356,0.0662,0.3002,0.2659,0.0614,0.3561,1164.4,687.1616,2918,27945.6,16491.8793,70032,0,0,0,0,0,0,0,0,0,10.2667,2.604,16,349.6667,475.4839,1001,445,690.5634,2282,478.2,719.1015,2282,489.3333,712.2818,2282,460.4,701.2476,2282,339.4,15.24,366,0,0,0.0001
stress,console,24,inf,cbs-batch-normal,hungarian,cbs,15,393.5333,35.8367,492,100,0,100,0,0,0,0,0,0,25.591,2.1355,28.9855,171.112,5.5477,182.45,121.23,5.0587,131.68,49.882,1.1692,51.64,4988.2,116.9232,5164,5805,129.9604,6097,175.8,20.9564,202,0,0,0,0,0,0,0.2,0.414,1,1.6667,2.1931,9,0.5333,0.8338,2,0.4667,0.7432,2,0,0,0,0,0,0,0,0,0,144.4667,10.3501,169,7653.1333,1984.8583,11794,502543.8,212403.7271,975153,1094.5967,408.0038,2018.0675,19.0909,8.0201,33.7333,2.7844,1.0409,5.2417,0.5322,0.0495,0.5977,0.4817,0.0303,0.5252,393.5333,35.8367,492,9444.8,860.08,11808,0,0,0,0,0,0,0,0,0,0,0,0,23.3333,9.6634,45,10.3333,2.2887,15,19.1333,2.2949,23,47.3333,9.7076,67,47.3333,9.7076,67,0.6667,1.4475,4,0.2371,0.0394,0.3053
stress,console,24,inf,cbs-batch-normal,pact-proxy,cbs,15,374.4,43.0412,487,100,0,100,0,0,0,0,0,0,27.023,2.9716,33.67,171.7547,9.4502,183.17,121.35,8.0687,132.77,50.4047,1.6675,53.3,5040.4667,166.7504,5330,5870.6,264.5116,6437,179.8,26.3092,242,0,0,0,0,0,0,0.2,0.414,1,1.6667,1.9518,6,0.8667,0.9155,3,0.8667,0.9155,3,0,0,0,0,0,0,0,0,0,139.2,8.4194,150,8844.3333,3374.0968,15244,549767.7333,334483.8661,1597093,1308.6193,701.3419,3050.2833,16.4366,5.3992,34.6383,3.5573,2.0319,9.1053,0.5662,0.0503,0.6582,0.4804,0.033,0.5364,374.4,43.0412,487,8985.6,1032.9882,11688,0,0,0,0,0,0,0,0,0,0,0,0,20.4,6.9364,31,10.4,2.5298,14,18.6,3.2249,23,46.2667,11.0548,72,46.2667,11.0548,72,0.8,1.4243,4,0.2258,0.043,0.305
stress,console,24,inf,cbs-batch-normal,pact,cbs,15,384.5333,33.9808,475,100,0,100,0,0,0,0,0,0,26.1833,2.1729,30.303,170.688,5.8637,183.44,120.7793,5.1222,133.25,49.9087,1.4644,52.35,4990.8667,146.4425,5235,5823.6,120.8528,6027,164.2,29.4696,207,0,0,0,0,0,0,0.1333,0.3519,1,1.6667,1.6762,6,0.3333,0.7237,2,0.2667,0.7037,2,0,0,0,0,0,0,0,0,0,143.9333,9.7722,169,7879.5333,2407.1647,13380,410487,104370.0283,581967,927.0008,321.0822,1692.0316,69.762,11.3923,86.1569,2.427,0.8938,4.4881,0.5445,0.0475,0.6144,0.461,0.0296,0.5322,384.5333,33.9808,475,9228.8,815.5394,11400,0,0,0,0,0,0,0,0,0,0,0,0,19,7.6345,34,9.8,2.0071,13,17.5333,2.9244,23,50.0667,13.112,80,50.0667,13.112,80,0.6,0.9856,3,0.2205,0.036,0.2719
stress,console,24,inf,cbs-batch-normal,greedy,cbs,15,361.5333,19.9995,387,100,0,100,0,0,0,0,0,0,27.7414,1.5799,30.7692,172.1373,4.604,178.89,121.076,3.6901,126.53,51.0613,1.523,54.19,5106.1333,152.2962,5419,5823.2667,163.1294,6059,170.4667,31.6518,214,0,0,0,0,0,0,0,0,0,1.2,1.0823,4,0.6,0.8281,2,0.6,0.8281,2,0,0,0,0,0,0,0,0,0,136.8667,8.0522,151,8941.0667,2935.4242,16498,543794.2,223688.408,1044836,1279.3775,536.6469,2603.7215,17.0166,7.3103,33.0604,3.5334,1.4267,6.8519,0.59,0.0339,0.651,0.4847,0.0276,0.5325,361.5333,19.9995,387,8676.8,479.9886,9288,0,0,0,0,0,0,0,0,0,0,0,0,17.4667,5.5274,26,10.4667,3.2484,15,18.1333,3.9073,24,48,5.7817,56,48,5.7817,56,0.3333,1.291,5,0.2561,0.0373,0.3377
stress,console,24,inf,cbs-batch-stress,hungarian,cbs,15,885.4667,434.3866,1746,99.7333,0.5936,100,0.2667,0.5936,2,0.2,0.414,1,12.9938,3.7897,15.5521,326.1652,12.0302,343.78,276.517,11.5927,293.25,49.6482,1.2016,51.85,4951.6667,127.2981,5185,5832,164.8393,6076,926,1898.518,7010,0,0,0,12.0667,1.0998,15,15.4667,2.774,22,3.6667,10.6882,42,28.8,103.8682,404,28.8,103.8682,404,0,0,0,0,0,0,0,0,0,253.4667,89.0929,432,64963.2,211727.6697,829731,17405283.5333,61993204.7632,241230589,26271.7373,91261.3901,355626.0413,11.803,3.4784,21.9523,17.0409,52.1714,203.6804,0.277,0.0628,0.3326,0.1983,0.029,0.2586,885.4667,434.3866,1746,21251.2,10425.2778,41904,0,0,0,0,0,0,0,0,0,12.0667,1.0998,15,256.6,386.0179,1001,266,493.9897,1290,285.1333,519.102,1312,300.6667,511.4606,1316,296.3333,513.7218,1316,334.9333,22.0566,367,0.0001,0,0.0002
stress,console,24,inf,cbs-batch-stress,pact-proxy,cbs,15,963.3333,496.1487,1881,99.4,1.1212,100,0.6,1.1212,3,0.2667,0.4577,1,12.376,4.3197,17.3611,330.873,24.1295,355.1753,280.7537,22.4722,306.268,50.1194,2.3885,55.27,4982.2667,253.6655,5527,5895.7333,254.4842,6213,806.6667,1307.4467,4643,0,0,0,12.3333,1.9518,18,16.6667,3.132,24,0.3333,0.7237,2,1.1333,1.4075,5,1.1333,1.4075,5,0,0,0,0,0,0,0,0,0,271.3333,99.5473,455,8221.9333,3006.6865,14694,692145.6,835802.6392,3598568,1516.9877,1367.4852,6083.4793,15.8002,5.7582,33.1586,2.0235,2.146,9.0126,0.2687,0.0722,0.3212,0.2073,0.0567,0.308,963.3333,496.1487,1881,23120,11907.5686,45144,0,0,0,0,0,0,0,0,0,12.3333,1.9518,18,314.7333,428.6883,1001,352.6667,546.223,1445,378.0667,574.2313,1445,385.4,569.9784,1445,384.1333,570.7857,1445,321.0667,33.3605,376,0.0001,0,0.0001
stress,console,24,inf,cbs-batch-stress,pact,cbs,15,999.5333,481.8472,1941,99.4667,0.9904,100,0.5333,0.9904,3,0.2667,0.4577,1,11.7047,3.9483,15.5763,335.6425,22.6651,389.7245,286.0578,22.1074,340.4796,49.5847,1.3749,51.8,4931.9333,142.5379,5180,5885.4,193.1076,6321,950.8667,1427.1346,5058,0,0,0,12.5333,1.7265,16,16.7333,2.7115,24,0.7333,1.0998,3,0.2667,1.0328,4,0.2667,1.0328,4,0,0,0,0,0,0,0,0,0,279.8,96.8166,469,6198.4,2997.5543,15525,336138.2,144740.35,598076,792.7863,432.089,2010.2633,47.6724,7.1741,58.464,0.7959,0.1883,1.2198,0.252,0.0627,0.3114,0.2098,0.0501,0.3086,999.5333,481.8472,1941,23988.8,11564.3321,46584,0,0,0,0,0,0,0,0,0,12.5333,1.7265,16,316.7333,427.4822,1001,397.6667,576.3963,1683,399.5333,575.4043,1683,405.6,571.7393,1683,381.8667,584.2163,1683,329.6667,31.2197,375,0,0,0.0001
stress,console,24,inf,cbs-batch-stress,greedy,cbs,15,1052.0667,529.425,1871,99.3333,1.0465,100,0.6667,1.0465,3,0.3333,0.488,1,11.4932,4.3812,15.1515,329.4685,11.6373,344.9184,279.3343,11.0075,295.2245,50.1342,1.4852,52.16,4980.4,169.8654,5216,5869.4,156.6816,6065,1188.4,1767.5147,5675,0,0,0,13.2667,2.4631,21,15.7333,2.9633,21,0.9333,1.387,5,43,101.5276,321,43,101.5276,321,0,0,0,0,0,0,0,0,0,290.9333,109.0455,466,91589.4667,203751.8373,649230,28797345.2667,69855237.9214,217685576,43241.0624,103346.3309,317454.0504,12.9473,6.2866,31.0239,24.5575,57.5022,182.6548,0.2585,0.0678,0.3238,0.1889,0.0571,0.2708,1052.0667,529.425,1871,25249.6,12706.1989,44904,0,0,0,0,0,0,0,0,0,13.2667,2.4631,21,373.8,459.6137,1001,402.6,549.0581,1453,422.6667,563.0276,1494,429.3333,558.6401,1494,414.0667,554.693,1494,309.2667,22.2918,336,0,0.0001,0.0002
stress,narrow,8,0.15,pp-poisson-normal,hungarian,pp,15,1109.5333,57.7753,1262,100,0,100,0,0,0,0,0,0,9.0351,0.4609,10.0604,177.972,33.7639,231.71,115.066,32.6067,166.23,62.906,2.4444,66.79,6290.6,244.4439,6679,6578.2667,213.612,6831,43.9333,13.7242,69,0,0,0,0,0,0,8,0,8,0.0667,0.2582,1,0,0,0,0,0,0,0,0,0,0,0,0,0,0,0,291.6667,13.0146,322,2021.6,100.2567,2266,79001.1333,8059.2972,90900,142.5555,17.8903,174.3751,8.3339,3.6462,20.666,0.129,0.0183,0.1536,0.7101,0.0378,0.7434,0.6796,0.0599,0.777,1109.5333,57.7753,1262,8876.2667,462.2021,10096,0,0,0,0,0,0,0,0,0,0,0,0,32,8.1941,50,4.4667,2.0307,8,8.6,4.7329,17,36.6667,11.806,74,36.6667,11.806,74,1.2667,0.7037,3,0.0781,0.0166,0.1042
stress,narrow,8,0.15,pp-poisson-normal,pact-proxy,pp,15,1089.7333,42.7926,1144,100,0,100,0,0,0,0,0,0,9.1899,0.3653,9.8522,168.5387,31.1416,211.29,106.128,30.0726,149.27,62.4107,2.6571,66.84,6241.0667,265.711,6684,6542.4,253.3518,6873,47.2,17.9093,81,0,0,0,0,0,0,8,0,8,0.1333,0.5164,2,0,0,0,0,0,0,0,0,0,0,0,0,0,0,0,285.4,10.5411,300,1964.5333,79.9534,2082,75947.4667,8486.3842,97782,135.3873,12.2139,155.8215,9.3378,1.0099,11.469,0.1243,0.0108,0.1477,0.716,0.0194,0.7511,0.6869,0.0501,0.7505,1089.7333,42.7926,1144,8717.8667,342.3411,9152,0,0,0,0,0,0,0,0,0,0,0,0,27.2,4.7689,37,5.6,3.2907,13,10,6.1296,22,38.7333,11.6157,67,38.7333,11.6157,67,1.2667,0.7988,4,0.0826,0.0175,0.1078
stress,narrow,8,0.15,pp-poisson-normal,pact,pp,15,1101.5333,44.1359,1162,100,0,100,0,0,0,0,0,0,9.0925,0.3824,10.1729,182.894,32.6783,232.62,120.1347,30.9228,165.4,62.7593,2.7429,67.22,6275.9333,274.2922,6722,6583.4,288.5953,7060,44.4,10.6824,59,0,0,0,0,0,0,8,0,8,0.2667,0.5936,2,0,0,0,0,0,0,0,0,0,0,0,0,0,0,0,289.8,7.7201,302,2468.6,96.7868,2620,90388.4,9470.0339,113717,169.5661,21.9066,220.4614,36.0035,7.237,51.7522,0.1542,0.0211,0.2023,0.7124,0.021,0.758,0.6522,0.0544,0.7346,1101.5333,44.1359,1162,8812.2667,353.0875,9296,0,0,0,0,0,0,0,0,0,0,0,0,32.7333,6.2045,45,5.4,1.5024,8,9.1333,3.5227,17,35.2667,12.6912,68,35.2667,12.6912,68,1.7333,1.5337,5,0.0787,0.0164,0.1006
stress,narrow,8,0.15,pp-poisson-normal,greedy,pp,15,1122.5333,45.9019,1225,100,0,100,0,0,0,0,0,0,8.922,0.3569,9.5329,183.6647,28.3971,215.61,120.17,27.2292,151.61,63.4947,3.192,69.67,6349.4667,319.2005,6967,6706.2667,268.6497,7200,45.2667,14.2351,70,0,0,0,0,0,0,8,0,8,0.2,0.414,1,0,0,0,0,0,0,0,0,0,0,0,0,0,0,0,295,13.8873,320,2040.8667,103.0207,2223,78123,8866.7218,88813,142.1192,12.3717,167.5136,8.1556,3.2097,16.9597,0.1268,0.0119,0.1534,0.7074,0.0296,0.7393,0.6679,0.0434,0.7253,1122.5333,45.9019,1225,8980.2667,367.2149,9800,0,0,0,0,0,0,0,0,0,0,0,0,29.1333,5.8293,44,5.6,3.5617,16,10.6,6.1621,29,33.6667,6.4328,47,33.6667,6.4328,47,1.2,0.7746,4,0.0726,0.0145,0.0958
stress,narrow,8,0.15,pp-poisson-stress,hungarian,pp,15,1354.6,98.0079,1548,100,0,100,0,0,0,0,0,0,7.4169,0.5138,8.2034,369.4267,42.7928,428.93,309.57,42.0673,369.74,59.8567,1.8354,62.65,5985.6667,183.5428,6265,6723.5333,202.8859,6975,45.4667,12.6653,67,0,0,0,0,0,0,19.5333,3.0675,24,0.1333,0.3519,1,0,0,0,0,0,0,0,0,0,0,0,0,0,0,0,344.8667,19.3976,384,2117.5333,92.6567,2316,80121.4667,7433.3836,92160,147.9044,14.2262,173.258,8.9411,1.3621,12.6747,0.1097,0.0128,0.1333,0.5545,0.0347,0.5884,0.4058,0.2109,0.8176,1354.6,98.0079,1548,10836.8,784.063,12384,0,0,0,0,0,0,0,0,0,0,0,0,106.0667,42.6421,201,5.4667,3.3138,13,10.1333,5.9145,22,35.0667,7.787,49,35.0667,7.787,49,4.6667,0.488,5,0.0346,0.0098,0.053
stress,narrow,8,0.15,pp-poisson-stress,pact-proxy,pp,15,1333.7333,97.146,1524,100,0,100,0,0,0,0,0,0,7.5321,0.5061,8.0451,358.1,47.9361,434.7,298.1653,46.83,371.74,59.9347,2.401,63,5993.4667,240.0967,6300,6692.9333,317.6369,7191,49.2,18.1391,97,0,0,0,0,0,0,19.0667,2.7894,24,0.6,1.5946,6,0,0,0,0,0,0,0,0,0,0,0,0,0,0,0,341.2667,20.7793,380,2111.2667,104.2254,2283,80426.0667,6799.6799,93357,147.666,15.0383,173.0783,12.3651,1.8758,16.7708,0.111,0.0113,0.1269,0.5635,0.0314,0.5914,0.3679,0.2138,0.8026,1333.7333,97.146,1524,10669.8667,777.1683,12192,0,0,0,0,0,0,0,0,0,0,0,0,106.6,45.0853,195,5.0667,3.0814,12,10,7.2408,30,35.7333,9.8956,61,35.7333,9.8956,61,4.6667,0.6172,5,0.0411,0.0085,0.0554
stress,narrow,8,0.15,pp-poisson-stress,pact,pp,15,1380.1333,131.5071,1660,100,0,100,0,0,0,0,0,0,7.3055,0.676,8.5034,371.3647,48.0989,440.01,311.376,46.5227,377.56,59.9887,2.3643,63.09,5998.8667,236.4269,6309,6731.2667,300.9448,7156,41.3333,17.224,91,0,0,0,0.1333,0.3519,1,20.3333,3.1773,24,0.2667,0.5936,2,0,0,0,0,0,0,0,0,0,0,0,0,0,0,0,351.2,28.5387,408,3062.8,329.6687,3618,101915,9861.4679,126647,191.3556,20.6443,226.6096,60.8782,13.3798,85.1905,0.1387,0.0094,0.1567,0.5468,0.0424,0.5996,0.4596,0.2166,0.8173,1380.1333,131.5071,1660,11041.0667,1052.057,13280,0,0,0,0,0,0,0,0,0,0.1333,0.3519,1,86.6,35.2436,157,3.8,2.569,11,8,5.4903,22,34.2,8.7684,52,34.2,8.7684,52,4.8667,0.3519,5,0.0357,0.0163,0.053
stress,narrow,8,0.15,pp-poisson-stress,greedy,pp,15,1392.1333,113.8005,1570,100,0,100,0,0,0,0,0,0,7.227,0.5744,7.8927,382.3033,51.7179,455.85,320.928,50.9122,391.01,61.3753,2.4157,65.41,6137.5333,241.5701,6541,6900.2667,335.4927,7500,46.4,15.1412,67,0,0,0,0,0,0,20.6,3.1803,24,0,0,0,0,0,0,0,0,0,0,0,0,0,0,0,0,0,0,353.2,24.1637,388,2147.8667,99.3492,2303,80229.9333,9292.1298,97282,148.1913,20.0786,185.0371,8.1026,2.8122,17.9562,0.1067,0.014,0.127,0.5531,0.0296,0.5945,0.4662,0.2374,0.8095,1392.1333,113.8005,1570,11137.0667,910.404,12560,0,0,0,0,0,0,0,0,0,0,0,0,102.5333,30.8357,152,5.2667,2.5765,11,9.7333,4.758,20,38.1333,10.2808,58,38.1333,10.2808,58,5,0,5,0.0374,0.0125,0.0694
stress,narrow,8,inf,pp-batch-normal,hungarian,pp,15,1052.6,39.297,1149,100,0,100,0,0,0,0,0,0,9.5125,0.3502,10.2145,447.996,26.5725,505.68,384.6307,25.3506,442.25,63.3653,2.198,68.87,6336.5333,219.7956,6887,6490.6667,243.5739,7159,51.6667,14.5831,79,0,0,0,0,0,0,7.9333,0.2582,8,0.2,0.414,1,0,0,0,0,0,0,0,0,0,0,0,0,0,0,0,281.9333,8.6228,303,1952.5333,60.8181,2108,80499.2667,9773.6805,94708,143.4447,16.0711,177.9015,7.6718,0.8986,9.6541,0.1362,0.0134,0.168,0.7527,0.0168,0.7826,0.6829,0.0605,0.7516,1052.6,39.297,1149,8420.8,314.3763,9192,0,0,0,0,0,0,0,0,0,0,0,0,31.4,6.311,42,4.9333,2.5765,10,9.4667,5.5532,19,34.0667,8.8839,51,34.0667,8.8839,51,1.2,0.5606,3,0.0663,0.0136,0.0872
stress,narrow,8,inf,pp-batch-normal,pact-proxy,pp,15,1040.4667,39.2007,1114,100,0,100,0,0,0,0,0,0,9.6236,0.3577,10.1833,435.7753,26.7225,472.33,373.4593,25.0422,409.48,62.316,2.3595,66.44,6231.6,235.9521,6644,6406.6667,257.6076,6903,42.2,9.4203,59,0,0,0,0,0,0,8,0,8,0.1333,0.3519,1,0,0,0,0,0,0,0,0,0,0,0,0,0,0,0,282.5333,11.1411,303,1945.3333,74.1761,2087,78129.6,7974.8067,89583,142.3336,10.979,160.6132,12.1119,4.9928,24.2278,0.137,0.0115,0.1613,0.7487,0.0119,0.767,0.6983,0.0438,0.785,1040.4667,39.2007,1114,8323.7333,313.6056,8912,0,0,0,0,0,0,0,0,0,0,0,0,34.1333,8.1053,54,4.2,1.8205,6,7.7333,2.5486,13,43.1333,13.721,71,43.1333,13.721,71,1.2,0.5606,3,0.0781,0.0137,0.1026
stress,narrow,8,inf,pp-batch-normal,pact,pp,15,1042.3333,40.3904,1154,100,0,100,0,0,0,0,0,0,9.6069,0.3619,10.3842,449.3407,24.9827,510.65,387.4327,24.0112,447.57,61.908,1.4732,64.46,6190.8,147.3171,6446,6393.4667,192.598,6823,48.5333,10.5483,69,0,0,0,0,0,0,8,0,8,0.2,0.414,1,0,0,0,0,0,0,0,0,0,0,0,0,0,0,0,282.4,10.0128,311,2514.5333,65.4838,2705,96781.2667,6514.9614,107703,176.5392,14.5624,206.9554,40.4296,4.006,50.4668,0.1693,0.0121,0.2019,0.7429,0.0162,0.7666,0.667,0.0479,0.7572,1042.3333,40.3904,1154,8338.6667,323.1229,9232,0,0,0,0,0,0,0,0,0,0,0,0,34.8667,6.5777,48,4.8667,1.5523,6,8.9333,3.2834,13,37.8667,7.945,52,37.8667,7.945,52,1.1333,0.5164,3,0.0786,0.0144,0.1086
stress,narrow,8,inf,pp-batch-normal,greedy,pp,15,1062.5333,53.2942,1186,100,0,100,0,0,0,0,0,0,9.4329,0.4596,10.1729,450.3073,26.9564,516.87,387.5747,24.9715,448.9,62.7327,2.4956,67.97,6273.2667,249.5612,6797,6507.9333,286.8585,7121,50.0667,20.492,105,0,0,0,0,0,0,8,0,8,0.2,0.414,1,0,0,0,0,0,0,0,0,0,0,0,0,0,0,0,284.8667,11.7161,308,1973.8667,84.3673,2139,80566.8,11109.5835,97152,141.8761,19.9642,184.7224,7.5564,1.788,12.2562,0.1336,0.018,0.1654,0.7388,0.0285,0.7864,0.6763,0.0441,0.7368,1062.5333,53.2942,1186,8500.2667,426.3532,9488,0,0,0,0,0,0,0,0,0,0,0,0,34.8667,6.3117,46,5.2667,3.0582,12,9.4667,5.9506,23,36.6667,7.8891,53,36.6667,7.8891,53,1.2667,1.0328,5,0.0701,0.0159,0.0995
stress,narrow,8,inf,pp-batch-stress,hungarian,pp,15,1307.6667,97.2425,1557,100,0,100,0,0,0,0,0,0,7.6828,0.5138,8.2713,676.7213,34.4984,753.53,615.9433,32.4198,687.34,60.778,2.4575,66.19,6077.8,245.7505,6619,6795.6,313.8584,7638,51.7333,12.8311,91,0,0,0,0,0,0,18.7333,2.8652,24,0.2,0.414,1,0,0,0,0,0,0,0,0,0,0,0,0,0,0,0,335.2667,20.0765,381,2068.6,87.7544,2247,81942.0667,7355.0658,94538,149.6897,16.7514,190.9208,8.5568,2.1741,15.8725,0.1147,0.0125,0.1507,0.5826,0.0279,0.6128,0.3492,0.207,0.8162,1307.6667,97.2425,1557,10461.3333,777.9396,12456,0,0,0,0,0,0,0,0,0,0,0,0,120.8667,38.0542,178,6.5333,3.9617,13,11.9333,7.2256,25,37.6,10.2595,64,37.6,10.2595,64,4.5333,0.6399,5,0.0414,0.0127,0.0609
stress,narrow,8,inf,pp-batch-stress,pact-proxy,pp,15,1302.6667,96.0883,1532,100,0,100,0,0,0,0,0,0,7.7124,0.5216,8.2305,663.8767,24.2598,703.72,604.06,22.3276,639.74,59.8167,2.3872,63.98,5981.6667,238.7224,6398,6679.8667,298.9751,7240,53,16.2744,95,0,0,0,0,0,0,18.5333,3.0675,24,0.2,0.414,1,0,0,0,0,0,0,0,0,0,0,0,0,0,0,0,332,17.7039,376,2047,77.901,2241,82447.0667,9953.1158,96503,150.0486,14.3611,178.5748,12.3041,1.3526,15.021,0.1157,0.0135,0.1403,0.5755,0.0266,0.6063,0.3876,0.2187,0.8404,1302.6667,96.0883,1532,10421.3333,768.706,12256,0,0,0,0,0,0,0,0,0,0,0,0,127.4,47.3359,213,6.8667,3.1593,14,11.4667,5.7305,23,40.6667,10.1325,66,40.6667,10.1325,66,4.6,1.1212,5,0.0407,0.0095,0.0617
stress,narrow,8,inf,pp-batch-stress,pact,pp,15,1274.2,51.3311,1405,100,0,100,0,0,0,0,0,0,7.8598,0.3126,8.5763,669.2573,23.9235,717.97,609.906,22.6197,656.11,59.3513,1.8422,61.86,5935.1333,184.2153,6186,6645.5333,235.7371,7044,45.0667,7.9594,59,0,0,0,0.0667,0.2582,1,17.9333,1.7915,23,0.2667,0.4577,1,0,0,0,0,0,0,0,0,0,0,0,0,0,0,0,328.2,11.3528,354,2948.9333,225.7684,3464,105281,8193.6728,121296,195.4544,19.5342,225.628,59.9403,12.6431,84.6334,0.1535,0.0148,0.1779,0.5826,0.0142,0.6049,0.2907,0.0888,0.5924,1274.2,51.3311,1405,10193.6,410.6491,11240,0,0,0,0,0,0,0,0,0,0.0667,0.2582,1,116.5333,29.5994,167,4.9333,3.1275,12,8,5.4511,22,33.7333,7.4111,46,33.7333,7.4111,46,4.7333,0.5936,5,0.0302,0.0148,0.0468
stress,narrow,8,inf,pp-batch-stress,greedy,pp,15,1308.4667,93.7,1537,100,0,100,0,0,0,0,0,0,7.676,0.5008,8.1169,682.7933,32.2521,761.72,622.6767,30.1429,696.09,60.1167,2.4858,65.63,6011.6667,248.5816,6563,6718.0667,327.4266,7482,42.2,9.4203,61,0,0,0,0,0,0,18.5333,2.9729,24,0.3333,0.6172,2,0,0,0,0,0,0,0,0,0,0,0,0,0,0,0,335.5333,22.2578,389,2075.6,104.5677,2317,77812.9333,8117.3748,93064,145.0295,23.9774,178.8109,8.0248,1.5696,11.5178,0.1111,0.0184,0.1372,0.5756,0.0242,0.6046,0.3627,0.2051,0.8343,1308.4667,93.7,1537,10467.7333,749.6002,12296,0,0,0,0,0,0,0,0,0,0,0,0,125.0667,28.4968,175,4.1333,1.8848,6,8.5333,4.5492,18,34.0667,7.4399,51,34.0667,7.4399,51,4.8,0.414,5,0.0357,0.0126,0.0495
stress,narrow,8,0.15,cbs-poisson-normal,hungarian,cbs,15,1071.4,44.7338,1151,100,0,100,0,0,0,0,0,0,9.3492,0.4011,10.395,162.7807,33.1498,218.66,101.796,31.6579,154.89,60.9847,2.4132,64.52,6098.4667,241.3243,6452,6417.7333,235.2289,6714,44.6,13.8451,64,0,0,0,0,0,0,8,0,8,0.2,0.414,1,2.4667,1.9952,7,2.4667,1.9952,7,0,0,0,0,0,0,0,0,0,284.9333,9.7795,301,9914.7333,4826.1486,20543,491022.0667,283241.323,972446,1033.1023,553.9026,1985.139,10.2519,1.8889,14.4781,0.9636,0.5146,1.8279,0.7122,0.03,0.7375,0.6848,0.068,0.7836,1071.4,44.7338,1151,8571.2,357.8705,9208,0,0,0,0,0,0,0,0,0,0,0,0,33.4,12.9273,67,5.7333,2.5486,11,11.5333,5.5274,20,29.0667,7.5826,43,29.0667,7.5826,43,1.2667,1.0328,5,0.0829,0.0156,0.1172
stress,narrow,8,0.15,cbs-poisson-normal,pact-proxy,cbs,15,1072.5333,40.5918,1135,100,0,100,0,0,0,0,0,0,9.3363,0.3554,10,156.974,33.7989,220.61,96.19,32.3659,155.11,60.784,2.8186,65.5,6078.4,281.8611,6550,6444.4667,238.1458,6812,43.4667,10.8947,66,0,0,0,0,0,0,8,0,8,0.1333,0.3519,1,2.2667,4.1656,16,2.2667,4.1656,16,0,0,0,0,0,0,0,0,0,283.9333,12.3547,304,10254.7333,8807.7199,40202,532164.4,618516.8783,2328426,1118.4981,1192.0546,4785.817,12.8487,2.6821,20.497,1.0268,1.051,4.2166,0.7085,0.0222,0.7526,0.6947,0.0513,0.7485,1072.5333,40.5918,1135,8580.2667,324.7345,9080,0,0,0,0,0,0,0,0,0,0,0,0,29.9333,6.2274,44,4.8667,1.7674,7,9,4.1057,18,32.6667,7.8437,51,32.6667,7.8437,51,1.2,0.414,2,0.0832,0.0154,0.1034
stress,narrow,8,0.15,cbs-poisson-normal,pact,cbs,15,1076.8667,36.0374,1118,100,0,100,0,0,0,0,0,0,9.2964,0.3266,10.2564,169.4793,31.6886,220.9,108.5147,30.1543,156.34,60.9647,2.4729,64.56,6096.4667,247.2861,6456,6432.8667,258.2985,6786,44,13.7685,69,0,0,0,0,0,0,8,0,8,0,0,0,0.9333,1.2799,4,0.9333,1.2799,4,0,0,0,0,0,0,0,0,0,284.7333,7.4495,295,6781.8667,2916.1703,12652,301871.9333,164564.716,730276,659.2102,354.9678,1601.6442,37.6088,5.0368,48.3741,0.6143,0.3317,1.4495,0.7077,0.0197,0.74,0.665,0.0542,0.7363,1076.8667,36.0374,1118,8614.9333,288.2993,8944,0,0,0,0,0,0,0,0,0,0,0,0,33.6,7.8267,46,5.7333,3.3051,15,10.7333,6.0882,24,32.5333,5.7429,42,32.5333,5.7429,42,1.4,1.1212,5,0.0744,0.0185,0.1144
stress,narrow,8,0.15,cbs-poisson-normal,greedy,cbs,15,1093.6667,45.3032,1168,100,0,100,0,0,0,0,0,0,9.1583,0.3829,9.8717,167.8027,27.7399,203.6,106.2173,26.3021,140.88,61.5853,3.1892,66.88,6158.5333,318.9218,6688,6555.7333,261.5668,7032,44.0667,14.3201,71,0,0,0,0,0,0,8,0,8,0.0667,0.2582,1,1.3333,1.3973,4,1.3333,1.3973,4,0,0,0,0,0,0,0,0,0,288.0667,12.4181,303,7415.4,2402.6713,11645,314426.4,129067.2833,635448,693.1945,240.3051,1168.9376,9.3707,1.5622,12.6298,0.6328,0.2148,1.0646,0.7041,0.0282,0.7458,0.676,0.0421,0.7337,1093.6667,45.3032,1168,8749.3333,362.4257,9344,0,0,0,0,0,0,0,0,0,0,0,0,29.4667,5.718,44,6.7333,4.5898,16,11.5333,7.5011,29,30.4,8.2704,42,30.4,8.2704,42,1.0667,0.2582,2,0.0753,0.0175,0.1055
stress,narrow,8,0.15,cbs-poisson-stress,hungarian,cbs,15,1288.2667,53.1177,1410,100,0,100,0,0,0,0,0,0,7.7746,0.3176,8.2988,352.9427,42.8174,415.53,294.904,41.6965,356.78,58.0387,2.1268,61.39,5803.8667,212.6798,6139,6530.0667,205.935,6801,39,12.006,63,0,0,0,0,0,0,17.8,2.2104,24,0.0667,0.2582,1,3.1333,3.8705,11,3.1333,3.8705,11,0,0,0,0,0,0,0,0,0,330.3333,13.0256,358,11393.6667,8281.5026,28229,436204.9333,277814.2168,997172,1038.2207,671.8447,2464.7884,13.0449,3.4142,20.3123,0.8106,0.5301,1.8873,0.5635,0.0183,0.5876,0.3162,0.1224,0.7381,1288.2667,53.1177,1410,10306.1333,424.942,11280,0,0,0,0,0,0,0,0,0,0,0,0,103.8,40.6276,201,4.7333,2.0862,8,8.0667,4.1484,17,28.6,4.8961,37,28.6,4.8961,37,4.4667,0.9155,5,0.0432,0.0083,0.06
stress,narrow,8,0.15,cbs-poisson-stress,pact-proxy,cbs,15,1284.6667,69.6724,1488,100,0,100,0,0,0,0,0,0,7.804,0.393,8.3472,339.4633,43.8818,421.34,281.3807,42.8719,360.35,58.0827,2.2555,61.53,5808.2667,225.5477,6153,6543.4667,306.6282,7097,42.9333,13.5724,68,0,0,0,0,0,0,18.2,2.2424,24,0.1333,0.3519,1,1.9333,2.1202,8,1.9333,2.1202,8,0,0,0,0,0,0,0,0,0,330.6667,15.8775,375,8898.2667,5074.6357,22644,427614.8,310841.8619,1351146,932.7778,596.8105,2637.9634,19.2326,5.2567,28.8703,0.7286,0.4762,2.1274,0.5659,0.0218,0.5932,0.3196,0.1328,0.77,1284.6667,69.6724,1488,10277.3333,557.3789,11904,0,0,0,0,0,0,0,0,0,0,0,0,108.8,40.8607,182,4.8,2.8586,12,8.8,4.5544,21,34.2,9.1745,57,34.2,9.1745,57,4.8,0.414,5,0.0455,0.0083,0.0558
stress,narrow,8,0.15,cbs-poisson-stress,pact,cbs,15,1286.7333,50.7409,1364,100,0,100,0,0,0,0,0,0,7.7833,0.3168,8.6207,350.4647,43.4083,429.76,292.0253,41.7942,369.59,58.4393,2.4043,61.92,5843.9333,240.4268,6192,6549.2667,300.5137,7027,35.8667,11.5503,57,0,0,0,0,0,0,18.4,1.8048,23,0,0,0,1.8667,1.9952,6,1.8667,1.9952,6,0,0,0,0,0,0,0,0,0,330.5333,11.8193,346,9134.2667,4220.2279,16901,382381.9333,220964.2556,743911,869.3779,476.0892,1670.9013,66.5356,11.9166,91.0866,0.6734,0.3691,1.3146,0.5679,0.0162,0.5948,0.3041,0.075,0.4881,1286.7333,50.7409,1364,10293.8667,405.9271,10912,0,0,0,0,0,0,0,0,0,0,0,0,81.6667,36.4568,157,3.8667,1.9591,7,7.8,3.6095,16,32.8667,13.201,70,32.8667,13.201,70,4.8667,0.3519,5,0.0465,0.0086,0.0617
stress,narrow,8,0.15,cbs-poisson-stress,greedy,cbs,15,1322.2667,89.9384,1579,100,0,100,0,0,0,0,0,0,7.5924,0.4674,8.0645,361.2527,46.068,427.37,301.844,45.7364,364.5,59.4087,2.1547,63.19,5940.8667,215.4676,6319,6708.1333,303.3044,7331,39.4,12.2579,63,0,0,0,0,0,0,19.0667,2.7377,24,0.1333,0.3519,1,2.2,2.1778,7,2.2,2.1778,7,0,0,0,0,0,0,0,0,0,337.4667,19.272,388,9713,4263.0396,17601,436385.7333,242008.8647,803916,975.5115,488.6181,1738.4386,11.7922,2.5998,17.5743,0.738,0.3593,1.2625,0.5629,0.024,0.588,0.3432,0.1486,0.7684,1322.2667,89.9384,1579,10578.1333,719.5076,12632,0,0,0,0,0,0,0,0,0,0,0,0,101.4667,34.0501,152,5.0667,2.1865,9,8.5333,4.3731,18,30.4667,6.5013,42,30.4667,6.5013,42,4.8667,0.3519,5,0.0413,0.0112,0.0657
stress,narrow,8,inf,cbs-batch-normal,hungarian,cbs,15,1030.1333,42.1949,1118,100,0,100,0,0,0,0,0,0,9.7226,0.3967,10.4058,430.6067,24.8779,484.51,369.24,24.0289,424.42,61.3667,2.1475,65.75,6136.6667,214.7482,6575,6361.6,234.4111,6971,47.6667,13.1131,74,0,0,0,0,0,0,8,0,8,0.1333,0.3519,1,2.5333,2.669,8,2.5333,2.669,8,0,0,0,0,0,0,0,0,0,280.2,9.0885,303,11795.8,6109.9633,24693,558891.7333,389398.0624,1417756,1182.2874,742.7246,2701.2809,11.1995,2.3797,17.7457,1.1451,0.7198,2.6483,0.7451,0.0203,0.7769,0.6913,0.0615,0.7876,1030.1333,42.1949,1118,8241.0667,337.5592,8944,0,0,0,0,0,0,0,0,0,0,0,0,36.5333,7.4629,50,4.9333,2.9873,13,8.6667,4.7006,22,27.4,7.3659,43,27.4,7.3659,43,1.3333,0.8997,4,0.0727,0.015,0.0958
stress,narrow,8,inf,cbs-batch-normal,pact-proxy,cbs,15,1011.8,54.6916,1121,100,0,100,0,0,0,0,0,0,9.9107,0.5425,11.0011,416.0207,27.2372,459.36,355.7087,25.1731,393.33,60.312,2.7586,66.03,6031.2,275.8572,6603,6227.8667,302.3541,6795,46.0667,14.469,70,0,0,0,0,0,0,7.8667,0.5164,8,0.2667,0.4577,1,3,2.6186,8,3,2.6186,8,0,0,0,0,0,0,0,0,0,275.7333,14.0431,301,11246.7333,6061.1209,22130,601932.4667,516588.4504,2030278,1239.0299,928.4292,3560.6352,14.5099,3.0214,22.1665,1.2477,0.9741,3.7879,0.7456,0.0195,0.808,0.6999,0.0696,0.8194,1011.8,54.6916,1121,8094.4,437.5328,8968,0,0,0,0,0,0,0,0,0,0,0,0,36.2,9.7263,56,5.6667,4.2032,14,10.4,7.0285,23,30.6,7.6139,47,30.6,7.6139,47,1.2,0.5606,3,0.0718,0.0113,0.0901
stress,narrow,8,inf,cbs-batch-normal,pact,cbs,15,1017.9333,36.9371,1109,100,0,100,0,0,0,0,0,0,9.8358,0.3536,10.661,435.302,25.7989,503.17,375.104,24.8692,440.79,60.198,1.4169,62.38,6019.8,141.6914,6238,6252.6,195.6001,6610,49.4667,13.5587,70,0,0,0,0,0,0,7.9333,0.2582,8,0.1333,0.3519,1,3.3333,2.6367,8,3.3333,2.6367,8,0,0,0,0,0,0,0,0,0,274.8,9.6968,296,13012.2,5071.9472,20922,542154,251188.8458,1026495,1222.2522,521.6715,2157.4342,47.7027,7.4369,64.5856,1.1934,0.5001,2.1488,0.7396,0.0142,0.7532,0.6783,0.0525,0.7685,1017.9333,36.9371,1109,8143.4667,295.4971,8872,0,0,0,0,0,0,0,0,0,0,0,0,33.8667,7.4533,50,6.1333,3.2704,11,11.1333,5.7801,20,31.6,8.5256,46,31.6,8.5256,46,1.5333,1.1872,5,0.0809,0.0158,0.1096
stress,narrow,8,inf,cbs-batch-normal,greedy,cbs,15,1019.6667,40.3868,1072,100,0,100,0,0,0,0,0,0,9.8222,0.4088,10.9529,428.674,24.9338,494.44,368.0233,23.0184,429.19,60.6507,2.4247,65.25,6065.0667,242.4719,6525,6295.6,260.0175,6792,41.3333,14.3162,81,0,0,0,0,0,0,7.9333,0.2582,8,0.0667,0.2582,1,2.8,2.4553,8,2.8,2.4553,8,0,0,0,0,0,0,0,0,0,278.9333,8.7298,292,10751.5333,5804.0446,21780,427942.2,283501.3332,1065277,940.564,581.6351,2201.3811,9.9112,2.1833,16.8937,0.9247,0.5837,2.2578,0.7437,0.0151,0.775,0.696,0.0459,0.7772,1019.6667,40.3868,1072,8157.3333,323.0946,8576,0,0,0,0,0,0,0,0,0,0,0,0,34,8.124,50,4.8667,3.4407,15,8.2,5.1018,24,28.8667,5.7305,38,28.8667,5.7305,38,1.2,0.7746,4,0.076,0.0155,0.1004
stress,narrow,8,inf,cbs-batch-stress,hungarian,cbs,15,1294.6,101.288,1524,100,0,100,0,0,0,0,0,0,7.7655,0.5646,8.5324,657.504,31.8043,709.39,598.612,29.8909,647.37,58.892,2.3175,63.42,5889.2,231.7459,6342,6649.5333,318.2539,7329,47.0667,18.2462,90,0,0,0,0,0,0,18.8667,3.0675,24,0.2,0.414,1,2.4667,3.3566,11,2.4667,3.3566,11,0,0,0,0,0,0,0,0,0,332.6667,20.4997,372,10033.5333,7312.5038,27470,454261.6667,453045.9423,1750937,984.0091,902.0356,3537.2563,12.3394,3.117,19.9359,0.7498,0.6751,2.7527,0.5704,0.0282,0.606,0.3996,0.1823,0.7761,1294.6,101.288,1524,10356.8,810.3039,12192,0,0,0,0,0,0,0,0,0,0,0,0,120.6667,38.8508,178,6.4667,3.4407,12,11.6667,5.8878,24,30.8,7.966,48,30.8,7.966,48,4.5333,1.2459,5,0.0445,0.0083,0.0535
stress,narrow,8,inf,cbs-batch-stress,pact-proxy,cbs,15,1244,62.145,1426,100,0,100,0,0,0,0,0,0,8.0558,0.3698,8.4746,646.186,27.5766,685.66,588.4287,25.743,623.55,57.7573,2.2936,62.11,5775.7333,229.3617,6211,6468.8667,263.6485,7040,38.6,14.1613,66,0,0,0,0,0,0,17.0667,1.8696,23,0.0667,0.2582,1,2.2667,2.7894,9,2.2667,2.7894,9,0,0,0,0,0,0,0,0,0,321,13.5541,358,9726.3333,5969.3125,22547,455956,355391.5758,1398046,961.1164,651.7001,2461.6445,16.7224,3.8024,23.1264,0.7813,0.5438,2.0046,0.5808,0.0181,0.602,0.3226,0.1133,0.6713,1244,62.145,1426,9952,497.1599,11408,0,0,0,0,0,0,0,0,0,0,0,0,125,46.892,201,4.4,1.8822,8,7.6,3.7378,14,29.2667,5.8244,44,29.2667,5.8244,44,4.5333,0.9155,5,0.0424,0.007,0.0519
stress,narrow,8,inf,cbs-batch-stress,pact,cbs,15,1232.4667,37.1923,1309,100,0,100,0,0,0,0,0,0,8.1208,0.248,8.7336,652.626,23.6097,703.02,595.1173,21.952,642.06,57.5087,1.9802,60.96,5750.8667,198.0227,6096,6447.9333,220.8061,6734,43.3333,17.4956,78,0,0,0,0,0,0,17.2,0.9411,19,0.0667,0.2582,1,2.4,2.5014,9,2.4,2.5014,9,0,0,0,0,0,0,0,0,0,320.1333,9.7531,340,11258.7333,5371.7332,25320,512299.6667,355685.3359,1655612,1092.0005,684.2458,3253.3969,64.2708,12.6946,84.7436,0.8834,0.5488,2.6195,0.5833,0.013,0.5991,0.2936,0.046,0.3885,1232.4667,37.1923,1309,9859.7333,297.5383,10472,0,0,0,0,0,0,0,0,0,0,0,0,110.4,36.1639,171,5.6667,3.6187,12,9.8667,5.7801,19,32.1333,7.7078,45,32.1333,7.7078,45,4.8667,0.3519,5,0.039,0.0097,0.0568
stress,narrow,8,inf,cbs-batch-stress,greedy,cbs,15,1267.4,84.4493,1502,100,0,100,0,0,0,0,0,0,7.9195,0.4728,8.3126,663.5867,30.4876,742.63,605.482,28.622,679.63,58.1047,2.4594,63,5810.4667,245.9358,6300,6534.3333,318.2429,7275,41.2,10.5506,57,0,0,0,0,0,0,17.9333,2.5765,24,0.2,0.414,1,2.6,3.5416,11,2.6,3.5416,11,0,0,0,0,0,0,0,0,0,326.2667,20.7346,375,10689.4667,7647.7347,28665,538243.7333,561757.4851,2137427,1126.4934,1062.736,4042.9561,10.9772,1.925,15.4889,0.8971,0.8524,3.1709,0.574,0.0202,0.5967,0.3593,0.1694,0.8262,1267.4,84.4493,1502,10139.2,675.5945,12016,0,0,0,0,0,0,0,0,0,0,0,0,114.8,37.5846,187,5.8,3.2116,13,9.9333,5.23,21,31.2667,6.8501,40,31.2667,6.8501,40,4.8,0.414,5,0.0407,0.008,0.0564
stress,narrow,16,0.15,pp-poisson-normal,hungarian,pp,15,749.4667,70.3663,910,100,0,100,0,0,0,0,0,0,13.4496,1.2266,15.5763,59.2327,4.1867,65.53,5.368,1.9582,8.9,53.8647,2.8422,58.11,5386.4667,284.2242,5811,7521.4,348.2273,8056,97.8667,28.5404,160,0,0,0,0,0,0,5.4,2.2615,11,0.3333,0.6172,2,0,0,0,0,0,0,0,0,0,0,0,0,0,0,0,187.4,9.2412,200,2892.5333,157.2422,3124,108472.4,20091.0227,142200,193.7761,20.2652,223.009,8.0414,0.7272,9.4199,0.2619,0.0436,0.3296,0.4532,0.0511,0.5581,0.375,0.0708,0.5128,749.4667,70.3663,910,11991.4667,1125.86,14560,0,0,0,0,0,0,0,0,0,0,0,0,24.7333,7.0657,38,7.8,2.7826,14,14.5333,5.2354,24,46.4,11.9032,74,46.4,11.9032,74,9.4667,10.9991,40,0.1012,0.0162,0.1286
stress,narrow,16,0.15,pp-poisson-normal,pact-proxy,pp,15,760.4667,85.0251,950,100,0,100,0,0,0,0,0,0,13.2942,1.3924,15.2905,58.938,5.0912,70.4,6.218,2.8692,12.17,52.72,2.7341,58.6,5272,273.4141,5860,7485.2667,238.4709,7867,92.7333,17.7421,124,0,0,0,0,0,0,6.1333,2.1668,10,0.1333,0.3519,1,0,0,0,0,0,0,0,0,0,0,0,0,0,0,0,191.4667,10.2111,207,2937.4,146.857,3142,104215.1333,19336.6111,152303,188.6268,28.5997,248.0316,11.2331,2.8455,20.2719,0.2531,0.0589,0.3702,0.439,0.0588,0.5466,0.3909,0.0579,0.4663,760.4667,85.0251,950,12167.4667,1360.4015,15200,0,0,0,0,0,0,0,0,0,0,0,0,24.2,7.948,45,8.0667,2.1865,12,15.2,4.4272,21,43.6,10.9074,63,43.6,10.9074,63,16.2667,20.8685,65,0.1035,0.0171,0.137
stress,narrow,16,0.15,pp-poisson-normal,pact,pp,15,744.2667,56.4617,870,100,0,100,0,0,0,0,0,0,13.506,0.9914,15.1976,59.9913,4.639,67.12,5.9427,2.3678,11.24,54.0487,3.0722,58.62,5404.8667,307.2181,5862,7507.4,274.3816,7949,92.5333,21.9801,136,0,0,0,0,0,0,6.4667,1.9952,10,0.4,0.6325,2,0,0,0,0,0,0,0,0,0,0,0,0,0,0,0,188.1333,10.3983,204,3629.2,211.0894,4015,126172.0667,17957.1133,155494,234.3274,28.6799,296.7188,56.6841,9.8332,73.5592,0.3179,0.055,0.4338,0.4574,0.0541,0.5568,0.3924,0.047,0.4601,744.2667,56.4617,870,11908.2667,903.3872,13920,0,0,0,0,0,0,0,0,0,0,0,0,22.6,5.6921,35,6.8667,2.6421,15,12.6667,5.314,24,42.7333,8.7134,57,42.7333,8.7134,57,16.1333,26.0655,92,0.1034,0.0203,0.1372
stress,narrow,16,0.15,pp-poisson-normal,greedy,pp,15,746.5333,65.6646,896,100,0,100,0,0,0,0,0,0,13.4886,1.142,15.083,60.33,4.3808,69.61,6.1153,2.6942,13.44,54.2147,2.3429,57.22,5421.4667,234.2861,5722,7583,281.4244,8206,91.4,18.3879,126,0,0,0,0,0,0,6,1.5584,10,0.2,0.5606,2,0,0,0,0,0,0,0,0,0,0,0,0,0,0,0,189.2667,11.1064,207,2900.8,136.8295,3163,105233,15231.3666,134674,191.2751,33.3637,282.0884,8.0933,2.1561,13.3632,0.2599,0.0606,0.4255,0.457,0.043,0.5358,0.3911,0.0601,0.4909,746.5333,65.6646,896,11944.5333,1050.6334,14336,0,0,0,0,0,0,0,0,0,0,0,0,23.7333,5.5609,42,7.6,2.8234,15,14.2,5.3612,22,42.3333,11.0626,70,42.3333,11.0626,70,6.2667,5.1335,21,0.1049,0.0168,0.1393
stress,narrow,16,0.15,pp-poisson-stress,hungarian,pp,15,1142.8667,490.0545,2617,99.8,0.5606,100,0.2,0.5606,2,0.1333,0.3519,1,9.6095,2.244,11.5875,179.5815,41.3806,247.88,118.158,39.4362,184.76,61.4236,3.2445,70.102,6129,300.7526,6870,7290.9333,223.8301,7537,703.4667,1630.7178,5403,0,0,0,2.9333,1.9445,6,25.0667,2.0862,28,0.3333,0.8165,3,0,0,0,0,0,0,0,0,0,0,0,0,0,0,0,299.5333,98.0575,595,2933,861.1053,5470,143378.2667,83246.9644,398570,255.1724,103.103,581.4601,9.5738,1.1711,11.6686,0.2262,0.0298,0.2874,0.3745,0.0621,0.4416,0.4724,0.1024,0.6041,1142.8667,490.0545,2617,18285.8667,7840.8719,41872,0,0,0,0,0,0,0,0,0,2.9333,1.9445,6,178.8,334.0112,1001,220.9333,517.512,1759,226.4,521.6622,1764,246.6667,513.5021,1764,246,513.7751,1764,208,14.8276,227,0.0004,0.0004,0.0012
stress,narrow,16,0.15,pp-poisson-stress,pact-proxy,pp,15,1004.6,239.2709,1840,99.9333,0.2582,100,0.0667,0.2582,1,0.0667,0.2582,1,10.2784,1.5228,12.0482,155.2859,32.9761,227.91,95.1094,32.1483,165.56,60.1765,2.5197,62.43,6013.6667,253.0837,6243,7302.6667,267.8893,7566,191.8667,323.0915,1329,0,0,0,2.2667,0.9612,4,25.6667,1.7182,28,0.6667,0.8165,2,0,0,0,0,0,0,0,0,0,0,0,0,0,0,0,272.7333,46.9627,435,2779.3333,571.9162,4819,117724.0667,19837.889,174513,228.7213,36.5816,335.5436,14.7481,2.7153,20.1508,0.2312,0.0288,0.2806,0.3892,0.0528,0.4459,0.4834,0.072,0.565,1004.6,239.2709,1840,16073.6,3828.3337,29440,0,0,0,0,0,0,0,0,0,2.2667,0.9612,4,124.6667,243.9088,1001,99.6667,272.4455,1076,111.8,274.7464,1076,131.5333,268.2277,1076,131.5333,268.2277,1076,202,20.5913,237,0.0006,0.0005,0.0015
stress,narrow,16,0.15,pp-poisson-stress,pact,pp,15,1039.4667,283.0126,2024,99.6667,1.291,100,0.3333,1.291,5,0.0667,0.2582,1,10.0083,1.7131,12.4378,171.9989,42.0782,256.53,111.0042,40.8903,193.67,60.9947,2.432,66.01,6080.2,279.0428,6601,7202.7333,286.2243,7768,533.9333,1392.2049,5547,0,0,0,3.2,1.2649,6,24.6667,1.3973,28,0.4,0.6325,2,0,0,0,0,0,0,0,0,0,0,0,0,0,0,0,280.7333,58.6509,484,3646.4667,604.0331,5597,156012.8667,40911.5815,286764,319.0026,71.1524,462.8779,71.5364,16.0466,95.9561,0.3146,0.0717,0.4541,0.3887,0.0449,0.4512,0.4752,0.0859,0.5821,1039.4667,283.0126,2024,16631.4667,4528.2014,32384,0,0,0,0,0,0,0,0,0,3.2,1.2649,6,111.4667,246.4957,1001,182.6,415.3076,1668,186.3333,414.2326,1668,202.2667,408.3041,1668,202.2667,408.3041,1668,203.4,13.0373,222,0.0004,0.0003,0.001
stress,narrow,16,0.15,pp-poisson-stress,greedy,pp,15,989.8667,60.5497,1106,100,0,100,0,0,0,0,0,0,10.1383,0.6316,11.5075,180.3287,46.6817,239.06,118.3847,46.3223,180.1,61.944,1.7576,65.33,6194.4,175.7644,6533,7431.8667,277.6789,8032,134.7333,76.9429,282,0,0,0,2.7333,1.0998,5,25.5333,1.8465,28,0.4667,0.9155,3,0,0,0,0,0,0,0,0,0,0,0,0,0,0,0,271.8667,17.0875,305,2652.8667,116.139,2889,114059.0667,13634.5883,136950,214.9689,31.1599,264.1652,9.6762,2.5484,16.3021,0.2171,0.0288,0.2743,0.3922,0.022,0.4296,0.518,0.0457,0.5746,989.8667,60.5497,1106,15837.8667,968.7953,17696,0,0,0,0,0,0,0,0,0,2.7333,1.0998,5,59.7333,22.4068,103,54.6667,55.1345,206,55.6667,54.0987,206,73.0667,42.9476,206,72.5333,43.2647,206,197.6667,17.224,224,0.0006,0.0005,0.0018
stress,narrow,16,inf,pp-batch-normal,hungarian,pp,15,558.3333,32.5218,603,100,0,100,0,0,0,0,0,0,17.9676,1.0526,19.5313,254.4867,8.025,270.63,184.9133,5.981,195.63,69.5733,2.6637,75,6957.3333,266.374,7500,7265.4667,242.8756,7827,118.2,16.5409,150,0,0,0,0,0,0,4.4,1.8439,8,1.6,1.6818,6,0,0,0,0,0,0,0,0,0,0,0,0,0,0,0,181.2667,8.2589,194,2797.8,118.9347,2998,171167.1333,11751.5546,191570,281.062,24.5784,334.0352,10.7799,4.5351,23.0202,0.5043,0.0442,0.5586,0.7813,0.0545,0.8861,0.3783,0.0534,0.4901,558.3333,32.5218,603,8933.3333,520.3486,9648,0,0,0,0,0,0,0,0,0,0,0,0,22.8,8.0107,43,9,2.952,15,15.9333,4.9493,21,68.4,34.9833,156,68.4,34.9833,156,4.6667,4.0999,17,0.0979,0.0259,0.1528
stress,narrow,16,inf,pp-batch-normal,pact-proxy,pp,15,546,42.6832,624,100,0,100,0,0,0,0,0,0,18.4173,1.4059,20.4082,253.4167,13.6417,278.21,183.762,10.882,203.41,69.6547,3.06,74.8,6965.4667,306,7480,7192.8667,357.3683,7824,128.2667,30.2925,197,0,0,0,0,0,0,4.4,1.7647,8,1.2667,1.0998,3,0,0,0,0,0,0,0,0,0,0,0,0,0,0,0,177.3333,10.4926,194,2742.8667,132.4683,2916,170985,17293.6863,207100,280.272,23.2642,311.9469,11.1475,3.3806,22.481,0.5149,0.0472,0.6221,0.8003,0.0499,0.8691,0.369,0.0569,0.4887,546,42.6832,624,8736,682.9315,9984,0,0,0,0,0,0,0,0,0,0,0,0,23.5333,7.3472,40,8.5333,2.5598,14,16.6,4.9685,23,69.0667,18.3477,113,69.0667,18.3477,113,4.8,4.6782,21,0.0954,0.0304,0.1767
stress,narrow,16,inf,pp-batch-normal,pact,pp,15,565.5333,51.4169,660,100,0,100,0,0,0,0,0,0,17.814,1.5544,19.9601,255.0727,9.316,276.48,186.852,8.4222,207.01,68.2207,2.1056,71.87,6822.0667,210.5559,7187,7182.4,217.5841,7450,130.7333,21.3958,169,0,0,0,0,0,0,5.2667,1.9809,8,1.8,1.3202,4,0,0,0,0,0,0,0,0,0,0,0,0,0,0,0,184.4667,12.1059,208,3213.3333,203.1181,3644,191198.4,14011.9157,212504,314.4186,32.8511,390.4371,38.4615,5.0677,46.8503,0.5608,0.0824,0.723,0.7597,0.0718,0.8476,0.3979,0.0703,0.577,565.5333,51.4169,660,9048.5333,822.67,10560,0,0,0,0,0,0,0,0,0,0,0,0,26.8667,7.809,42,7.6667,2.6367,15,14.8,3.8951,24,60.8667,12.1647,84,60.8667,12.1647,84,10.4667,17.0707,65,0.0969,0.0236,0.1392
stress,narrow,16,inf,pp-batch-normal,greedy,pp,15,544.7333,26.3993,592,100,0,100,0,0,0,0,0,0,18.3976,0.884,19.5313,256.336,9.8293,270.84,186.7927,7.8367,197.04,69.5433,2.5056,74.13,6954.3333,250.5633,7413,7189.9333,271.3581,7666,130.0667,26.6551,173,0,0,0,0,0,0,4.6,1.0556,7,1.6,0.8281,3,0,0,0,0,0,0,0,0,0,0,0,0,0,0,0,178.2667,8.6228,193,2745.5333,108.9101,2889,176725.7333,14668.4261,199684,286.6358,39.0219,376.6963,8.4136,2.4366,16.4456,0.5266,0.0688,0.6495,0.7995,0.0447,0.8677,0.3798,0.0542,0.488,544.7333,26.3993,592,8715.7333,422.389,9472,0,0,0,0,0,0,0,0,0,0,0,0,22.6,8.7244,41,8.1333,3.1593,14,15.4,4.4045,23,62,18.8717,103,62,18.8717,103,4.1333,1.2459,5,0.1006,0.0193,0.1404
stress,narrow,16,inf,pp-batch-stress,hungarian,pp,15,1360.0667,565.9814,2462,99.3333,1.1127,100,0.6667,1.1127,3,0.3333,0.488,1,8.3629,2.7655,11.534,472.6596,24.4557,515.9,411.1115,23.8472,450.28,61.548,1.9992,65.62,6114.6667,236.3036,6562,7340.8,246.7104,7855,1132.2667,1471.2328,3710,0,0,0,4.2,1.7403,9,24.6,1.6388,28,0.6,0.8281,2,0,0,0,0,0,0,0,0,0,0,0,0,0,0,0,348.4,113.0523,566,3306.0667,1244.0526,6063,213670.6,139790.9541,500493,306.7259,159.5551,673.1976,9.7508,1.5636,14.0756,0.2245,0.0552,0.3276,0.3451,0.0789,0.4472,0.4303,0.0954,0.5632,1360.0667,565.9814,2462,21761.0667,9055.7021,39392,0,0,0,0,0,0,0,0,0,4.2,1.7403,9,399.6,441.1109,1001,413.8,535.4552,1425,468.3333,597.1564,1499,481.2667,589.4174,1501,481.2667,589.4174,1501,213.3333,13.5471,236,0.0002,0.0002,0.0006
stress,narrow,16,inf,pp-batch-stress,pact-proxy,pp,15,1026.2667,271.0252,1972,99.8,0.7746,100,0.2,0.7746,3,0.0667,0.2582,1,10.1178,1.6442,12.0192,465.0179,26.7083,503.62,404.2262,26.0301,444.42,60.7917,2.4053,65.36,6067.0667,246.4611,6536,7242.6667,290.7789,7772,333.6,749.3969,3011,0,0,0,3.6,1.2421,6,23.8,2.2104,27,0.2667,0.5936,2,0,0,0,0,0,0,0,0,0,0,0,0,0,0,0,279,53.0875,463,2618.2667,679.2159,5047,118042.6667,11145.3645,133621,203.8595,28.2772,247.882,13.9615,2.3776,19.1423,0.206,0.0419,0.2601,0.3905,0.0435,0.4579,0.4664,0.0744,0.5867,1026.2667,271.0252,1972,16420.2667,4336.4026,31552,0,0,0,0,0,0,0,0,0,3.6,1.2421,6,155.2,236.9066,1001,145.8667,377.0032,1487,151.4667,375.4363,1487,174.1333,367.5338,1487,174.1333,367.5338,1487,215.1333,12.6031,232,0.0003,0.0004,0.0012
stress,narrow,16,inf,pp-batch-stress,pact,pp,15,1181.5333,415.906,1980,99.6,0.8281,100,0.4,0.8281,2,0.2,0.414,1,9.1897,2.3607,12.7226,470.9728,28.5998,533.85,410.7284,28.0459,472.6,60.2444,1.2809,62.39,6000.5333,145.4289,6239,7201.9333,177.0183,7421,695.9333,1149.6765,3382,0,0,0,4.4,1.7238,8,22.9333,1.7512,26,0.3333,0.6172,2,0,0,0,0,0,0,0,0,0,0,0,0,0,0,0,311.2,83.6892,481,3872.8,875.9765,5587,190276.8667,91022.142,450231,307.147,95.5348,576.0083,70.7993,11.3255,93.1483,0.2669,0.0474,0.3558,0.358,0.0665,0.461,0.4211,0.1007,0.5455,1181.5333,415.906,1980,18904.5333,6654.4967,31680,0,0,0,0,0,0,0,0,0,4.4,1.7238,8,264.2667,381.9195,1001,263.0667,442.7333,1168,267.1333,440.9904,1169,282.9333,431.9141,1169,279.4,428.7941,1169,205.6667,25.7146,239,0.0003,0.0003,0.0011
stress,narrow,16,inf,pp-batch-stress,greedy,pp,15,1358.2667,590.285,2287,98.9333,1.9445,100,1.0667,1.9445,6,0.3333,0.488,1,8.5164,3.0955,13.0039,485.3577,35.0241,569.6327,424.6412,33.7805,506.7143,60.7165,3.219,68.1633,6007.4667,347.2035,6680,7080.9333,302.1649,7610,1599.8667,2226.8861,6289,0,0,0,4.8,2.2104,8,23.1333,1.9952,26,13.8667,51.7768,201,0,0,0,0,0,0,0,0,0,0,0,0,0,0,0,346.8667,119.3888,530,3148.4,1054.5996,5053,178327.3333,122806.5698,509875,258.2629,134.3907,614.804,9.2769,1.7092,12.8893,0.1957,0.0535,0.2754,0.3549,0.0771,0.4878,0.3896,0.0972,0.5292,1358.2667,590.285,2287,21732.2667,9444.5596,36592,0,0,0,0,0,0,0,0,0,4.8,2.2104,8,385.9333,450.5558,1001,600.2667,765.4181,1794,607.6,769.9416,1794,619.1333,765.2478,1794,619.1333,765.2478,1794,210.6667,11.3179,232,0.0002,0.0001,0.0004
stress,narrow,16,0.15,cbs-poisson-normal,hungarian,cbs,15,744.2,74.5292,919,100,0,100,0,0,0,0,0,0,13.5584,1.3059,15.9236,55.8873,3.131,60.78,4.644,1.5487,7.17,51.2433,2.2019,55.02,5124.3333,220.1871,5502,7327.6667,337.683,7998,92.8,22.2909,147,0,0,0,0,0,0,5.1333,2.4746,11,0.2667,0.5936,2,0.4667,0.7432,2,0.4667,0.7432,2,0,0,0,0,0,0,0,0,0,184.0667,9.8232,197,6591.9333,2134.0126,11243,228474.4667,91641.5003,435906,541.5681,206.4507,1000.5118,9.327,2.2116,16.0225,0.7402,0.3127,1.5113,0.4344,0.0471,0.5167,0.3835,0.0743,0.5692,744.2,74.5292,919,11907.2,1192.467,14704,0,0,0,0,0,0,0,0,0,0,0,0,24.4667,7.2197,40,7.5333,2.6421,13,14.3333,4.4508,22,40.6667,8.3038,54,40.6667,8.3038,54,5.8,4.7988,23,0.115,0.0159,0.1382
stress,narrow,16,0.15,cbs-poisson-normal,pact-proxy,cbs,15,752.8667,82.4013,950,100,0,100,0,0,0,0,0,0,13.4212,1.3663,15.2672,56.3067,4.3595,65.19,5.4333,2.4422,10.97,50.8733,2.2812,55.34,5087.3333,228.1233,5534,7338.3333,231.9004,7681,92.3333,22.7334,155,0,0,0,0,0,0,5.5333,2.4162,10,0.1333,0.5164,2,0.3333,0.7237,2,0.3333,0.7237,2,0,0,0,0,0,0,0,0,0,185.2667,11.2534,201,5515.0667,2016.9737,10413,171588.2,51340.5216,253150,420.7604,146.1665,716.1556,11.8623,1.4928,16.1537,0.5713,0.2288,1.0455,0.4274,0.0533,0.5281,0.3803,0.0607,0.51,752.8667,82.4013,950,12045.8667,1318.4215,15200,0,0,0,0,0,0,0,0,0,0,0,0,26.8667,8.1229,46,7.8667,2.5875,14,14.5333,3.8148,21,39.6,5.5006,51,39.6,5.5006,51,13.6,22.1547,72,0.1033,0.0188,0.1348
stress,narrow,16,0.15,cbs-poisson-normal,pact,cbs,15,737.3333,58.0057,856,100,0,100,0,0,0,0,0,0,13.6384,1.0382,15.2439,56.9387,3.2182,61.33,5.1953,1.9533,9.06,51.7433,2.2804,55.02,5174.3333,228.0356,5502,7362.8,264.2356,7731,84.7333,20.8377,122,0,0,0,0,0,0,5.6,1.9198,9,0.1333,0.5164,2,1.0667,1.7915,6,1.0667,1.7915,6,0,0,0,0,0,0,0,0,0,183.8667,12.7216,207,7830.5333,3978.636,18926,247317.8667,103833.355,485668,617.2314,353.924,1615.4782,56.4015,7.992,68.6866,0.8484,0.5094,2.3345,0.4416,0.0447,0.5242,0.3672,0.0514,0.4632,737.3333,58.0057,856,11797.3333,928.0919,13696,0,0,0,0,0,0,0,0,0,0,0,0,21.3333,6.9041,44,6.8,1.8593,12,12.9333,3.9545,22,42.2,14.3338,75,42.2,14.3338,75,7.0667,5.431,22,0.1016,0.0104,0.1129
stress,narrow,16,0.15,cbs-poisson-normal,greedy,cbs,15,743.3333,61.3522,890,100,0,100,0,0,0,0,0,0,13.5354,1.0758,15.1057,56.978,3.3645,61.89,5.2327,1.9868,9.57,51.7453,2.2416,55.33,5174.5333,224.1609,5533,7455.1333,287.1214,8010,84.2667,21.6579,131,0,0,0,0,0,0,5.3333,1.3452,7,0.2667,0.4577,1,1.0667,1.387,4,1.0667,1.387,4,0,0,0,0,0,0,0,0,0,184.8,10.2134,203,6914.9333,3389.846,12903,198236.7333,82690.4871,411561,506.874,253.7762,1045.9487,8.7457,2.124,14.3586,0.6873,0.3625,1.58,0.4373,0.035,0.5073,0.3784,0.061,0.4839,743.3333,61.3522,890,11893.3333,981.6356,14240,0,0,0,0,0,0,0,0,0,0,0,0,22.8667,7.4916,42,7.9333,3.1045,15,13.2,5.2942,24,40.3333,9.3707,58,40.3333,9.3707,58,4.7333,0.4577,5,0.1044,0.0167,0.1261
stress,narrow,16,0.15,cbs-poisson-stress,hungarian,cbs,15,1190.3333,560.3346,2653,99.1333,1.8848,100,0.8667,1.8848,6,0.2,0.414,1,9.5029,2.7255,12.0192,164.268,32.2022,209.63,105.2397,32.2462,150.1959,59.0283,2.7322,63.4896,5853.7333,325.9243,6184,7096.4667,281.3295,7525,1279.7333,2633.3451,8966,0,0,0,3.0667,2.7637,11,25.0667,2.0862,28,0.7333,1.387,4,14.3333,36.9414,147,14.3333,36.9414,147,0,0,0,0,0,0,0,0,0,312.6667,115.4647,616,41805.7333,89274.1465,362574,2838429.6,7523691.7492,29973176,5570.2098,12855.6391,51808.9406,13.9243,4.0298,25.2512,3.4293,4.6647,19.5284,0.3759,0.0546,0.4519,0.4564,0.1417,0.5694,1190.3333,560.3346,2653,19045.3333,8965.3528,42448,0,0,0,0,0,0,0,0,0,3.0667,2.7637,11,243.6,392.4667,1001,313.4667,609.8816,1616,321.2,611.1916,1617,336.2667,603.6327,1617,331.0667,606.026,1617,198.2,17.6926,221,0.0041,0.0137,0.0536
stress,narrow,16,0.15,cbs-poisson-stress,pact-proxy,cbs,15,1017.1333,380.5541,2372,99.8667,0.5164,100,0.1333,0.5164,2,0.0667,0.2582,1,10.4713,1.9375,12.5156,150.194,36.603,242.4898,91.4865,35.2166,180.3878,58.7075,2.5981,62.102,5862.4667,250.0137,6117,7119.1333,297.0543,7549,471.4,1351.2009,5339,0,0,0,2.5333,1.5523,6,25.2,2.1112,29,0.3333,0.6172,2,7.6667,10.9848,45,7.6667,10.9848,45,0,0,0,0,0,0,0,0,0,275,77.902,551,24128.6,22796.3691,99179,3043656.7333,8845232.4706,34993449,5759.3033,14218.5876,57024.0134,16.6742,2.2724,20.5017,3.7658,5.7318,24.0405,0.3892,0.0532,0.4579,0.4749,0.0724,0.5905,1017.1333,380.5541,2372,16274.1333,6088.8653,37952,0,0,0,0,0,0,0,0,0,2.5333,1.5523,6,118.8667,244.4036,1001,136.1333,377.2229,1488,140.7333,385.1221,1522,157.4,381.8681,1530,152.6667,383.2179,1530,198.8667,13.8763,220,0.0005,0.0005,0.0015
stress,narrow,16,0.15,cbs-poisson-stress,pact,cbs,15,933.6667,76.1968,1043,100,0,100,0,0,0,0,0,0,10.7814,0.9359,13.1062,154.382,38.3121,228.95,95.392,36.8896,168.23,58.99,2.6191,62.96,5899,261.9089,6296,7070.8667,299.3254,7564,132.7333,83.5801,297,0,0,0,2.6,0.9103,4,24.8667,1.8074,28,0.3333,0.488,1,4.4667,2.9488,11,4.4667,2.9488,11,0,0,0,0,0,0,0,0,0,258,17.9165,286,18249.5333,7724.7899,36862,741398.4667,366444.0152,1681245,2019.864,931.7922,3840.0164,72.2905,17.4812,116.3864,2.153,0.9377,4.107,0.3969,0.0316,0.4516,0.4905,0.0595,0.5689,933.6667,76.1968,1043,14938.6667,1219.1488,16688,0,0,0,0,0,0,0,0,0,2.6,0.9103,4,49.6667,12.6133,75,47.5333,43.3522,149,56.2,46.8069,149,69.6,38.2824,151,69.6,38.2824,151,198.1333,16.3614,221,0.0004,0.0004,0.0017
stress,narrow,16,0.15,cbs-poisson-stress,greedy,cbs,15,938.7333,68.9114,1071,100,0,100,0,0,0,0,0,0,10.7055,0.7736,11.9474,162.9647,41.006,220.72,103.5247,41.1383,161.09,59.44,2.0156,63.04,5944,201.5603,6304,7219.7333,278.7514,7660,79.6,30.0495,146,0,0,0,2.4,1.4041,5,25.1333,1.8074,28,0.2,0.414,1,4.6,5.6417,20,4.6,5.6417,20,0,0,0,0,0,0,0,0,0,260.4667,16.3745,295,16935.8,13132.0407,54612,747449.8667,574009.1618,2309285,1947.7661,1570.9536,6303.0943,12.5669,3.5908,24.4091,2.0728,1.6089,6.2842,0.3972,0.0249,0.4466,0.4956,0.053,0.6128,938.7333,68.9114,1071,15019.7333,1102.5824,17136,0,0,0,0,0,0,0,0,0,2.4,1.4041,5,59.3333,22.5505,103,18.2667,22.2501,72,24,20.7984,72,41.2667,14.5085,74,41.2667,14.5085,74,199.4667,14.9994,215,0.0004,0.0004,0.0013
stress,narrow,16,inf,cbs-batch-normal,hungarian,cbs,15,545.6667,37.877,605,100,0,100,0,0,0,0,0,0,18.4103,1.3021,21.0526,243.9107,7.8326,260.33,177.5927,5.7115,188.88,66.318,2.4182,71.45,6631.8,241.8164,7145,7011.0667,262.9971,7623,133.3333,33.6254,216,0,0,0,0,0,0,3.7333,1.6242,6,1.9333,0.8837,4,19.3333,6.6404,28,19.3333,6.6404,28,0,0,0,0,0,0,0,0,0,179.3333,10.1325,191,52664.5333,12969.1422,69676,2110055,541872.2493,2903267,6191.864,1579.6232,8195.5991,13.1589,3.7705,26.0778,11.425,3.1489,15.4327,0.7627,0.0555,0.8721,0.3908,0.0469,0.48,545.6667,37.877,605,8730.6667,606.0319,9680,0,0,0,0,0,0,0,0,0,0,0,0,25.6667,9.2324,43,8.4667,3.0907,13,17.5333,4.7036,25,40.6667,5.4336,49,40.6667,5.4336,49,3.9333,1.387,5,0.1045,0.0252,0.15
stress,narrow,16,inf,cbs-batch-normal,pact-proxy,cbs,15,515.5333,38.5818,610,100,0,100,0,0,0,0,0,0,19.4951,1.4054,21.7391,239.212,10.8213,259.07,173.6213,8.4361,189.8,65.5907,2.9128,70.27,6559.0667,291.284,7027,6889.7333,327.3123,7430,116.8,25.6437,171,0,0,0,0,0,0,3.8,1.6987,7,1.7333,1.831,5,18.8667,5.6299,28,18.8667,5.6299,28,0,0,0,0,0,0,0,0,0,170.5333,10.8947,193,53601.8,12074.2056,71902,2045218.1333,376014.3536,2891329,6153.1063,1155.4775,8141.8797,16.9693,7.1716,35.575,11.976,2.3147,16.6161,0.7981,0.052,0.8811,0.3694,0.0453,0.4761,515.5333,38.5818,610,8248.5333,617.3082,9760,0,0,0,0,0,0,0,0,0,0,0,0,23.1333,6.9986,32,8.3333,2.5261,13,15.8667,4.1208,22,40.6667,5.7528,51,40.6667,5.7528,51,4.9333,6.5188,28,0.1118,0.0325,0.1638
stress,narrow,16,inf,cbs-batch-normal,pact,cbs,15,541.1333,46.9587,625,100,0,100,0,0,0,0,0,0,18.6066,1.5699,20.79,243.2607,9.3429,260.02,178.1347,8.6424,195.42,65.126,1.6497,68.61,6512.6,164.9744,6861,6934.4,223.064,7261,135.3333,22.6169,169,0,0,0,0,0,0,4.7333,1.9445,8,1.7333,1.387,4,20.6,8.3563,39,20.6,8.3563,39,0,0,0,0,0,0,0,0,0,178.5333,13.2819,200,56076.4667,17808.3731,89562,2177731.8,632033.4664,3458121,6407.7296,1917.5141,9662.8858,43.4227,10.2227,64.8731,11.8645,3.468,16.5027,0.7573,0.0659,0.8584,0.3879,0.0556,0.5253,541.1333,46.9587,625,8658.1333,751.3399,10000,0,0,0,0,0,0,0,0,0,0,0,0,25,6.3696,36,10.9333,2.9873,16,18.8,4.2292,25,44.0667,11.0354,69,44.0667,11.0354,69,4.9333,6.0647,26,0.1007,0.0182,0.1371
stress,narrow,16,inf,cbs-batch-normal,greedy,cbs,15,520.6,39.5308,598,100,0,100,0,0,0,0,0,0,19.3114,1.4552,21.5054,242.694,9.9126,266.9,176.9273,8.0062,194.81,65.7667,2.5801,72.09,6576.6667,258.0126,7209,6899.3333,315.8322,7647,125.9333,16.943,153,0,0,0,0,0,0,3.7333,1.4376,6,1.6667,1.543,5,18.6667,11.0432,47,18.6667,11.0432,47,0,0,0,0,0,0,0,0,0,173.8,11.2897,194,51819,21704.3775,106611,2001472.5333,729073.5215,3850498,5876.6677,2391.9247,11847.4263,14.61,6.1808,26.9387,11.1863,4.1176,22.3959,0.793,0.0561,0.8864,0.3837,0.056,0.4726,520.6,39.5308,598,8329.6,632.4931,9568,0,0,0,0,0,0,0,0,0,0,0,0,22.2,8.8818,40,10.2667,3.3051,15,18.4,4.6721,25,45.6667,5.9241,55,45.6667,5.9241,55,3.8,1.3202,5,0.1147,0.0249,0.1483
stress,narrow,16,inf,cbs-batch-stress,hungarian,cbs,15,1189.7333,457.1679,2149,99.6667,0.7237,100,0.3333,0.7237,2,0.2,0.414,1,9.2135,2.3482,11.5875,464.0817,28.4857,511.8182,404.813,27.4528,451.7576,59.2688,2.2631,64.49,5907.4667,239.0863,6449,7132.2667,271.4163,7757,1012.6667,1950.7056,7030,0,0,0,4.5333,1.3558,7,23.5333,1.8848,26,0.5333,0.8338,3,8.2,8.9538,39,8.2,8.9538,39,0,0,0,0,0,0,0,0,0,312.4,90.6176,502,26103.9333,17480.023,84935,2052085,3036517.5459,12171610,4079.1482,3963.4173,16132.1795,14.2918,4.9193,30.5246,3.628,3.8499,16.8747,0.3532,0.0657,0.4369,0.4542,0.0852,0.5412,1189.7333,457.1679,2149,19035.7333,7314.6865,34384,0,0,0,0,0,0,0,0,0,4.5333,1.3558,7,273.2,378.2685,1001,282.2,501.5063,1532,352.3333,634.4959,1786,363.6667,631.6626,1802,357.8,634.6544,1802,212.2,11.124,225,0.0002,0.0003,0.001
stress,narrow,16,inf,cbs-batch-stress,pact-proxy,cbs,15,985.3333,295.3278,2023,99.8667,0.5164,100,0.1333,0.5164,2,0.0667,0.2582,1,10.6231,1.7918,12.1655,448.4636,24.5933,487.37,389.4924,23.5319,426.83,58.9712,2.1916,61.73,5889.7333,233.3641,6173,7043.4,294.8919,7519,217.4,311.7052,1293,0,0,0,3.4,1.2984,6,23.0667,1.7512,27,0.4667,0.6399,2,4.4667,3.5024,10,4.4667,3.5024,10,0,0,0,0,0,0,0,0,0,271.6667,57.5471,474,17756.5333,8181.9222,33637,826380.7333,361733.4058,1448604,2278.7862,1031.9609,4128.1915,23.9044,8.3596,38.7042,2.4408,1.1897,4.5767,0.3945,0.0597,0.4544,0.447,0.076,0.5763,985.3333,295.3278,2023,15765.3333,4725.2452,32368,0,0,0,0,0,0,0,0,0,3.4,1.2984,6,147.2667,238.2767,1001,127.2667,296.9814,1178,131.1333,295.3738,1178,142.3333,291.092,1178,142.3333,291.092,1178,215.4,11.6913,234,0.0004,0.0004,0.0012
stress,narrow,16,inf,cbs-batch-stress,pact,cbs,15,1237.4667,516.6278,2131,99.4,1.2421,100,0.6,1.2421,4,0.2667,0.4577,1,9.1477,2.9197,13.4409,461.4963,23.6998,510.6701,403.675,23.7502,454.9794,57.8214,2.0037,60.86,5748.9333,249.2112,6086,6933.9333,187.429,7153,1082.5333,1646.0441,5078,0,0,0,4.3333,1.7593,8,22.8,1.2649,25,0.3333,0.7237,2,4.5333,3.4407,12,4.5333,3.4407,12,0,0,0,0,0,0,0,0,0,321.8667,104.7684,503,18233.6667,8062.1771,34629,772543.8667,327928.241,1520673,2196.759,1061.4953,4492.4079,84.5078,18.8827,116.3151,2.1089,1.3636,5.2481,0.3523,0.0762,0.4584,0.4129,0.1038,0.5395,1237.4667,516.6278,2131,19799.4667,8266.0445,34096,0,0,0,0,0,0,0,0,0,4.3333,1.7593,8,327.2667,420.9828,1001,495.5333,745.7536,1778,501.6667,742.2173,1778,509.4,737.1342,1778,509.2667,737.2273,1778,207.6667,13.372,234,0.0002,0.0001,0.0004
stress,narrow,16,inf,cbs-batch-stress,greedy,cbs,15,1139.2,426.8665,2041,99.8667,0.3519,100,0.1333,0.3519,1,0.1333,0.3519,1,9.6045,2.4208,12.0048,457.5857,23.2734,507.73,397.8192,22.5223,446.38,59.7665,4.0875,70.91,5968.7333,409.2953,7091,7035.0667,292.8548,7568,606.6667,976.7832,2666,0,0,0,3.7333,1.0998,6,23.7333,1.5796,26,0.3333,0.488,1,8.7333,5.6121,22,8.7333,5.6121,22,0,0,0,0,0,0,0,0,0,303.2667,84.7656,481,27070.5333,11591.5877,52419,1457508.5333,1277812.0667,5798734,3777.9621,2525.8459,11468.2508,18.4153,7.8269,38.8257,3.5335,1.8533,6.2195,0.3623,0.0745,0.443,0.4546,0.088,0.547,1139.2,426.8665,2041,18227.2,6829.8644,32656,0,0,0,0,0,0,0,0,0,3.7333,1.0998,6,261.8667,366.4568,1001,267.4,452.8375,1209,296.9333,510.1338,1507,310.2667,504.6234,1509,307.9333,505.9476,1509,208.4,10.1122,227,0.0004,0.0004,0.0014
